Date,usdidr_lag1,sp500_lag1,oil_wti_lag1,dxy_lag1,vix_lag1,ust10y_lag1,fed_funds_rate_lag1,epu_lag1,indonia_lag1,bi_rate_lag1,inflasi_lag1,pdb_lag1,return_ihsg,return_ihsg_lag1,return_ihsg_lag2,return_ihsg_lag3,vol_roll5_lag1,vol_roll20_lag1
2019-06-19,95.5,28.080078125,1.970001220703125,0.0800018310546732,15.149999618530272,-0.0299999999999998,-0.0099999999999997,64.19,-0.0441500000000001,0.0,0.0,0.0,0.0130088015057836,0.0107337074996432,-0.0096040031821833,-0.003643901182669,0.007606402601271144,0.010694461349110484
2019-06-20,-124.0,8.7099609375,-0.1400032043457031,-0.519996643066392,14.329999923706056,-0.0300000000000002,0.0,-68.46,-0.0140500000000001,0.0,0.0,0.0,-0.0005623630861736,0.0130088015057836,0.0107337074996432,-0.0096040031821833,0.009620212791986051,0.010656565996943068
2019-06-21,-9.5,27.719970703125,2.890003204345703,-0.4900054931640909,14.75,-0.02,0.0,38.78,0.0501800000000001,0.0,0.0,0.0,-0.0032032265111334,-0.0005623630861736,0.0130088015057836,0.0107337074996432,0.009624742256794657,0.009895839967411273
2019-06-24,-138.0,-3.719970703125,0.779998779296875,-0.4099960327148295,15.399999618530272,0.06,0.0099999999999997,62.24999999999999,-0.0659499999999999,0.0,0.0,0.0,-0.0042798230221555,-0.0032032265111334,-0.0005623630861736,0.0130088015057836,0.009562108874934708,0.009162014575504664
2019-06-25,6.0,-5.10986328125,0.470001220703125,-0.2399978637695312,15.260000228881836,-0.0499999999999998,0.0,-86.16999999999999,0.1036399999999995,0.0,0.0,0.0,0.0050726113335655,-0.0042798230221555,-0.0032032265111334,-0.0005623630861736,0.008124891133701644,0.008648094017686877
2019-06-26,35.0,-27.97021484375,-0.0699996948242187,0.1800003051757812,16.280000686645508,-0.02,0.0,-18.56,-0.0533099999999997,0.0,0.0,0.0,-0.0015764561939169,0.0050726113335655,-0.0042798230221555,-0.0032032265111334,0.007136347800150873,0.008339911196942265
2019-06-27,-65.0,-3.599853515625,1.5499992370605469,0.0499954223632812,16.209999084472656,0.0499999999999998,0.0,68.32,0.0318100000000001,0.0,0.0,0.0,0.0066683543011151,-0.0015764561939169,0.0050726113335655,-0.0042798230221555,0.003639067482629249,0.008352007016999459
2019-06-28,97.5,11.139892578125,0.0499992370605468,-0.0199966430664204,15.81999969482422,-0.04,0.0,-78.42999999999999,-0.0485899999999999,0.0,0.0,0.0,0.0009312859647801,0.0066683543011151,-0.0015764561939169,0.0050726113335655,0.004995574258618259,0.008308412013487412
2019-07-01,-31.0,16.840087890625,-0.9599990844726562,-0.0600051879882812,15.079999923706056,-0.0099999999999997,0.02,65.39999999999999,0.0115899999999999,0.0,0.0,0.0,0.0033064181698627,0.0009312859647801,0.0066683543011151,-0.0015764561939169,0.004543573255184255,0.0078079984831367286
2019-07-02,-63.5,22.570068359375,0.6199989318847656,0.7099990844726705,14.0600004196167,0.0299999999999998,-0.0099999999999997,45.140000000000015,-0.0477400000000001,0.0,0.0,0.0,0.00081631495958,0.0033064181698627,0.0009312859647801,0.0066683543011151,0.003278661786683185,0.007802367077856606
2019-07-03,29.0,8.679931640625,-2.84000015258789,-0.1099929809570312,12.93000030517578,-0.0499999999999998,0.0099999999999997,-30.5,0.0026599999999996,0.0,0.0,0.0,-0.0034949388659686,0.00081631495958,0.0033064181698627,0.0009312859647801,0.003115698189024002,0.007745589466988669
2019-07-04,46.0,22.81005859375,1.0900001525878906,0.0399932861328125,12.56999969482422,-0.02,0.0100000000000002,-17.85000000000001,0.0026799999999997,0.0,0.0,0.0,0.0020951663615599,-0.0034949388659686,0.00081631495958,0.0033064181698627,0.003728588062205155,0.007247170151872815
2019-07-05,-17.5,0.0,0.0,0.0,12.56999969482422,0.0,0.0,-29.429999999999996,0.1106100000000003,0.0,0.0,0.0,-0.0003905654482108,0.0020951663615599,-0.0034949388659686,0.00081631495958,0.0025690309898415537,0.0069281516916139515
2019-07-08,-28.5,-5.41015625,0.1699981689453125,0.4800033569335937,13.279999732971191,0.08,0.0099999999999997,-24.010000000000005,-0.0520699999999996,0.0,-0.04,0.0,-0.0034026570828473,-0.0003905654482108,0.0020951663615599,-0.0034949388659686,0.0026109202833419086,0.005991224693777566
2019-07-09,-74.0,-14.4599609375,0.1500015258789062,0.1299972534179545,13.960000038146973,0.0099999999999997,-0.0099999999999997,-0.769999999999996,-0.0142100000000002,0.0,0.0,0.0,0.0057293191152784,-0.0034026570828473,-0.0003905654482108,0.0020951663615599,0.0025084975965783867,0.005414216362752409
2019-07-10,111.0,3.679931640625,0.1700019836425781,0.1100006103515625,14.09000015258789,0.02,0.0,-31.92,0.0422099999999998,0.0,0.0,0.0,0.0034940034283029,0.0057293191152784,-0.0034026570828473,-0.0003905654482108,0.003908404571344754,0.005522447861965636
2019-07-11,49.0,13.440185546875,2.5999984741210938,-0.3899993896484233,13.029999732971191,0.0,0.0,5.479999999999997,0.0007000000000001,0.0,0.0,0.0,0.0009951571417712,0.0034940034283029,0.0057293191152784,-0.0034026570828473,0.003529432297016931,0.0054053034275582945
2019-07-12,-74.5,6.83984375,-0.2299995422363281,-0.0499954223632954,12.93000030517578,0.06,-0.0100000000000002,58.220000000000006,-0.0627399999999998,0.0,0.0,0.0,-0.0068365079050471,0.0009951571417712,0.0034940034283029,0.0057293191152784,0.0035177167989880096,0.005393022055146379
2019-07-15,-37.5,13.860107421875,0.0099983215332031,-0.240005493164034,12.390000343322754,-0.0099999999999997,-0.02,-31.35000000000001,-0.0263300000000006,0.0,0.0,0.0,0.0070185011223457,-0.0068365079050471,0.0009951571417712,0.0034940034283029,0.005107331132827085,0.00558571621205388
2019-07-16,-124.0,0.530029296875,-0.6299972534179688,0.120002746582017,12.68000030517578,-0.0300000000000002,0.02,-0.2999999999999971,0.03071,0.0,0.0,0.0,-0.0025513054051076,0.0070185011223457,-0.0068365079050471,0.0009951571417712,0.005486044254262092,0.00514830839167607
2019-07-17,-87.0,-10.260009765625,-1.9600028991699217,0.470001220703125,12.859999656677246,0.04,0.0100000000000002,-18.78,-0.0278099999999996,0.0,0.0,0.0,-0.0011364049947127,-0.0025513054051076,0.0070185011223457,-0.0068365079050471,0.005357378180400437,0.004779661953904871
2019-07-18,95.5,-19.6201171875,-0.8400001525878835,-0.1800003051757812,13.970000267028809,-0.0699999999999998,0.0,23.65000000000001,0.0569699999999997,0.0,0.0,0.0,0.0013572629892588,-0.0011364049947127,-0.0025513054051076,0.0070185011223457,0.00508742393838606,0.003896160765989567
2019-07-19,14.5,10.690185546875,-1.4799995422363352,-0.4300003051757812,13.529999732971191,-0.02,0.0,-15.43,-0.0408699999999999,-0.25,0.0,0.0,0.0082808884718947,0.0013572629892588,-0.0011364049947127,-0.0025513054051076,0.005116560506340672,0.0038939511754629078
2019-07-22,-53.0,-18.5,0.3300018310546875,0.3600006103515625,14.449999809265137,0.0099999999999997,0.0,0.2100000000000008,-0.1626899999999995,0.0,0.0,0.0,-0.0035674256937772,0.0082808884718947,0.0013572629892588,-0.0011364049947127,0.0048434625532710615,0.0041525194663396695
2019-07-23,-29.0,8.419921875,0.5900001525878906,0.1100006103515767,13.529999732971191,0.0,-0.0100000000000002,13.47999999999999,-0.0140299999999999,0.0,0.0,0.0,-0.0046328648097753,-0.0035674256937772,0.0082808884718947,0.0013572629892588,0.0047383178956336815,0.004106702149237101
2019-07-24,56.0,20.43994140625,0.5499992370605469,0.4499969482421733,12.609999656677246,0.0300000000000002,0.0,38.92,-0.0344199999999998,0.0,0.0,0.0,-0.0029437101807313,-0.0046328648097753,-0.0035674256937772,0.0082808884718947,0.005144863465261787,0.0041901797927643035
2019-07-25,42.0,14.090087890625,-0.8899993896484375,0.0200042724609375,12.06999969482422,-0.0300000000000002,0.0,-34.52,0.0278099999999996,0.0,0.0,0.0,0.0025618607811688,-0.0029437101807313,-0.0046328648097753,-0.0035674256937772,0.005310770951185594,0.0042393697461173266
2019-07-26,-11.5,-15.89013671875,0.1399993896484375,0.089996337890625,12.739999771118164,0.0300000000000002,0.0,-39.04,0.0471099999999999,0.0,0.0,0.0,-0.0119638102459717,0.0025618607811688,-0.0029437101807313,-0.0046328648097753,0.005430780011091962,0.004023257247578302
2019-07-29,25.2001953125,22.190185546875,0.1800003051757812,0.1900024414062642,12.15999984741211,0.0,0.0,75.43,-0.0683199999999999,0.0,0.0,0.0,-0.0041510033744548,-0.0119638102459717,0.0025618607811688,-0.0029437101807313,0.005199136101612799,0.0048738581040234565
2019-07-30,-55.7001953125,-4.89013671875,0.6699981689453125,0.0299987792968607,12.829999923706056,-0.02,0.0,-29.14,0.0306300000000003,0.0,0.0,0.0,0.0123006829127511,-0.0041510033744548,-0.0119638102459717,0.0025618607811688,0.005190476663816192,0.004871650427670383
2019-07-31,69.0,-7.7900390625,1.1800003051757812,0.0100021362304545,13.9399995803833,0.0,-0.0099999999999997,52.27000000000001,-0.0465800000000005,0.0,0.0,0.0,0.0021161218829426,0.0123006829127511,-0.0041510033744548,-0.0119638102459717,0.008991352723791955,0.00566421692412561
2019-08-01,0.400390625,-32.800048828125,0.5300025939941406,0.4699935913086079,16.1200008392334,-0.04,0.0099999999999997,-36.23,0.0314800000000001,0.0,0.0,0.0,-0.0014035169435287,0.0021161218829426,0.0123006829127511,-0.0041510033744548,0.008980008897287228,0.005624044875960135
2019-08-02,98.599609375,-26.81982421875,-4.630001068115234,-0.1299972534179687,17.8700008392334,-0.1200000000000001,-0.2599999999999998,47.18999999999998,-0.0177899999999997,0.0,0.0,0.0,-0.0065025727811691,-0.0014035169435287,0.0021161218829426,0.0123006829127511,0.0088909268913933,0.005617012248869716
2019-08-05,164.0,-21.510009765625,1.7099990844726562,-0.2900009155273437,17.610000610351562,-0.0399999999999998,0.0,-32.78999999999999,0.0087599999999996,0.0,0.0,0.0,-0.0262844445097511,-0.0065025727811691,-0.0014035169435287,0.0021161218829426,0.007351109876836037,0.005805002336391174
2019-08-06,-156.0,-87.31005859375,-0.970001220703132,-0.5999984741210938,24.59000015258789,-0.1100000000000001,-0.0100000000000002,-34.379999999999995,0.0689299999999999,0.0,0.04,0.0,-0.009147056270515,-0.0262844445097511,-0.0065025727811691,-0.0014035169435287,0.014254034801867984,0.008212290822357492
2019-08-07,75.0,37.030029296875,-1.059997558593743,0.1299972534179545,20.170000076293945,-0.02,0.0,1.019999999999996,-0.0654899999999996,0.0,0.0,0.0,0.0137499616643155,-0.009147056270515,-0.0262844445097511,-0.0065025727811691,0.010993521398300192,0.008205706872244516
2019-08-08,10.0,2.2099609375,-2.540000915527344,-0.0899963378906107,19.489999771118164,-0.02,-0.0099999999999997,8.170000000000002,-0.0419400000000003,0.0,0.0,0.0,0.0112953893560238,0.0137499616643155,-0.009147056270515,-0.0262844445097511,0.014428876115927029,0.0088705001880815
2019-08-09,16.5,54.110107421875,1.4500007629394531,0.0800018310547017,16.90999984741211,0.01,0.0,1.2600000000000051,0.0135300000000002,0.0,0.0,0.0,0.0011883500180485,0.0112953893560238,0.0137499616643155,-0.009147056270515,0.016404462739121106,0.00931903426761488
2019-08-12,-38.0,-19.440185546875,1.959999084472656,-0.1300048828125284,17.969999313354492,0.02,0.0,-1.1300000000000097,0.0015200000000001,0.0,0.0,-0.0099999999999997,-0.0050326936075838,0.0011883500180485,0.0112953893560238,0.0137499616643155,0.01639878196561814,0.00923239649662206
2019-08-13,-53.5,-35.949951171875,0.4300003051757812,-0.1100006103515625,21.09000015258789,-0.09,0.0,17.24000000000001,0.1679299999999992,0.0,0.0,0.0,-0.0063609120442058,-0.0050326936075838,0.0011883500180485,0.0112953893560238,0.00997492528654443,0.00909291489845643
2019-08-14,58.0,43.6201171875,2.1699981689453054,0.4300003051758096,17.520000457763672,0.03,0.0,-39.49000000000001,-0.0007099999999997,0.0,0.0,0.0,0.0090354366400585,-0.0063609120442058,-0.0050326936075838,0.0011883500180485,0.00921687261229356,0.00915965035415139
2019-08-15,-8.2001953125,-85.719970703125,-1.8699989318847583,0.1800003051757528,22.100000381469727,-0.0899999999999998,0.0,63.610000000000014,-0.1314799999999998,0.0,0.0,0.0,-0.001556740435393,0.0090354366400585,-0.0063609120442058,-0.0050326936075838,0.00799876371221635,0.009459206714813633
2019-08-16,5.2001953125,7.0,-0.7599983215332031,0.1500015258789204,21.18000030517578,-0.07,0.0099999999999997,10.539999999999992,-0.0148400000000004,0.0,0.0,0.0,0.0046350091795721,-0.001556740435393,0.0090354366400585,-0.0063609120442058,0.006119173014856181,0.009443331315166639
2019-08-19,95.0,41.079833984375,0.3999977111816406,0.0,18.46999931335449,0.03,0.0,-38.540000000000006,0.0353700000000003,0.0,0.0,0.0,0.0015985570915422,0.0046350091795721,-0.001556740435393,0.0090354366400585,0.006542770139845584,0.009285549293971084
2019-08-20,-105.0,34.969970703125,1.3400001525878906,0.2099990844726562,16.8799991607666,0.05,0.0,39.13000000000001,-0.0096699999999998,0.0,0.0,0.0,-0.0001551803785009,0.0015985570915422,0.0046350091795721,-0.001556740435393,0.005868432123018438,0.009291977645203576
2019-08-21,109.2998046875,-23.139892578125,0.1300010681152343,-0.1599960327148579,17.5,-0.05,0.0,84.44999999999999,0.0060799999999998,0.0,0.0,0.0,-0.0068168250220385,-0.0001551803785009,0.0015985570915422,0.0046350091795721,0.0042239329090533835,0.009255611073332105
2019-08-22,-11.2001953125,23.919921875,-0.6599998474121094,0.1100006103515625,15.800000190734863,0.04,-0.0099999999999997,49.00000000000003,-0.0688899999999996,0.0,0.0,0.0,-0.0021968383662413,-0.0068168250220385,-0.0001551803785009,0.0015985570915422,0.00423974498457264,0.009341818449099738
2019-08-23,-51.099609375,-1.47998046875,-0.3300018310546946,-0.1300048828124715,16.68000030517578,0.03,0.0,-92.23000000000002,-0.1319300000000005,-0.25,0.0,0.0,0.0026174096068593,-0.0021968383662413,-0.0068168250220385,-0.0001551803785009,0.004290536307172921,0.009305657702352402
2019-08-26,-47.0,-75.83984375,-1.180000305175774,-0.5299987792968892,19.8700008392334,-0.1,0.0,82.76999999999998,-0.1636799999999993,0.0,0.0,0.0,-0.006589767232565,0.0026174096068593,-0.0021968383662413,-0.0068168250220385,0.0037356158365273485,0.008990642470077578
2019-08-27,-22.0,31.269775390625,-0.529998779296875,0.4400024414062358,19.31999969482422,0.02,0.0,-0.8499999999999659,0.0346199999999994,0.0,0.0,0.0,0.0101918372177152,-0.006589767232565,0.0026174096068593,-0.0021968383662413,0.004094414291453698,0.009058285798504498
2019-08-28,47.7998046875,-9.219970703125,1.2900009155273438,-0.0800018310546732,20.309999465942383,-0.05,0.0,-94.48000000000002,-0.0137,0.0,0.0,0.0,0.000553367580771,0.0101918372177152,-0.006589767232565,0.0026174096068593,0.0071393823380052224,0.008910353830880242
2019-08-29,90.0,18.780029296875,0.8499984741211009,0.2099990844726562,19.350000381469727,-0.02,0.0,-40.75,0.00903,0.0,0.0,0.0,0.0011889722431918,0.000553367580771,0.0101918372177152,-0.006589767232565,0.006226832145425251,0.00889044150331657
2019-08-30,-32.5,36.64013671875,0.930000305175774,0.3000030517578267,17.8799991607666,0.03,0.0,-32.5,0.0316299999999998,0.0,0.0,0.0,0.0062375150585006,0.0011889722431918,0.000553367580771,0.0101918372177152,0.005983125606526449,0.00890097869435588
2019-09-02,-80.2998046875,1.8798828125,-1.6100006103515696,0.4099960327148437,18.979999542236328,0.0,0.0099999999999997,16.180000000000007,-0.0252999999999996,0.0,0.0,0.0,-0.0060106794767601,0.0062375150585006,0.0011889722431918,0.000553367580771,0.006346196618911476,0.008921926995722996
2019-09-03,-53.0,0.0,0.0,0.0,18.979999542236328,0.0,0.0,113.54999999999998,-0.0324299999999997,0.0,0.0,0.0,-0.0046137337337225,-0.0060106794767601,0.0062375150585006,0.0011889722431918,0.006145124750949161,0.00665253306023329
2019-09-04,87.0,-20.18994140625,-1.1599998474121094,0.029998779296875,19.65999984741211,-0.03,0.0,-134.37,0.0110899999999993,0.0,0.0,0.0,0.0012886531432146,-0.0046137337337225,-0.0060106794767601,0.0062375150585006,0.0049153467265170055,0.006362329010010409
2019-09-05,-4.2998046875,31.510009765625,2.319999694824226,-0.5,17.329999923706055,0.0,0.0,-3.5900000000000034,0.0025500000000002,0.0,0.0,0.0,0.0059061527014585,0.0012886531432146,-0.0046137337337225,-0.0060106794767601,0.004966553590342595,0.005631441637753281
2019-09-06,-114.7001953125,38.219970703125,0.0400009155273437,-0.0399932861328267,16.270000457763672,0.1,0.0,14.549999999999995,0.0028399999999999,0.0,0.1700000000000003,0.0,0.0003403637667678,0.0059061527014585,0.0012886531432146,-0.0046137337337225,0.005729044387534969,0.005201474178611034
2019-09-09,26.2998046875,2.7099609375,0.220001220703125,-0.0200042724609375,15.0,-0.02,-0.0099999999999997,23.94,0.0020499999999996,0.0,0.0,0.0,0.0027324864643305,0.0003403637667678,0.0059061527014585,0.0012886531432146,0.0048001363440370376,0.005196923172434291
2019-09-10,-84.2998046875,-0.280029296875,1.3299980163574148,-0.1100006103515625,15.270000457763672,0.0799999999999998,0.0099999999999997,-64.66999999999999,0.0336700000000007,0.0,0.0,0.0,0.0016520662871817,0.0027324864643305,0.0003403637667678,0.0059061527014585,0.0038411836659955974,0.005072982528129187
2019-09-11,-64.0,0.9599609375,-0.4499969482421804,0.0500030517577982,15.199999809265137,0.09,0.0,-1.210000000000008,0.00943,0.0,0.0,0.0,0.0071204920916885,0.0016520662871817,0.0027324864643305,0.0003403637667678,0.00214703069395887,0.00480345237151786
2019-09-12,71.7998046875,21.5400390625,-1.6500015258789062,0.3199996948242329,14.609999656677246,0.03,0.0,-6.109999999999992,-0.0018200000000003,0.0,0.0,0.0,-0.0062527511927489,0.0071204920916885,0.0016520662871817,0.0027324864643305,0.002866710412249297,0.004651576182025218
2019-09-13,10.6005859375,8.64013671875,-0.6599998474121094,-0.340003967285142,14.220000267028809,0.04,0.0,41.81,0.0152900000000002,0.0,0.0,0.0,-0.0011565900298381,-0.0062527511927489,0.0071204920916885,0.0016520662871817,0.004843923887141121,0.004894613177656065
2019-09-16,-123.400390625,-2.18017578125,-0.2400016784668039,-0.0499954223632812,13.739999771118164,0.1099999999999998,0.0100000000000002,2.7900000000000063,-0.0449400000000004,0.0,0.0,0.0,-0.0183859187161847,-0.0011565900298381,-0.0062527511927489,0.0071204920916885,0.0049491628905490815,0.004818501768660876
2019-09-17,-25.0,-9.429931640625,8.05000305175782,0.3899993896484233,14.670000076293944,-0.0599999999999998,0.1099999999999998,-35.88000000000001,0.0192500000000004,0.0,0.0,0.0,0.0027705074972285,-0.0183859187161847,-0.0011565900298381,-0.0062527511927489,0.009668930421448394,0.006373952121628279
2019-09-18,212.2998046875,7.739990234375,-3.560001373291016,-0.3899993896484233,14.4399995803833,-0.03,0.0499999999999998,11.940000000000012,-0.0218500000000005,0.0,0.0,0.0,0.0063840768019744,0.0027705074972285,-0.0183859187161847,-0.0011565900298381,0.009826808039471674,0.006418536553501698
2019-09-19,-43.5,1.030029296875,-1.229999542236328,0.3399963378906108,13.949999809265137,-0.01,-0.0499999999999998,-6.540000000000006,-0.0008699999999999,0.0,0.0,0.0,-0.0051373538454781,0.0063840768019744,0.0027705074972285,-0.0183859187161847,0.009637509225302123,0.00641038770741828
2019-09-20,-0.7998046875,0.06005859375,0.0200004577636718,-0.3300018310546875,14.050000190734863,-0.01,-0.3500000000000001,112.18,-0.1509399999999994,-0.25,0.0,0.0,-0.0020835418436846,-0.0051373538454781,0.0063840768019744,0.0027705074972285,0.009565529353673633,0.006501065217587408
2019-09-23,32.0,-14.719970703125,-0.0400009155273437,0.2400054931640767,15.31999969482422,-0.05,0.0,-86.47999999999999,-0.0823800000000005,0.0,0.0,0.0,-0.0040640981415595,-0.0020835418436846,-0.0051373538454781,0.0063840768019744,0.009527231123190854,0.006488013304778854
2019-09-24,-110.0,-0.2900390625,0.5499992370605469,0.0899963378906107,14.90999984741211,-0.02,0.0,36.18000000000001,0.0779100000000001,0.0,0.0,0.0,-0.0111135914330122,-0.0040640981415595,-0.0020835418436846,-0.0051373538454781,0.004867619138335761,0.0063806484036434165
2019-09-25,30.0,-25.179931640625,-1.3499984741210938,-0.2600021362304687,17.049999237060547,-0.08,0.0,-13.710000000000008,-0.0615399999999999,0.0,0.0,0.0,0.0014320891484256,-0.0111135914330122,-0.0040640981415595,-0.0020835418436846,0.006329018481394532,0.0063562322070879595
2019-09-26,99.2998046875,18.27001953125,-0.7999992370605469,0.7000045776367188,15.960000038146973,0.09,0.0,24.02000000000001,0.01607,0.0,0.0,0.0,0.0135627761940521,0.0014320891484256,-0.0111135914330122,-0.0040640981415595,0.004606909127890672,0.006371515014403486
2019-09-27,34.0,-7.25,-0.0800018310546875,0.1699981689453125,16.06999969482422,-0.03,-0.0499999999999998,-84.76000000000002,-0.03343,0.0,0.0,0.0,-0.0053825226400844,0.0135627761940521,0.0014320891484256,-0.0111135914330122,0.009073897305453032,0.007156664173176551
2019-09-30,25.5,-15.830078125,-0.5,-0.0999984741210937,17.219999313354492,-0.01,-0.02,41.190000000000005,0.0159700000000002,0.0,0.0,0.0,-0.004494125164637,-0.0053825226400844,0.0135627761940521,0.0014320891484256,0.009338167894086915,0.007054450712415499
2019-10-01,-78.7998046875,14.949951171875,-1.8400001525878904,0.269996643066392,16.239999771118164,-0.01,0.0699999999999998,11.739999999999997,0.0412599999999994,0.0,0.0,0.0,-0.0050136073591381,-0.004494125164637,-0.0053825226400844,0.0135627761940521,0.009374053302821688,0.007006315078482364
2019-10-02,61.400390625,-36.489990234375,-0.4500007629394531,-0.25,18.559999465942383,-0.03,-0.02,-47.92,-0.0417099999999992,0.0,0.0,0.0,-0.013585153034142,-0.0050136073591381,-0.004494125164637,-0.0053825226400844,0.008066947354469648,0.00701780726474279
2019-10-03,-13.400390625,-52.639892578125,-0.979999542236328,-0.0899963378906107,20.559999465942383,-0.0499999999999998,-0.0299999999999998,27.739999999999995,-0.0171200000000002,0.0,0.0,0.0,-0.0027941246719574,-0.013585153034142,-0.0050136073591381,-0.004494125164637,0.009979139894199419,0.007532338732757853
2019-10-04,-18.0,23.019775390625,-0.1899986267089843,-0.1800003051757812,19.1200008392334,-0.06,-0.02,-46.22999999999999,0.0253499999999995,0.0,0.0,0.0,0.0037559641273154,-0.0027941246719574,-0.013585153034142,-0.0050136073591381,0.004216389100298362,0.007315725043169898
2019-10-07,-22.0,41.380126953125,0.3600006103515625,-0.0500030517577982,17.040000915527344,-0.02,-0.01,59.16,-0.0184099999999993,0.0,0.0,0.0,-0.0100599019370736,0.0037559641273154,-0.0027941246719574,-0.013585153034142,0.0062017651035307505,0.007416666995696599
2019-10-08,-38.0,-13.219970703125,-0.0600013732910156,0.1800003051757528,17.860000610351562,0.04,0.0,31.81,0.0218899999999999,0.0,-0.1,0.0,0.0064814927190398,-0.0100599019370736,0.0037559641273154,-0.0027941246719574,0.006696750488679994,0.007537442228447983
2019-10-09,111.5,-45.72998046875,-0.1199989318847656,0.1500015258789204,20.280000686645508,-0.02,0.0,27.789999999999992,-0.01478,0.0,0.0,0.0,-0.0017302389821355,0.0064814927190398,-0.0100599019370736,0.0037559641273154,0.00861949813943215,0.007756434276820212
2019-10-10,-29.5,26.33984375,-0.0400009155273437,-0.019996643066392,18.63999938964844,0.05,0.0,-102.77,-0.0145300000000005,0.0,0.0,0.0,-0.0009158108942593,-0.0017302389821355,0.0064814927190398,-0.0100599019370736,0.006409768945545784,0.007430241063673339
2019-10-11,7.5,18.72998046875,0.9599990844726562,-0.4100036621093892,17.56999969482422,0.0799999999999998,0.0,57.35000000000001,0.0647100000000007,0.0,0.0,0.0,0.0135471945463394,-0.0009158108942593,-0.0017302389821355,0.0064814927190398,0.006323218808980842,0.007397112523925584
2019-10-14,-72.5,32.14013671875,1.1500015258789062,-0.4099960327148579,15.579999923706056,0.09,0.0,-24.85000000000001,-0.0329100000000002,0.0,0.0,0.0,0.0034460436930963,0.0135471945463394,-0.0009158108942593,-0.0017302389821355,0.008942116647590807,0.008229520148495545
2019-10-15,-24.0,-4.1201171875,-1.1100006103515625,0.1499938964844034,14.56999969482422,0.0,0.0,13.47,-0.0058800000000003,0.0,0.0,0.0,0.005093857666651,0.0034460436930963,0.0135471945463394,-0.0009158108942593,0.006214440652295331,0.007316796307920434
2019-10-16,47.5,29.530029296875,-0.779998779296875,-0.1599960327148579,13.539999961853027,0.01,0.0799999999999998,-40.5,-0.0102700000000002,0.0,0.0,0.0,0.0018536679087054,0.005093857666651,0.0034460436930963,0.0135471945463394,0.006115363143812925,0.007393667440614739
2019-10-17,47.5,-5.989990234375,0.5499992370605469,-0.2799987792968608,13.68000030517578,-0.02,0.0,46.60000000000001,0.0003600000000005,0.0,0.0,0.0,0.0018496852021079,0.0018536679087054,0.005093857666651,0.0034460436930963,0.005467956337848136,0.007235050559972877
2019-10-18,8.0,8.260009765625,0.5699996948242188,-0.4000015258789204,13.789999961853027,0.01,-0.0499999999999998,42.150000000000006,-0.0269200000000005,0.0,0.0,0.0,0.0017671792690313,0.0018496852021079,0.0018536679087054,0.005093857666651,0.0048779363234669765,0.007186169337618272
2019-10-21,-39.5,-11.75,-0.1500015258788991,-0.3300018310546875,14.25,0.0,0.0,-92.75,0.0312600000000005,0.0,0.0,0.0,0.0011363211281471,0.0017671792690313,0.0018496852021079,0.0018536679087054,0.0014615484066636912,0.0071933925963351755
2019-10-22,-46.5,20.52001953125,-0.4699974060058665,0.0500030517577982,14.0,0.04,0.0,-6.309999999999995,0.0054099999999994,0.0,0.0,0.0,0.0042674278270767,0.0011363211281471,0.0017671792690313,0.0018496852021079,0.0015682494912677878,0.007144686288226167
2019-10-23,-35.5,-10.72998046875,0.8499984741210938,0.1999969482422017,14.460000038146973,-0.02,0.0,-15.490000000000002,0.0034600000000004,0.0,0.0,0.0,0.0051763789756857,0.0042674278270767,0.0011363211281471,0.0017671792690313,0.0012075294702712648,0.006706411115270411
2019-10-24,-60.0,8.530029296875,1.810001373291016,-0.05999755859375,14.010000228881836,-0.01,0.0,37.77,-0.0184899999999998,0.0,0.0,0.0,0.0129934155612971,0.0051763789756857,0.0042674278270767,0.0011363211281471,0.001769915572035062,0.006779467351632038
2019-10-25,-55.5,5.77001953125,0.2599983215332031,0.1599960327148295,13.710000038146973,0.0,0.0,-23.749999999999996,-0.0903800000000005,-0.25,0.0,0.0,-0.013866456611973,0.0129934155612971,0.0051763789756857,0.0042674278270767,0.004738628223720741,0.00672445978829744
2019-10-28,102.5,12.260009765625,0.4300003051757812,0.2000045776367187,12.649999618530272,0.03,-0.02,11.609999999999992,-0.1502399999999992,0.0,0.0,0.0,0.0020832179591166,-0.013866456611973,0.0129934155612971,0.0051763789756857,0.009855950297227942,0.007375682912677349
2019-10-29,-61.5,16.869873046875,-0.8499984741210938,-0.0699996948241903,13.109999656677246,0.05,0.0,-38.94,0.0312699999999992,0.0,0.0,0.0,0.0025113577843681,0.0020832179591166,-0.013866456611973,0.0129934155612971,0.00984570502504756,0.007289982098697789
2019-10-30,-10.0,-2.530029296875,-0.2700004577636719,-0.0699996948242471,13.199999809265137,-0.01,-0.01,105.19,-0.0150299999999994,0.0,0.0,0.0,0.0023231337479999,0.0025113577843681,0.0020832179591166,-0.013866456611973,0.00978154522143747,0.007168714073610954
2019-10-31,0.0,9.880126953125,-0.4799995422363281,-0.0400009155273295,12.329999923706056,-0.06,0.0,-23.00999999999999,-0.0042300000000006,0.0,0.0,0.0,-0.0107682023242366,0.0023231337479999,0.0025113577843681,0.0020832179591166,0.009615658180876313,0.0062744187099502
2019-11-01,42.0,-9.2099609375,-0.8800010681152344,-0.3000030517578125,13.220000267028809,-0.09,-0.24,22.169999999999987,0.0001300000000004,0.0,0.0,0.0,-0.0033976894558285,-0.0107682023242366,0.0023231337479999,0.0025113577843681,0.008085456173578342,0.0068210239254655105
2019-11-04,63.5,29.349853515625,2.020000457763672,-0.1100006103515767,12.300000190734863,0.04,-0.01,-98.15,-0.0068999999999999,0.0,0.0,0.0,-0.0043344735463591,-0.0033976894558285,-0.0107682023242366,0.0023231337479999,0.005767038040312222,0.006886358639492567
2019-11-05,-109.5,11.360107421875,0.3400001525878906,0.2700042724609659,12.829999923706056,0.06,-0.01,40.52,-0.01363,0.0,0.0,0.0,0.0134692290607365,-0.0043344735463591,-0.0033976894558285,-0.0107682023242366,0.005491784383950671,0.006502395497365603
2019-11-06,44.0,-3.64990234375,0.6899986267089844,0.4700012207031108,13.100000381469728,0.07,0.0,53.74000000000001,0.0006000000000003,0.0,-0.2600000000000002,0.0,-0.0074680792266072,0.0134692290607365,-0.0043344735463591,-0.0033976894558285,0.00910544565401049,0.006957331253614767
2019-11-07,-29.5,2.159912109375,-0.8800010681152415,-0.030006408691392,12.619999885559082,-0.05,-0.01,-80.63,-0.00035,0.0,0.0,0.0,-0.0083857698990985,-0.0074680792266072,0.0134692290607365,-0.0043344735463591,0.009383927710438413,0.007224822590474797
2019-11-08,-20.5,8.39990234375,0.8000030517578196,0.1900024414062358,12.729999542236328,0.1099999999999998,0.0,19.07,0.05952,0.0,0.0,0.0,0.0020029506239979,-0.0083857698990985,-0.0074680792266072,0.0134692290607365,0.00890751887821253,0.0075443903908442985
2019-11-11,5.0,7.900146484375,0.0900001525878906,0.2099990844726562,12.06999969482422,0.02,0.0,59.59,-0.0422100000000007,0.0,0.0,0.0,-0.0047450815677507,0.0020029506239979,-0.0083857698990985,-0.0074680792266072,0.009025859333284682,0.006966671356213591
2019-11-12,1.0390625,-6.070068359375,-0.3800010681152344,-0.150001525878892,12.6899995803833,0.0,0.0,-25.710000000000008,-0.0084199999999992,0.0,0.0,-0.04,0.0052315858254484,-0.0047450815677507,0.0020029506239979,-0.0083857698990985,0.009066206079885238,0.007030268134251265
2019-11-13,-16.8388671875,4.830078125,-0.0600013732910156,0.1100006103515625,12.68000030517578,-0.02,0.0,-12.150000000000006,-0.0012700000000007,0.0,0.0,0.0,-0.0062468223245662,0.0052315858254484,-0.0047450815677507,0.0020029506239979,0.006005602342177187,0.007035402307290528
2019-11-14,-144.453125,2.199951171875,0.3199996948242187,0.0600051879882812,13.0,-0.04,0.0,17.310000000000002,-0.0384299999999999,0.0,0.0,0.0,-0.0071153271583056,-0.0062468223245662,0.0052315858254484,-0.0047450815677507,0.0057825139340505335,0.007166235347918764
2019-11-15,18.8935546875,2.58984375,-0.3499984741210937,-0.2099990844726704,13.050000190734863,-0.0599999999999998,0.0,-53.13,0.03533,0.0,0.0,0.0,0.0048081076271485,-0.0071153271583056,-0.0062468223245662,0.0052315858254484,0.005475049604390465,0.007308921726418804
2019-11-18,206.359375,23.830078125,0.9500007629394532,-0.160003662109375,12.050000190734863,0.02,0.0,3.020000000000003,-0.04028,0.0,0.0,0.0,-0.0009338387342603,0.0048081076271485,-0.0071153271583056,-0.0062468223245662,0.006116306594530572,0.007393394734547201
2019-11-19,-237.697265625,1.570068359375,-0.6700019836425781,-0.2099990844726562,12.460000038146973,-0.03,0.0,-36.92,0.0386899999999998,0.0,0.0,0.0,0.0048009099549767,-0.0009338387342603,0.0048081076271485,-0.0071153271583056,0.005860608003543222,0.007383525707572371
2019-11-20,298.697265625,-1.85009765625,-1.8400001525878904,0.0699996948242187,12.859999656677246,-0.02,0.0,13.29,-0.0017899999999997,0.0,0.0,0.0,0.0004906141674357,0.0048009099549767,-0.0009338387342603,0.0048081076271485,0.0057509960248069165,0.007403048444875423
2019-11-21,-56.0,-11.719970703125,1.9000015258789065,0.0699996948242187,12.779999732971191,-0.06,0.0,13.130000000000004,-0.0085800000000002,0.0,0.0,0.0,-0.0061512031453004,0.0004906141674357,0.0048009099549767,-0.0009338387342603,0.004926113856695579,0.007284039453310513
2019-11-22,-47.7216796875,-4.919921875,1.470001220703125,0.0599975585937357,13.130000114440918,0.04,0.0,18.9,-0.0056499999999992,0.0,0.0,0.0,-0.0028027738494332,-0.0061512031453004,0.0004906141674357,0.0048009099549767,0.0045634181846184105,0.0065978106271060485
2019-11-25,34.7216796875,6.75,-0.8100013732910156,0.2799987792968892,12.34000015258789,0.0,0.0,18.69,-0.0281700000000002,0.0,0.0,0.0,-0.0048443065443774,-0.0028027738494332,-0.0061512031453004,0.0004906141674357,0.004050591176543314,0.0059649678221423835
2019-11-26,13.01171875,23.349853515625,0.2399978637695312,0.0500030517578125,11.869999885559082,-0.01,0.0,-42.69,0.0505899999999996,0.0,0.0,0.0,-0.0073695302973949,-0.0048443065443774,-0.0028027738494332,-0.0061512031453004,0.004415217853744117,0.0059634974987930614
2019-11-27,-19.263671875,6.880126953125,0.4000015258789062,-0.0699996948242187,11.539999961853027,-0.02,0.0,-3.68,-0.0426899999999994,0.0,0.0,0.0,-0.0005226768222835,-0.0073695302973949,-0.0048443065443774,-0.0028027738494332,0.0030903684697908126,0.006015962950108579
2019-11-28,14.251953125,13.10986328125,-0.2999992370605469,0.160003662109375,11.75,0.03,0.0,-0.3100000000000023,0.0120599999999999,0.0,0.0,0.0,-0.011686576681047,-0.0005226768222835,-0.0073695302973949,-0.0048443065443774,0.0027224914206791313,0.005939713092613228
2019-11-29,9.1298828125,0.0,0.0,0.0,11.75,0.0,0.0,59.88,0.0087599999999996,0.0,0.0,0.0,0.0098238247914927,-0.011686576681047,-0.0005226768222835,-0.0073695302973949,0.0043079157752289685,0.006012428283734839
2019-12-02,-218.4697265625,-12.64990234375,-2.94000244140625,-0.1400070190429687,12.619999885559082,0.01,0.01,25.129999999999995,0.0230300000000003,0.0,0.0,0.0,0.0194745431443499,0.0098238247914927,-0.011686576681047,-0.0005226768222835,0.008193082003673047,0.006580759994769704
2019-12-03,-0.314453125,-27.10986328125,0.7900009155273438,-0.4099960327148437,14.90999984741211,0.05,0.0,-36.11,-0.0180199999999999,0.0,0.0,0.0,0.0006263593819387,0.0194745431443499,0.0098238247914927,-0.011686576681047,0.012728222022831132,0.008049477807707029
2019-12-04,254.9306640625,-20.670166015625,0.1399993896484304,-0.1200027465820454,15.960000038146973,-0.1100000000000001,-0.01,-16.799999999999997,-0.0053,0.0,0.0,0.0,-0.0034322686003348,0.0006263593819387,0.0194745431443499,0.0098238247914927,0.011728590637613721,0.007367496495591794
2019-12-05,-25.2763671875,19.56005859375,2.3300018310546946,-0.0899963378906107,14.800000190734863,0.05,0.0,-5.099999999999994,-0.0227599999999998,0.0,0.0,0.0,0.0063984390729506,-0.0034322686003348,0.0006263593819387,0.0194745431443499,0.01204856219619291,0.007236582666764309
2019-12-06,-103.115234375,4.669921875,0.0,-0.2399978637695312,14.520000457763672,0.03,0.0,-27.320000000000007,0.0061499999999998,0.0,-0.1299999999999999,0.0,0.0056327270764635,0.0063984390729506,-0.0034322686003348,0.0006263593819387,0.008839060316485441,0.007181057885990427
2019-12-09,63.115234375,28.47998046875,0.7700004577636719,0.2899932861328267,13.619999885559082,0.04,0.0,97.99,0.0294799999999995,0.0,0.0,0.0,0.0011183333913875,0.0056327270764635,0.0063984390729506,-0.0034322686003348,0.008651048441031607,0.007282413314332302
2019-12-10,-35.6201171875,-9.949951171875,-0.1800003051757812,-0.0599975585937642,15.859999656677246,-0.01,0.0,-4.699999999999989,-0.0054799999999994,0.0,0.0,0.0,-0.0016620973215659,0.0011183333913875,0.0056327270764635,0.0063984390729506,0.004021601923708801,0.007195798550214857
2019-12-11,-17.779296875,-3.43994140625,0.220001220703125,-0.2299957275390625,15.68000030517578,0.02,0.0,58.97999999999999,-0.0144299999999999,0.0,0.0,0.0,-0.0005509334986496,-0.0016620973215659,0.0011183333913875,0.0056327270764635,0.004344085237135945,0.007115070085954866
2019-12-12,16.3994140625,9.10986328125,-0.4800033569335937,-0.25,14.989999771118164,-0.06,0.0,-77.3,0.0026599999999996,0.0,0.0,0.0,-0.0066077859394981,-0.0005509334986496,-0.0016620973215659,0.0011183333913875,0.003642222263725053,0.006963390369232257
2019-12-13,-44.38671875,26.940185546875,0.4200019836425781,0.2399978637695312,13.9399995803833,0.1099999999999998,0.0,-12.039999999999992,-0.0098099999999998,0.0,0.0,0.0,0.009390072602146,-0.0066077859394981,-0.0005509334986496,-0.0016620973215659,0.004439888397223409,0.00693579449251185
2019-12-16,-43.2568359375,0.22998046875,0.8899993896484375,-0.2300033569335795,12.630000114440918,-0.0799999999999998,0.0,64.61,0.0125799999999998,0.0,0.0,0.0,0.002300594082616,0.009390072602146,-0.0066077859394981,-0.0005509334986496,0.005822015798071235,0.007163419082152762
2019-12-17,35.1689453125,22.64990234375,0.1399993896484375,-0.0999984741211079,12.140000343322754,0.0699999999999998,0.01,-84.74000000000001,-0.0069099999999995,0.0,0.0,0.0,0.0052601922175546,0.002300594082616,0.009390072602146,-0.0066077859394981,0.005885319004450833,0.007164439095961555
2019-12-18,53.974609375,1.070068359375,0.729999542236321,0.1399993896484375,12.289999961853027,0.0,-0.01,61.13,0.0292299999999992,0.0,0.0,0.0,0.0068463898882112,0.0052601922175546,0.002300594082616,0.009390072602146,0.0060399706633637576,0.007178925039138008
2019-12-19,1.5,-1.380126953125,-0.009998321533196,0.2000045776367187,12.579999923706056,0.03,0.0,-50.91999999999999,-0.0164199999999992,0.0,0.0,0.0,-0.0059534813930351,0.0068463898882112,0.0052601922175546,0.002300594082616,0.006176086577971654,0.007306644300176231
2019-12-20,-57.080078125,14.230224609375,0.2900009155273437,0.0099945068359517,12.5,0.0,0.0,-19.35000000000001,0.0047399999999999,0.0,0.0,0.0,0.0054956359818897,-0.0059534813930351,0.0068463898882112,0.0052601922175546,0.005911277505404694,0.007296497596594794
2019-12-23,11.236328125,15.849853515625,-0.7800025939941477,0.2900009155273295,12.510000228881836,0.0,0.0,70.96,0.0010399999999997,0.0,0.0,0.0,0.003421385884781,0.0054956359818897,-0.0059534813930351,0.0068463898882112,0.005161506551291388,0.007300508135669665
2019-12-26,-20.5751953125,2.7900390625,0.0800018310546946,-0.0499954223632812,12.609999656677246,0.01,0.0,-30.569999999999997,-0.0057099999999996,0.0,0.0,0.0,0.0021437372875088,0.003421385884781,0.0054956359818897,-0.0059534813930351,0.005159282766786018,0.007155760978221
2019-12-27,33.4189453125,15.89990234375,1.1599998474121094,-0.07000732421875,12.649999618530272,-0.03,0.0,-3.989999999999995,-0.0255600000000004,0.0,0.0,0.0,0.0015608009359256,0.0021437372875088,0.003421385884781,0.0054956359818897,0.00500605800306591,0.006815232542296417
2019-12-30,-13.5,0.110107421875,0.0400009155273437,-0.6699981689452983,13.43000030517578,-0.02,0.0,21.0,0.0051300000000003,0.0,0.0,0.0,-0.0047153858627282,0.0015608009359256,0.0021437372875088,0.003421385884781,0.004344274718886139,0.006784449800221191
2020-01-02,-23.658203125,-18.72998046875,-0.0400009155273437,-0.1800003051758096,14.81999969482422,0.02,0.0,-26.61,0.0338699999999994,0.0,0.0,0.0,-0.0025364164403178,-0.0047153858627282,0.0015608009359256,0.0021437372875088,0.003829913543056515,0.006169527430512936
2020-01-03,-264.6103515625,36.56005859375,-0.5,0.1100006103515767,12.470000267028809,-0.02,0.0,37.81999999999999,-0.0252499999999997,0.0,0.0,0.0,0.0063273975402982,-0.0025364164403178,-0.0047153858627282,0.0015608009359256,0.0034424807051443803,0.0060498309053164875
2020-01-06,195.5546875,-23.0,1.8699989318847656,-0.0100021362304687,14.020000457763672,-0.0799999999999998,0.0,-31.03,-0.01051,0.0,0.0,0.0,-0.0105022311761446,0.0063273975402982,-0.0025364164403178,-0.0047153858627282,0.004306684122782265,0.004620714346193762
2020-01-07,49.5302734375,11.429931640625,0.220001220703125,-0.1699981689452983,13.850000381469728,0.01,0.0,39.860000000000014,0.0030900000000002,0.0,-0.2799999999999998,0.0,0.0035006494495182,-0.0105022311761446,0.0063273975402982,-0.0025364164403178,0.006363376678378393,0.0053506064252722765
2020-01-08,-7.81640625,-9.10009765625,-0.5699996948242188,0.310005187988267,13.789999961853027,0.02,0.0,-43.98,-0.0214400000000001,0.0,0.0,0.0,-0.0085822226823456,0.0035006494495182,-0.0105022311761446,0.0063273975402982,0.006683774863536146,0.005272574318812667
2020-01-09,-59.263671875,15.8701171875,-3.09000015258789,0.3199996948242045,13.449999809265137,0.04,0.0,-12.829999999999998,0.0068200000000002,0.0,0.0,0.0,0.0078090683591011,-0.0085822226823456,0.0035006494495182,-0.0105022311761446,0.007329071975482813,0.00557222599805945
2020-01-10,19.703125,21.64990234375,-0.0499992370605468,0.1499938964844034,12.539999961853027,-0.02,0.0,-19.230000000000004,0.0047399999999999,0.0,0.0,0.0,7.13584219835117e-05,0.0078090683591011,-0.0085822226823456,0.0035006494495182,0.008614007530365737,0.005695678715040553
2020-01-13,-59.37890625,-9.349853515625,-0.5200004577636719,-0.0899963378906392,12.5600004196167,-0.02,-0.01,2.6599999999999966,-0.0011800000000006,0.0,0.0,0.0,0.0034404779787856,7.13584219835117e-05,0.0078090683591011,-0.0085822226823456,0.007831414107632445,0.005696473579648529
2020-01-14,-305.1259765625,22.77978515625,-0.9599990844726562,-0.0100021362304687,12.31999969482422,0.02,0.0,50.24,0.0100900000000008,0.0,0.0,0.0,0.0045696371171644,0.0034404779787856,7.13584219835117e-05,0.0078090683591011,0.006143019830281364,0.005701694288634517
2020-01-15,142.8701171875,-4.97998046875,0.1499977111816406,0.0200042724609517,12.390000343322754,-0.03,0.0,-15.549999999999995,-0.0056600000000006,0.0,0.0,0.0,-0.0066684823044433,0.0045696371171644,0.0034404779787856,7.13584219835117e-05,0.006258541224711493,0.005747612609974347
2020-01-16,2.7353515625,6.14013671875,-0.4199981689453125,-0.1399993896484517,12.420000076293944,-0.03,0.0,-10.5,0.0284700000000004,0.0,0.0,0.0,0.0004268484470818,-0.0066684823044433,0.0045696371171644,0.0034404779787856,0.005503737195287545,0.005751945474914011
2020-01-17,-2.943359375,27.52001953125,0.7099990844726562,0.089996337890625,12.31999969482422,0.02,0.0,-10.72,-0.0449200000000002,0.0,0.0,0.0,0.0008919553029829,0.0004268484470818,-0.0066684823044433,0.0045696371171644,0.00437885310257122,0.005416254491689779
2020-01-20,-42.0966796875,12.81005859375,0.0200004577636718,0.2900009155273437,12.100000381469728,0.03,0.01,-10.289999999999992,0.01262,0.0,0.0,0.0,-0.0074364819936718,0.0008919553029829,0.0004268484470818,-0.0066684823044433,0.004380334681582528,0.005403637147412628
2020-01-21,-166.01171875,0.0,0.0,0.0,12.100000381469728,0.0,0.0,18.289999999999992,0.0437000000000002,0.0,0.0,0.0,-0.0011039060074691,-0.0074364819936718,0.0008919553029829,0.0004268484470818,0.005199207547085443,0.0055754111956981016
2020-01-22,158.01171875,-8.830078125,-0.2000007629394531,-0.0800018310546875,12.850000381469728,-0.06,0.0,-8.489999999999995,-0.0200000000000004,0.0,0.0,0.0,-0.0007536651285967,-0.0011039060074691,-0.0074364819936718,0.0008919553029829,0.003980562875905496,0.005340471822324596
2020-01-23,36.0,0.9599609375,-1.5999984741210938,0.0,12.90999984741211,-0.01,0.0,-10.370000000000005,-0.0017999999999993,0.0,0.0,0.0,0.0025245965861588,-0.0007536651285967,-0.0011039060074691,-0.0074364819936718,0.0033669254286104668,0.0051796199262247955
2020-01-24,-24.61328125,3.7900390625,-1.1500015258789062,0.1600036621093608,12.979999542236328,-0.03,0.0,-6.519999999999996,-0.0129200000000002,0.0,0.0,0.0,-0.0008166083911606,0.0025245965861588,-0.0007536651285967,-0.0011039060074691,0.0037864248328838166,0.0050507253351528315
2020-01-27,-17.1982421875,-30.070068359375,-1.4000015258789134,0.1599960327148579,14.5600004196167,-0.04,0.0,-22.190000000000005,-0.01377,0.0,0.0,0.0,-0.0179204988879743,-0.0008166083911606,0.0025245965861588,-0.0007536651285967,0.003626935517421569,0.0049755811769739275
2020-01-28,102.78515625,-51.840087890625,-1.0499992370605398,0.1100006103515625,18.229999542236328,-0.0899999999999998,0.0,-26.23,0.07667,0.0,0.0,0.0,-0.0035973937082469,-0.0179204988879743,-0.0008166083911606,0.0025245965861588,0.008134275716358863,0.00627035940623525
2020-01-29,-498.7333984375,32.610107421875,0.3400001525878906,0.05999755859375,16.280000686645508,0.0399999999999998,0.0,72.43,-0.0678,0.0,0.0,0.0,0.0003044510794961,-0.0035973937082469,-0.0179204988879743,-0.0008166083911606,0.008017510396592856,0.006244053019886422
2020-01-30,420.759765625,-2.840087890625,-0.1499977111816406,-0.0299987792968892,16.389999389648438,-0.0499999999999998,0.0,-6.060000000000002,0.03071,0.0,0.0,0.0,-0.0091119462976305,0.0003044510794961,-0.0035973937082469,-0.0179204988879743,0.008141346750937067,0.006219573835031946
2020-01-31,-19.9853515625,10.260009765625,-1.19000244140625,-0.1199951171874715,15.489999771118164,-0.03,0.05,53.43000000000001,0.0058699999999998,0.0,0.0,0.0,-0.0195958641421419,-0.0091119462976305,0.0003044510794961,-0.0035973937082469,0.00748177521395103,0.006446748347827252
2020-02-03,29.166015625,-58.139892578125,-0.5799980163574219,-0.4800033569336079,18.84000015258789,-0.06,-0.01,-19.85000000000001,-0.0312599999999996,0.0,0.0,0.0,-0.009451508205764,-0.0195958641421419,-0.0091119462976305,0.0003044510794961,0.008700249849475481,0.007273103865814371
2020-02-04,-10.0537109375,23.39990234375,-1.4500007629394531,0.4100036621093608,17.969999313354492,0.03,0.0,1.9500000000000028,-0.0012800000000003,0.0,0.0,0.0,0.0064657688346518,-0.009451508205764,-0.0195958641421419,-0.0091119462976305,0.007512196802091179,0.007220635644311
2020-02-05,102.373046875,48.670166015625,-0.5,0.1599960327148579,16.049999237060547,0.07,0.0,-12.190000000000012,0.00096,0.0,0.0,0.0,0.0094398840439564,0.0064657688346518,-0.009451508205764,-0.0195958641421419,0.010014991480538051,0.007391180280360401
2020-02-06,-33.0927734375,37.099853515625,1.1399993896484375,0.30999755859375,15.149999618530272,0.0499999999999998,0.0,-27.02,0.0039199999999999,0.0,-0.04,0.0,0.0014433402200546,0.0094398840439564,0.0064657688346518,-0.009451508205764,0.01212671548220164,0.007755031539521378
2020-02-07,-34.1396484375,11.090087890625,0.2000007629394531,0.2300033569335937,14.960000038146973,-0.01,0.0,-3.1899999999999977,-0.0041799999999998,0.0,0.0,0.0,0.0020792819607958,0.0014433402200546,0.0094398840439564,0.0064657688346518,0.012030786464383856,0.00745497464624028
2020-02-10,29.732421875,-18.070068359375,-0.6300010681152344,0.1800003051757812,15.470000267028809,-0.0599999999999998,-0.01,48.52000000000001,-0.00415,0.0,0.0,0.0,-0.0079527123758024,0.0020792819607958,0.0014433402200546,0.0094398840439564,0.007189368084937017,0.007502581231424657
2020-02-11,-22.146484375,24.380126953125,-0.75,0.150001525878892,15.039999961853027,-0.03,0.0,-18.88000000000001,0.0239500000000001,0.0,0.0,-0.0499999999999998,0.0003886900035407,-0.0079527123758024,0.0020792819607958,0.0014433402200546,0.006599851290005548,0.007480792630415036
2020-02-12,15.736328125,5.659912109375,0.3699989318847585,-0.1100006103515482,15.18000030517578,0.03,0.0,41.32000000000001,0.0048899999999996,0.0,0.0,0.0,-0.006962909018574,0.0003886900035407,-0.0079527123758024,0.0020792819607958,0.006186397249136933,0.007320321390774609
2020-02-13,-34.0361328125,21.699951171875,1.2299995422363352,0.3300018310546733,13.739999771118164,0.03,0.0,-73.45,0.0038499999999999,0.0,0.0,0.0,-0.0069795498333013,-0.006962909018574,0.0003886900035407,-0.0079527123758024,0.004849394196122775,0.007328331723711002
2020-02-14,-156.81640625,-5.510009765625,0.25,0.0199966430664204,14.149999618530272,-0.01,0.0,2.969999999999999,0.0023100000000004,0.0,0.0,0.0,-0.0008534493191352,-0.0069795498333013,-0.006962909018574,0.0003886900035407,0.004728454587826408,0.007331217199561098
2020-02-17,194.6630859375,6.219970703125,0.6300010681152344,0.0500030517578267,13.68000030517578,-0.02,0.0,-10.25,0.0026200000000002,0.0,0.0,0.0,9.853450733851343e-05,-0.0008534493191352,-0.0069795498333013,-0.006962909018574,0.003915610070216054,0.007287605062792167
2020-02-18,-14.1103515625,0.0,0.0,0.0,13.68000030517578,0.0,0.0,10.560000000000002,-0.0203199999999998,0.0,0.0,0.0,0.0033075005482569,9.853450733851343e-05,-0.0008534493191352,-0.0069795498333013,0.0037794740694855646,0.0072678338800094494
2020-02-19,-32.048828125,-9.869873046875,0.0,0.3399963378906108,14.829999923706056,-0.04,0.01,-5.160000000000011,0.0022699999999993,0.0,0.0,0.0,0.0070802557488154,0.0033075005482569,9.853450733851343e-05,-0.0008534493191352,0.004553241170463434,0.0073979450672998865
2020-02-20,118.7587890625,15.85986328125,1.2400016784667969,0.1399993896484375,14.380000114440918,0.01,0.0,-20.91,0.0132900000000004,0.0,0.0,0.0,0.0023073854477058,0.0070802557488154,0.0033075005482569,9.853450733851343e-05,0.005222877336590222,0.007717883006300249
2020-02-21,-6.0,-12.919921875,0.4899978637695383,0.2700042724609517,15.5600004196167,-0.04,0.0,47.23,-0.1313300000000001,-0.25,0.0,0.0,-0.0101875298521914,0.0023073854477058,0.0070802557488154,0.0033075005482569,0.0031071647002085265,0.007710581507678181
2020-02-24,-58.517578125,-35.47998046875,-0.3999977111816477,-0.6100006103515625,17.079999923706055,-0.06,-0.01,2.890000000000001,-0.1014800000000004,0.0,0.0,0.0,-0.012867508853982,-0.0101875298521914,0.0023073854477058,0.0070802557488154,0.006496743081662085,0.007884612332272103
2020-02-25,68.00390625,-111.860107421875,-1.950000762939453,0.0299987792968607,25.030000686645508,-0.08,0.0,-17.86,-0.0353299999999991,0.0,0.0,0.0,-0.0034347624326324,-0.012867508853982,-0.0101875298521914,0.0023073854477058,0.008864066004606583,0.007449805596997688
2020-02-26,108.443359375,-97.679931640625,-1.529998779296875,-0.3199996948242187,27.850000381469727,-0.0499999999999998,0.0,59.11,0.0067399999999997,0.0,0.0,0.0,-0.0171173192125613,-0.0034347624326324,-0.012867508853982,-0.0101875298521914,0.008338366382269374,0.007448900298222974
2020-02-27,176.5703125,-11.820068359375,-1.170001983642578,0.029998779296875,27.559999465942383,0.0,0.0,-50.35000000000001,0.01262,0.0,0.0,0.0,-0.027303666670943,-0.0171173192125613,-0.0034347624326324,-0.012867508853982,0.00771928049710081,0.00806895219910884
2020-02-28,-125.5,-137.6298828125,-1.6399993896484375,-0.5599975585937642,39.15999984741211,-0.03,0.0,9.060000000000002,0.0081999999999995,0.0,0.0,0.0,-0.0151052636508361,-0.027303666670943,-0.0171173192125613,-0.0034347624326324,0.008859754921035037,0.009603072449883572
2020-03-02,385.0,-24.5400390625,-2.3300018310546875,-0.3100051879882812,40.11000061035156,-0.1700000000000001,0.0,65.89999999999999,-0.0127100000000002,0.0,0.0,0.0,-0.0169152228094801,-0.0151052636508361,-0.027303666670943,-0.0171173192125613,0.008573786849477408,0.009278675068045337
2020-03-03,-344.0380859375,136.010009765625,1.9900016784667969,-0.769996643066392,33.41999816894531,-0.0299999999999998,0.01,-18.919999999999987,0.0010000000000003,0.0,0.0,0.0,0.0289328376889565,-0.0169152228094801,-0.0151052636508361,-0.027303666670943,0.008493256147001691,0.009640641173260895
2020-03-04,248.0380859375,-86.85986328125,0.4300003051757812,-0.2099990844726562,36.81999969482422,-0.08,0.0,-20.97999999999999,0.0109799999999999,0.0,0.0,0.0,0.0235503905254822,0.0289328376889565,-0.0169152228094801,-0.0151052636508361,0.02201409552275509,0.0120198543739803
2020-03-05,-20.5,126.75,-0.4000015258788991,0.1899948120117187,31.989999771118164,0.0,-0.5,64.64999999999998,-0.0128300000000001,0.0,0.0,0.0,-0.0021272269918605,0.0235503905254822,0.0289328376889565,-0.0169152228094801,0.025700945051827854,0.013179406793295205
2020-03-06,56.5,-106.18017578125,-0.8799972534179759,-0.5199966430664062,39.619998931884766,-0.0999999999999999,0.0,-79.17999999999999,0.0301900000000001,0.0,0.2999999999999998,0.0,-0.0250698199053639,-0.0021272269918605,0.0235503905254822,0.0289328376889565,0.021466896711269917,0.013142682951509197
2020-03-09,53.599609375,-51.56982421875,-4.620002746582024,-0.870002746582017,41.93999862670898,-0.18,0.0,14.480000000000004,-0.0209099999999997,0.0,0.0,0.0,-0.0680505240288256,-0.0250698199053639,-0.0021272269918605,0.0235503905254822,0.023962789533082424,0.013966364403644422
2020-03-10,-58.060546875,-225.81005859375,-10.14999961853028,-1.0499954223632957,54.459999084472656,-0.1999999999999999,0.0,143.74,0.0140599999999997,0.0,0.0,0.0,0.0162235743162259,-0.0680505240288256,-0.0250698199053639,-0.0021272269918605,0.039654340791668206,0.019959230933011548
2020-03-11,-156.720703125,135.669921875,3.230001449584961,1.5100021362304688,47.29999923706055,0.2199999999999999,0.0,19.879999999999995,-0.0252499999999997,0.0,0.0,0.0,-0.0128621790858409,0.0162235743162259,-0.0680505240288256,-0.0250698199053639,0.03696706591162169,0.020587202901202462
2020-03-12,178.08203125,-140.85009765625,-1.3800010681152344,0.0999984741211079,53.900001525878906,0.0599999999999999,0.0,-61.390000000000015,0.0144700000000002,0.0,0.0,0.0,-0.0514263978876258,-0.0128621790858409,0.0162235743162259,-0.0680505240288256,0.03163827169345488,0.020635277404020505
2020-03-13,253.099609375,-260.739990234375,-1.479999542236328,0.959999084472642,75.47000122070312,0.06,0.01,-47.64999999999998,-0.0069300000000005,0.0,0.0,0.0,0.0024119912494424,-0.0514263978876258,-0.0128621790858409,0.0162235743162259,0.032962189271889396,0.02291526825286888
2020-03-16,324.0,230.380126953125,0.2299995422363281,1.279998779296875,57.83000183105469,0.0599999999999999,0.0,143.77,0.0017200000000006,0.0,0.0,0.0,-0.0452063678854022,0.0024119912494424,-0.0514263978876258,-0.0128621790858409,0.035792133012557334,0.022988566268171466
2020-03-17,-214.9775390625,-324.89013671875,-3.029998779296875,-0.660003662109375,82.69000244140625,-0.2099999999999999,-0.8500000000000001,-7.140000000000043,-0.0215000000000005,0.0,0.0,0.0,-0.0511531245058731,-0.0452063678854022,0.0024119912494424,-0.0514263978876258,0.029460407550623444,0.024249847766523405
2020-03-18,556.9775390625,143.06005859375,-1.75,1.4900054931640483,75.91000366210938,0.29,0.0,55.21000000000004,-0.0198,0.0,0.0,0.0,-0.0286964333182215,-0.0511531245058731,-0.0452063678854022,0.0024119912494424,0.02484177083543699,0.025558289482473927
2020-03-19,-236.2119140625,-131.08984375,-6.579999923706055,1.5800018310547017,76.44999694824219,0.1599999999999999,0.0,76.52999999999997,2.9999999999752447e-05,0.0,0.0,0.0,-0.0534146397769387,-0.0286964333182215,-0.0511531245058731,-0.0452063678854022,0.0227713587102759,0.02526169893724821
2020-03-20,518.7119140625,11.289794921875,4.84999847412109,1.599998474121108,72.0,-0.0599999999999998,-0.0499999999999999,59.21999999999997,-0.1052099999999995,-0.25,0.0,0.0,0.0215714456539846,-0.0534146397769387,-0.0286964333182215,-0.0511531245058731,0.023148219483935244,0.026224992809989946
2020-03-23,433.5,-104.469970703125,-2.7899990081787074,0.0599975585937357,66.04000091552734,-0.2,-0.05,118.84000000000005,-0.1478000000000001,0.0,0.0,0.0,-0.0502097608260715,0.0215714456539846,-0.0534146397769387,-0.0286964333182215,0.0311397149093974,0.027675632885028875
2020-03-24,-141.7529296875,-67.52001953125,0.9300003051757776,-0.3300018310547017,61.59000015258789,-0.16,0.0,-60.569999999999936,0.0319900000000004,0.0,0.0,0.0,-0.0130906457267039,-0.0502097608260715,0.0215714456539846,-0.0534146397769387,0.031769143031267995,0.028632153973854605
2020-03-26,738.5537109375,209.93017578125,0.6499996185302805,-0.75,61.66999816894531,0.0799999999999999,-0.03,23.83999999999992,0.0054400000000001,0.0,0.0,0.0,0.0970421898079312,-0.0130906457267039,-0.0502097608260715,0.0215714456539846,0.030688151537355803,0.02844072871549524
2020-03-27,-57.080078125,182.739990234375,-1.409999847412113,-2.3199996948241903,61.0,-0.01,-0.0199999999999999,73.51999999999998,-0.0155900000000004,0.0,0.0,0.0,0.0465315709306701,0.0970421898079312,-0.0130906457267039,-0.0502097608260715,0.06210334486248763,0.03855071677178224
2020-03-30,-229.083984375,-88.60009765625,-1.090000152587887,-1.0499954223632812,65.54000091552734,-0.1099999999999999,0.0,-113.12,-0.0042400000000002,0.0,0.0,0.0,-0.0292587311150856,0.0465315709306701,0.0970421898079312,-0.0130906457267039,0.05627080370953596,0.040642407410799615
2020-03-31,-213.3017578125,85.179931640625,-1.4200000762939489,0.8099975585937358,57.08000183105469,-0.02,-0.01,-195.72,0.0048700000000003,0.0,0.0,0.0,0.0277967628242766,-0.0292587311150856,0.0465315709306701,0.0970421898079312,0.06043660682236148,0.04086130283190497
2020-04-01,341.626953125,-42.059814453125,0.3899993896484375,-0.1299972534179829,53.540000915527344,0.0,-0.0099999999999999,155.08999999999995,0.0256400000000001,0.0,0.0,0.0,-0.0161898774911075,0.0277967628242766,-0.0292587311150856,0.0465315709306701,0.05013277573420816,0.04170967700892442
2020-04-02,-69.0185546875,-114.090087890625,-0.1700000762939453,0.6199951171875284,57.060001373291016,-0.0799999999999999,-0.02,-41.73999999999995,-0.0243600000000006,0.0,0.0,0.0,0.0145923852502666,-0.0161898774911075,0.0277967628242766,-0.0292587311150856,0.05074926961512316,0.040798690553242555
2020-04-03,134.865234375,56.39990234375,5.010000228881836,0.5100021362304545,50.90999984741211,0.01,-0.0099999999999999,263.21,-0.0127899999999998,0.0,0.0,0.0,0.020042832731887,0.0145923852502666,-0.0161898774911075,0.0277967628242766,0.031188962098835125,0.04045195856881652
2020-04-06,28.455078125,-38.25,3.020000457763672,0.400001525878892,46.79999923706055,-0.01,0.0,-197.52,0.0083800000000007,0.0,0.0,0.0,0.0399401958525992,0.020042832731887,0.0145923852502666,-0.0161898774911075,0.02473768061128244,0.04100867213531918
2020-04-07,-23.263671875,175.030029296875,-2.2600002288818395,0.1100006103515625,45.2400016784668,0.05,0.0,64.88,-0.0021900000000005,0.0,-0.02,0.0,-0.006921065085219,0.0399401958525992,0.020042832731887,0.0145923852502666,0.020971209518449933,0.04230081620370319
2020-04-08,-53.3515625,-4.27001953125,-2.4500007629394496,-0.709999084472642,46.70000076293945,0.0799999999999999,0.0,-137.3,-0.0077299999999995,0.0,0.0,0.0,-0.0323130591239307,-0.006921065085219,0.0399401958525992,0.020042832731887,0.022305643964384957,0.0397647759960348
2020-04-09,-139.6484375,90.570068359375,1.460000991821289,0.1399993896484517,43.34999847412109,0.02,0.0,56.05000000000001,0.0188099999999993,0.0,0.0,0.0,0.0048264049932214,-0.0323130591239307,-0.006921065085219,0.0399401958525992,0.027622932851776028,0.039970940283089514
2020-04-13,-65.623046875,39.840087890625,-2.329999923706051,-0.6000061035156392,41.66999816894531,-0.04,0.0,-106.58999999999996,-0.0057599999999995,0.0,0.0,0.0,-0.0054319407868432,0.0048264049932214,-0.0323130591239307,-0.006921065085219,0.027301301323480746,0.04000773638107929
2020-04-14,-359.376953125,-28.190185546875,-0.3500003814697301,-0.1699981689453125,41.16999816894531,0.03,0.0,221.26999999999992,-0.0078599999999999,0.0,0.0,0.0,0.0177054480480628,-0.0054319407868432,0.0048264049932214,-0.0323130591239307,0.026172754540664058,0.0385016282911471
2020-04-15,-49.0,84.43017578125,-2.2999992370605504,-0.4599990844726562,37.7599983215332,0.0,0.0,-197.48999999999995,0.0016499999999997,0.0,0.0,0.0,-0.0172706835182528,0.0177054480480628,-0.0054319407868432,0.0048264049932214,0.018441348381709372,0.038762756306024965
2020-04-16,-172.6533203125,-62.699951171875,-0.2399997711181605,0.5699996948242188,40.84000015258789,-0.13,0.0,14.360000000000014,-0.0111999999999996,0.0,0.0,0.0,-0.0319134675550398,-0.0172706835182528,0.0177054480480628,-0.0054319407868432,0.019349764263779674,0.03761367879286927
2020-04-17,309.1533203125,16.18994140625,0.0,0.5699996948242188,40.11000061035156,-0.02,0.0,49.839999999999975,0.01912,0.0,0.0,0.0,0.0338390225878789,-0.0319134675550398,-0.0172706835182528,0.0177054480480628,0.019216850033956012,0.036484352361417505
2020-04-20,-319.1611328125,75.010009765625,-1.6000003814697266,-0.25,38.150001525878906,0.04,0.0,68.18000000000006,-0.0151200000000004,0.0,0.0,0.0,-0.0127930896659111,0.0338390225878789,-0.0319134675550398,-0.0172706835182528,0.026471339549513945,0.03655113514432132
2020-04-21,-145.3388671875,-51.400146484375,-55.900001525878906,0.1800003051757812,43.83000183105469,-0.02,0.0,44.95999999999992,0.0021200000000005,0.0,0.0,0.0,-0.0163007082498573,-0.0127930896659111,0.0338390225878789,-0.0319134675550398,0.02700556824830018,0.03428674880324317
2020-04-22,-45.919921875,-86.599853515625,47.64000129699707,0.3000030517578267,45.40999984741211,-0.05,0.0,-19.529999999999973,0.0024600000000001,0.0,0.0,0.0,0.0144758477373105,-0.0163007082498573,-0.0127930896659111,0.0338390225878789,0.024981182753155813,0.034393703548297454
2020-04-23,17.5986328125,62.75,3.769999504089356,0.1299972534179545,41.97999954223633,0.05,0.0,-87.70999999999998,-0.0078599999999999,0.0,0.0,0.0,0.0056744738624498,0.0144758477373105,-0.0163007082498573,-0.0127930896659111,0.02631661016612824,0.03203459846329505
2020-04-24,13.943359375,-1.510009765625,2.7200002670288086,0.0400009155273437,41.380001068115234,-0.02,-0.01,-5.879999999999996,0.0078699999999996,0.0,0.0,0.0,-0.0214517202251107,0.0056744738624498,0.0144758477373105,-0.0163007082498573,0.02056847015971557,0.03169543628507305
2020-04-27,256.3779296875,38.93994140625,0.4400005340576172,-0.0500030517578267,35.93000030517578,-0.01,0.01,56.95999999999998,-0.0078199999999997,0.0,0.0,0.0,0.0037910489865005,-0.0214517202251107,0.0056744738624498,0.0144758477373105,0.015382853766760962,0.024337594314820608
2020-04-28,-316.255859375,41.739990234375,-4.160000801086426,-0.3399963378906108,33.290000915527344,0.07,-0.01,80.15999999999997,0.0088599999999994,0.0,0.0,0.0,0.0036301353511162,0.0037910489865005,-0.0214517202251107,0.0056744738624498,0.015361170201272237,0.02196165574961637
2020-04-29,-36.3583984375,-15.090087890625,-0.4399995803833008,-0.1699981689452983,33.56999969482422,-0.05,0.0,-162.76999999999998,0.0016000000000007,0.0,0.0,0.0,0.0083037856089385,0.0036301353511162,0.0037910489865005,-0.0214517202251107,0.013434895809035022,0.020888854956458505
2020-04-30,52.208984375,76.1201171875,2.7200002670288086,-0.3000030517578267,31.229999542236328,0.01,0.0,-40.77999999999997,0.0013599999999991,0.0,0.0,0.0,0.032119087692067,0.0083037856089385,0.0036301353511162,0.0037910489865005,0.012133406345622808,0.02002365491530715
2020-05-04,-129.9580078125,-27.080078125,3.779999732971192,-0.5500030517578125,34.150001525878906,0.01,0.01,0.9599999999999796,0.0098600000000006,0.0,0.0,0.0,-0.0237980183187432,0.032119087692067,0.0083037856089385,0.0036301353511162,0.01903289120497771,0.020825969238702103
2020-05-05,-563.63671875,-69.68994140625,1.5499992370605504,0.4600067138671875,35.970001220703125,0.0,0.0,9.310000000000002,-0.0099999999999997,0.0,0.0,0.0,0.0053371740258536,-0.0237980183187432,0.032119087692067,0.0083037856089385,0.01986732153059377,0.02143511128348612
2020-05-06,373.0,25.699951171875,4.170000076293942,0.2299957275390625,33.61000061035156,0.02,0.0,358.28,0.0127999999999994,0.0,-0.29,0.0,-0.0046201947447734,0.0053371740258536,-0.0237980183187432,0.032119087692067,0.01985954342023516,0.020988129080342595
2020-05-08,291.0,-20.02001953125,-0.5699996948242188,0.3799972534179687,34.119998931884766,0.0599999999999999,0.0,-308.95,0.0079799999999998,0.0,0.0,0.0,-0.0024678681981595,-0.0046201947447734,0.0053371740258536,-0.0237980183187432,0.020350786891712398,0.0187824546473107
2020-05-11,-108.0,81.380126953125,0.75,-0.3599929809570312,27.979999542236328,-0.03,0.0,-10.180000000000009,-0.0192199999999997,0.0,0.0,0.0,0.009023965542746,-0.0024678681981595,-0.0046201947447734,0.0053371740258536,0.020280964075517775,0.018749354431463323
2020-05-12,-505.6015625,0.389892578125,-0.600000381469723,0.5099945068359233,27.56999969482422,0.04,0.0,38.83000000000004,0.0132199999999995,0.0,0.0,-1.99,-0.0109173111440598,0.009023965542746,-0.0024678681981595,-0.0046201947447734,0.012738572230918926,0.017458055331211426
2020-05-13,127.3017578125,-60.06982421875,1.6400012969970668,-0.3099975585937358,33.040000915527344,-0.04,0.0,-85.21000000000004,-0.01654,0.0,0.0,0.0,-0.0075193728901079,-0.0109173111440598,0.009023965542746,-0.0024678681981595,0.007966893171011468,0.017589781370847556
2020-05-14,145.2998046875,-50.1201171875,-0.489999771118164,0.3099975585937358,35.279998779296875,-0.0499999999999999,0.0,111.06000000000006,0.0131100000000001,0.0,0.0,0.0,-0.0089378716793907,-0.0075193728901079,-0.0109173111440598,0.009023965542746,0.007585216225125378,0.01762578501629226
2020-05-15,-147.126953125,32.5,2.269998550415039,0.2300033569336079,32.61000061035156,-0.01,0.0,-45.190000000000055,-0.0080200000000001,0.0,0.0,0.0,-0.0013805004825331,-0.0089378716793907,-0.0075193728901079,-0.0109173111440598,0.008007104458260625,0.017157529945498108
2020-05-18,-36.7529296875,11.199951171875,1.8700008392333984,-0.0699996948242187,31.88999938964844,0.01,0.0,-133.79999999999995,0.0006099999999999,0.0,0.0,0.0,0.0007653398875578,-0.0013805004825331,-0.0089378716793907,-0.0075193728901079,0.008079120457370212,0.016781340600425246
2020-05-19,42.8798828125,90.2099609375,2.389999389648437,-0.7300033569335795,29.299999237060547,0.0899999999999999,0.0,137.39999999999998,0.0202200000000001,0.0,0.0,0.0,0.0083000131446725,0.0007653398875578,-0.0013805004825331,-0.0089378716793907,0.005035396815378094,0.015155391462696729
2020-05-20,25.0,-30.969970703125,0.6800003051757812,-0.2999954223632812,30.530000686645508,-0.03,0.0,-147.95999999999998,-0.0330099999999999,0.0,0.0,0.0,-0.0005945530335339,0.0083000131446725,0.0007653398875578,-0.0013805004825331,0.006935727997035134,0.013123961178269286
2020-05-26,-129.552734375,48.670166015625,0.9900016784667968,-0.25,27.989999771118164,-0.0199999999999999,0.0,57.01999999999998,0.2111900000000002,0.0,0.0,0.0,0.0176280318649411,-0.0005945530335339,0.0083000131446725,0.0007653398875578,0.006142843067643257,0.01282405311686477
2020-05-27,-246.689453125,20.159912109375,0.8599967956542969,-0.2099990844726704,28.01000022888184,0.0099999999999998,0.0,-31.470000000000027,-0.2137000000000002,0.0,0.0,0.0,0.0031842461171493,0.0176280318649411,-0.0005945530335339,0.0083000131446725,0.008066653029840573,0.012844062151210709
2020-05-28,348.2421875,44.35986328125,-1.539997100830078,0.1499938964843892,27.6200008392334,-0.0099999999999998,0.0,-34.10999999999996,0.0013900000000006,0.0,0.0,0.0,0.0159507452127272,0.0031842461171493,0.0176280318649411,-0.0005945530335339,0.007402983456267828,0.012480592235562988
2020-05-29,38.5,-6.39990234375,0.8999977111816406,-0.6800003051758097,28.59000015258789,0.0199999999999999,0.0,66.88999999999999,0.01173,0.0,0.0,0.0,0.0079044890144809,0.0159507452127272,0.0031842461171493,0.0176280318649411,0.00789093964006031,0.012896289028883916
2020-06-02,-63.5,14.580078125,1.7800025939941406,-0.0400009155273295,27.51000022888184,-0.0499999999999999,0.0,4.289999999999964,0.0054499999999997,0.0,0.0,0.0,0.0195598068286011,0.0079044890144809,0.0159507452127272,0.0031842461171493,0.007900355963425192,0.011791710049617684
2020-06-03,-251.5,36.510009765625,1.3199996948242188,-0.6699981689452983,26.84000015258789,0.03,0.0099999999999999,-168.78999999999996,0.01452,0.0,0.0,0.0,0.0191044073989237,0.0195598068286011,0.0079044890144809,0.0159507452127272,0.006988392003893179,0.012375250502702387
2020-06-04,-229.6767578125,42.050048828125,0.4799995422363281,-0.3899993896484517,25.65999984741211,0.0899999999999999,0.0,29.680000000000007,-0.0154700000000005,0.0,0.0,0.0,-0.0049305177653027,0.0191044073989237,0.0195598068286011,0.0079044890144809,0.007266635602415603,0.01285346799220471
2020-06-05,-213.8232421875,-10.52001953125,0.1199989318847656,-0.5999984741210938,25.809999465942383,0.0499999999999999,0.0,-55.93000000000001,0.0269200000000005,0.0,0.0,0.0,0.0063010331791812,-0.0049305177653027,0.0191044073989237,0.0195598068286011,0.010313639785512174,0.012979106980704739
2020-06-08,-44.552734375,81.579833984375,2.139999389648437,0.2600021362304545,24.520000457763672,0.09,0.01,3.829999999999984,-0.01126,0.0,-0.48,0.0,0.0245120281576785,0.0063010331791812,-0.0049305177653027,0.0191044073989237,0.010178711353949292,0.011158507460527446
2020-06-09,-222.447265625,38.4599609375,-1.3600006103515696,-0.3199996948241903,25.809999465942383,-0.03,0.0,83.57,-0.0100199999999999,0.0,0.0,0.0,-0.0070269847451097,0.0245120281576785,0.0063010331791812,-0.0049305177653027,0.012032873573294007,0.010392717053177115
2020-06-10,207.7998046875,-25.2099609375,0.75,-0.3000030517578267,27.56999969482422,-0.04,0.0,-127.32,-0.0141400000000002,0.0,0.0,0.0,-0.0229773195769526,-0.0070269847451097,0.0245120281576785,0.0063010331791812,0.01406251789747952,0.0107222328845065
2020-06-11,-218.6962890625,-17.0400390625,0.6599998474121094,-0.3600006103515625,27.56999969482422,-0.0899999999999999,0.0099999999999999,46.56,-0.0125799999999998,0.0,0.0,0.0,-0.0134887532450442,-0.0229773195769526,-0.0070269847451097,0.0245120281576785,0.01759822786656703,0.012200140788353277
2020-06-12,95.33984375,-188.039794921875,-3.259998321533196,0.7700042724609375,40.790000915527344,-0.0899999999999999,0.0,79.98000000000002,0.0169100000000002,0.0,0.0,0.0,0.0052603477857432,-0.0134887532450442,-0.0229773195769526,-0.0070269847451097,0.018490999677567847,0.012711319265119154
2020-06-15,527.556640625,39.2099609375,-0.0800018310546875,0.589996337890625,36.09000015258789,0.0499999999999999,0.0,-24.74000000000001,0.0062499999999996,0.0,0.0,0.0,-0.0132052994832724,0.0052603477857432,-0.0134887532450442,-0.0229773195769526,0.01837213621249036,0.012640792748177478
2020-06-16,-357.0,25.280029296875,0.8600006103515625,-0.6399993896484375,34.400001525878906,0.0,0.0099999999999999,7.21999999999997,0.0107499999999998,0.0,0.0,0.0,0.0347123796115796,-0.0132052994832724,0.0052603477857432,-0.0134887532450442,0.010394224688537903,0.012778545292557165
2020-06-17,-129.880859375,58.14990234375,1.2600021362304688,0.279998779296875,33.66999816894531,0.04,0.0,19.350000000000023,-0.0356100000000001,0.0,0.0,0.0,0.0002642551029756,0.0347123796115796,-0.0132052994832724,0.0052603477857432,0.022902463994106118,0.014431917179153821
2020-06-18,286.880859375,-11.25,-0.4200019836425781,0.2000045776367187,33.470001220703125,-0.01,0.0,28.70999999999998,-0.0250799999999999,0.0,0.0,0.0,-0.0126154565491297,0.0002642551029756,0.0347123796115796,-0.0132052994832724,0.01969983881324711,0.01412326505315204
2020-06-19,-172.2646484375,1.85009765625,0.8800010681152344,0.2599945068359517,32.939998626708984,-0.03,0.0,-25.44,-0.0156399999999994,-0.25,0.0,0.0,0.0034510935430488,-0.0126154565491297,0.0002642551029756,0.0347123796115796,0.019523412542099227,0.014605283544426093
2020-06-22,-105.04296875,-17.60009765625,0.9099998474121094,0.2000045776367187,35.119998931884766,-0.01,0.0,127.68,-0.1956300000000004,0.0,0.0,0.0,-0.004754819982101,0.0034510935430488,-0.0126154565491297,0.0002642551029756,0.01948506931184248,0.01458214028142814
2020-06-23,95.3076171875,20.1201171875,0.7099990844726562,-0.5800018310547017,31.770000457763672,0.01,-0.0099999999999999,-191.09,-0.00258,0.0,0.0,0.0,-0.0081034100468853,-0.004754819982101,0.0034510935430488,-0.0126154565491297,0.018096988548265348,0.014697864030028561
2020-06-24,-12.865234375,13.429931640625,-0.0900001525878906,-0.3499984741211079,31.3700008392334,0.01,0.0,49.599999999999966,-0.00868,0.0,0.0,0.0,0.017392393201867,-0.0081034100468853,-0.004754819982101,0.0034510935430488,0.006417128152102616,0.014913360690052186
2020-06-25,33.04296875,-80.9599609375,-2.3600006103515625,0.4599990844726704,33.84000015258789,-0.03,0.0,-84.74999999999997,0.0115300000000004,0.0,0.0,0.0,-0.0137922635053427,0.017392393201867,-0.0081034100468853,-0.004754819982101,0.011806152519187598,0.01490173065068982
2020-06-26,176.1220703125,33.429931640625,0.7100028991699219,0.279998779296875,32.220001220703125,-0.0099999999999998,0.0,1.3199999999999932,-0.0057,0.0,0.0,0.0,0.0015014892910724,-0.0137922635053427,0.017392393201867,-0.0081034100468853,0.012105383331515389,0.015397406309971114
2020-06-29,86.900390625,-74.7099609375,-0.2299995422363281,0.0699996948242187,34.72999954223633,-0.04,0.0,34.609999999999985,-0.0245800000000002,0.0,0.0,0.0,-0.0004629902891096,0.0015014892910724,-0.0137922635053427,0.017392393201867,0.011950072264018232,0.015077416361088544
2020-06-30,-163.2001953125,44.18994140625,1.2099990844726562,0.0400009155273437,31.780000686645508,0.0,0.0,41.25,0.0373599999999996,0.0,0.0,0.0,0.0007288961738315,-0.0004629902891096,0.0015014892910724,-0.0137922635053427,0.011815826424944786,0.015019574414118128
2020-07-01,257.2001953125,47.050048828125,-0.4300003051757812,-0.1500015258789062,30.43000030517578,0.02,0.0,-9.20999999999998,0.0110400000000003,0.0,0.0,0.0,0.0018322398294528,0.0007288961738315,-0.0004629902891096,0.0015014892910724,0.011067519245176497,0.014407953487662899
2020-07-02,-276.1494140625,15.570068359375,0.5499992370605469,-0.1900024414062358,28.6200008392334,0.0299999999999999,0.0,37.25,-0.0319099999999998,0.0,0.0,0.0,0.010604433139425,0.0018322398294528,0.0007288961738315,-0.0004629902891096,0.006629589353355374,0.013742287067809836
2020-07-03,-6.1923828125,14.14990234375,0.8300018310546875,0.120002746582017,27.68000030517578,-0.0099999999999998,0.0099999999999999,-79.92000000000002,-0.0174000000000003,0.0,0.0,0.0,0.0014112186098134,0.010604433139425,0.0018322398294528,0.0007288961738315,0.004428885705251195,0.013903099495858445
2020-07-06,110.9208984375,0.0,0.0,0.0,27.68000030517578,0.0,0.0,162.31,-0.0342499999999996,0.0,0.0,0.0,0.0030257535412682,0.0014112186098134,0.010604433139425,0.0018322398294528,0.004435888773353108,0.013838685921116999
2020-07-07,204.220703125,49.7099609375,-0.0200004577636718,-0.529998779296875,27.940000534057617,0.0099999999999998,0.0,-22.81,-0.0399500000000001,0.0,-0.2299999999999999,0.0,-0.000357696263695,0.0030257535412682,0.0014112186098134,0.010604433139425,0.00404719733552289,0.012639066986333457
2020-07-08,-296.4912109375,-34.39990234375,-0.0100021362304687,0.0899963378906107,29.43000030517578,-0.0399999999999999,0.0,-110.58999999999996,-0.03105,0.0,0.0,0.0,0.0177068189191317,-0.000357696263695,0.0030257535412682,0.0014112186098134,0.004258240856000984,0.012554161656957278
2020-07-09,276.9912109375,24.619873046875,0.2800025939941406,-0.4499969482421733,28.07999992370605,0.02,0.0,40.71999999999997,-0.0621399999999998,0.0,0.0,0.0,-0.0046164475704358,0.0177068189191317,-0.000357696263695,0.0030257535412682,0.007540405284106298,0.01200064863458548
2020-07-10,-133.9345703125,-17.889892578125,-1.2800025939941406,0.2699966430664204,29.26000022888184,-0.05,0.0,-51.839999999999975,0.0179899999999997,0.0,0.0,0.0,-0.0042717200145114,-0.0046164475704358,0.0177068189191317,-0.000357696263695,0.008472873424013894,0.011571568418615988
2020-07-13,196.134765625,32.989990234375,0.9300003051757812,-0.0499954223632954,27.290000915527344,0.03,0.0,-8.220000000000027,-0.0055399999999998,0.0,0.0,0.0,0.0065752803435698,-0.0042717200145114,-0.0046164475704358,0.0177068189191317,0.00916494479594878,0.011626349473862473
2020-07-14,-117.7001953125,-29.820068359375,-0.4500007629394602,-0.19000244140625,32.189998626708984,-0.01,0.0,-46.72999999999999,-0.10603,0.0,0.0,0.0,0.002893518726627,0.0065752803435698,-0.0042717200145114,-0.0046164475704358,0.009370634976031193,0.01113866019737064
2020-07-15,156.0,42.300048828125,0.1900024414062571,-0.1999969482421733,29.520000457763672,-0.01,0.0,95.73999999999998,-0.0197799999999999,0.0,0.0,0.0,-0.0006547011486675,0.002893518726627,0.0065752803435698,-0.0042717200145114,0.009189820591926936,0.008175564260155796
2020-07-16,131.400390625,29.0400390625,0.9099998474121094,-0.1800003051758096,27.76000022888184,0.01,0.01,44.46000000000004,0.0073400000000001,0.0,0.0,0.0,0.0044379452610345,-0.0006547011486675,0.002893518726627,0.0065752803435698,0.004785224096160407,0.008182027104998319
2020-07-17,-154.228515625,-10.989990234375,-0.4500007629394531,0.2699966430664204,28.0,-0.02,0.0,-39.03000000000003,-0.1829800000000001,-0.25,0.0,0.0,-0.0036921123130353,0.0044379452610345,-0.0006547011486675,0.002893518726627,0.004296775098656225,0.0075677219052171845
2020-07-20,-8.9619140625,9.159912109375,-0.1599998474121093,-0.4099960327148579,25.68000030517578,0.02,-0.01,241.35,-0.1757499999999998,0.0,0.0,0.0,-0.0056223369475692,-0.0036921123130353,0.0044379452610345,-0.0006547011486675,0.004095240885403367,0.007650200943390664
2020-07-21,135.7900390625,27.110107421875,0.220001220703125,-0.1100006103515625,24.459999084472656,-0.02,0.01,-124.91999999999996,-0.0222600000000001,0.0,0.0,0.0,0.0125132825324004,-0.0056223369475692,-0.0036921123130353,0.0044379452610345,0.004252861698540959,0.007689117305460069
2020-07-22,261.2998046875,5.4599609375,1.1499977111816406,-0.7099990844726278,24.84000015258789,-0.01,0.0,-6.6200000000000045,-0.00922,0.0,0.0,0.0,-0.0008845024835047,0.0125132825324004,-0.0056223369475692,-0.0036921123130353,0.0072835210687219225,0.007740132822713256
2020-07-23,-322.4375,18.719970703125,-0.05999755859375,-0.1500015258789204,24.31999969482422,-0.01,-0.01,-126.5,0.0173300000000002,0.0,0.0,0.0,0.0067912666136858,-0.0008845024835047,0.0125132825324004,-0.0056223369475692,0.007300405163991795,0.006905563251961452
2020-07-24,3.1376953125,-40.360107421875,-0.8300018310546875,-0.2799987792968892,26.07999992370605,-0.01,0.0,-14.91999999999996,-0.0158900000000001,0.0,0.0,0.0,-0.0121273580108876,0.0067912666136858,-0.0008845024835047,0.0125132825324004,0.007618166969026384,0.005988246106940425
2020-07-27,-51.095703125,-20.030029296875,0.220001220703125,-0.25,25.84000015258789,0.0,0.0,8.149999999999977,-0.0028999999999999,0.0,0.0,0.0,0.0066031487716899,-0.0121273580108876,0.0067912666136858,-0.0008845024835047,0.009773426950051409,0.006822029286767901
2020-07-28,24.095703125,23.780029296875,0.3099975585937429,-0.7700042724609091,24.739999771118164,0.03,0.01,231.71000000000004,-0.0123800000000002,0.0,0.0,0.0,-0.0007189384841167,0.0066031487716899,-0.0121273580108876,0.0067912666136858,0.009498680803832817,0.00688183632282043
2020-07-29,11.5,-20.969970703125,-0.5599975585937429,0.0900039672851562,25.440000534057617,-0.03,0.0,-206.23,-0.0037599999999997,0.0,0.0,0.0,0.0071407250364519,-0.0007189384841167,0.0066031487716899,-0.0121273580108876,0.0077147954387397485,0.006905090760580962
2020-07-30,19.0,40.0,0.2299995422363281,-0.5,24.100000381469727,-0.01,0.0,54.53999999999997,0.0312899999999998,0.0,0.0,0.0,-5.689124072550684e-07,0.0071407250364519,-0.0007189384841167,0.0066031487716899,0.008313826595608967,0.0069967885512548485
2020-08-03,-175.1552734375,-12.219970703125,-1.3500022888183594,-0.2400054931640767,24.76000022888184,-0.0299999999999999,0.0,-62.5,-0.0062699999999997,0.0,0.0,0.0,-0.0282425083337233,-5.689124072550684e-07,0.0071407250364519,-0.0007189384841167,0.007778500628735129,0.00673426066201308
2020-08-04,134.6552734375,48.39013671875,1.0900001525878906,0.4800033569335937,24.280000686645508,0.01,0.0,-36.72999999999996,-0.0134099999999999,0.0,0.0,0.0,0.0136451423481145,-0.0282425083337233,-5.689124072550684e-07,0.0071407250364519,0.01454672909010002,0.009516029390517777
2020-08-05,-52.0791015625,11.89990234375,0.69000244140625,-0.1200027465820454,23.76000022888184,-0.04,0.0,120.28999999999996,-0.0360900000000001,0.0,0.0,0.0,0.0102036876438666,0.0136451423481145,-0.0282425083337233,-5.689124072550684e-07,0.01598410251813063,0.00996054391197857
2020-08-06,179.0791015625,21.260009765625,0.4899978637695241,-0.5499954223632812,22.989999771118164,0.03,0.0,-137.33999999999995,-0.0009800000000002,0.0,-0.4199999999999999,0.0,0.0099408071796967,0.0102036876438666,0.0136451423481145,-0.0282425083337233,0.016862871601112838,0.010170564312949541
2020-08-07,-412.357421875,21.389892578125,-0.2399978637695241,-0.0400009155273295,22.64999961853028,0.0,0.0,31.639999999999983,-0.0102499999999996,0.0,0.0,0.0,-0.006661205907981,0.0099408071796967,0.0102036876438666,0.0136451423481145,0.017180011717984715,0.00964947743768475
2020-08-10,260.814453125,2.1201171875,-0.7299995422363281,0.650001525878892,22.209999084472656,0.0199999999999999,0.0,-8.930000000000007,0.0066299999999999,0.0,0.0,0.0,0.0027065221996471,-0.006661205907981,0.0099408071796967,0.0102036876438666,0.017542003208037373,0.009722623529926366
2020-08-11,49.54296875,9.18994140625,0.7199974060058523,0.1399993896484375,22.1299991607666,0.02,0.0,111.92000000000002,0.00686,0.0,0.0,-8.290000000000001,0.0062497159922887,0.0027065221996471,-0.006661205907981,0.0099408071796967,0.008105504850895152,0.009652467144230363
2020-08-12,205.7998046875,-26.780029296875,-0.3299980163574147,0.0499954223632812,24.030000686645508,0.05,0.0,-29.480000000000015,-0.02359,0.0,0.0,0.0,0.0083046900640089,0.0062497159922887,0.0027065221996471,-0.006661205907981,0.006945939283237221,0.009643270326001697
2020-08-13,34.7001953125,46.66015625,1.05999755859375,-0.1899948120117187,22.280000686645508,0.0499999999999999,0.0,-156.94,0.01051,0.0,0.0,0.0,0.0011072313663945,0.0083046900640089,0.0062497159922887,0.0027065221996471,0.00659849850984666,0.009767623631703859
2020-08-14,-187.6904296875,-6.920166015625,-0.4299964904785156,-0.1000061035156107,22.1299991607666,0.02,0.0,80.52000000000004,-0.0211900000000002,0.0,0.0,0.0,0.0016096102915858,0.0011072313663945,0.0083046900640089,0.0062497159922887,0.005777957291593747,0.009755136634139032
2020-08-18,2.6875,-0.579833984375,-0.2300033569335937,-0.2399978637695312,22.049999237060547,0.0,0.0,63.079999999999984,-0.0017199999999997,0.0,0.0,0.0,0.0090078386349516,0.0016096102915858,0.0011072313663945,0.0083046900640089,0.003136344922974157,0.009732071077085914
2020-08-19,295.9033203125,16.929931640625,0.8800010681152344,-0.8300018310546875,21.51000022888184,-0.0399999999999999,-0.01,-4.1200000000000045,0.0202099999999996,0.0,0.0,0.0,-0.0042323688518795,0.0090078386349516,0.0016096102915858,0.0011072313663945,0.003703603469470666,0.009793488464255496
2020-08-24,-371.328125,-14.929931640625,0.0400009155273437,0.6200027465820312,22.540000915527344,0.01,0.0,-125.5,0.00963,0.0,0.0,0.0,0.0008020885277555,-0.0042323688518795,0.0090078386349516,0.0016096102915858,0.0055210899130122264,0.009740755418647265
2020-08-25,165.927734375,56.429931640625,-0.3100013732910156,0.4100036621093608,22.3700008392334,-0.03,0.0,-29.28,0.0017599999999999,0.0,0.0,0.0,0.0116518990545156,0.0008020885277555,-0.0042323688518795,0.0090078386349516,0.004736951588285441,0.009431956791226858
2020-08-26,-134.599609375,12.340087890625,0.729999542236321,-0.280006408691392,22.030000686645508,0.0399999999999999,0.0,26.78,-0.0288899999999996,0.0,0.0,0.0,0.0002696717387056,0.0116518990545156,0.0008020885277555,-0.0042323688518795,0.006462835132683181,0.009674248758480313
2020-08-27,-21.7001953125,35.10986328125,0.0400009155273508,-0.0099945068359232,23.270000457763672,0.0,0.0,-59.41,0.0329099999999997,0.0,0.0,0.0,0.0058149199712085,0.0002696717387056,0.0116518990545156,0.0008020885277555,0.006601004081222981,0.009620723313044
2020-08-28,-160.3173828125,5.820068359375,-0.3499984741210937,0.0,24.46999931335449,0.05,-0.0099999999999999,26.340000000000003,-0.0405699999999997,0.0,0.0,0.0,-0.0046301042233046,0.0058149199712085,0.0002696717387056,0.0116518990545156,0.006067856486583497,0.009068161816506624
2020-08-31,-1.37890625,23.4599609375,-0.0699996948242187,-0.6399993896484375,22.959999084472656,0.0,0.0099999999999999,115.66999999999996,0.0086899999999996,0.0,0.0,0.0,-0.0204392323271658,-0.0046301042233046,0.0058149199712085,0.0002696717387056,0.006185564729099614,0.009164969157571238
2020-09-01,171.99609375,-7.699951171875,-0.3600006103515625,-0.2300033569336079,26.40999984741211,-0.02,0.0,-127.17999999999998,0.0140700000000002,0.0,0.0,0.0,0.0136870553972338,-0.0204392323271658,-0.0046301042233046,0.0058149199712085,0.012228028525410285,0.010464087091116434
2020-09-02,-18.2998046875,26.33984375,0.1499977111816406,0.1999969482421875,26.1200008392334,-0.0399999999999999,0.0,35.59,-0.0103200000000001,0.0,0.0,0.0,0.0002430684815121,0.0136870553972338,-0.0204392323271658,-0.0046301042233046,0.012794612959367985,0.010757553415524807
2020-09-03,218.8994140625,54.190185546875,-1.25,0.5100021362304688,26.56999969482422,-0.02,0.0,33.140000000000015,0.0018899999999999,0.0,0.0,0.0,-0.0058827440945389,0.0002430684815121,0.0136870553972338,-0.0204392323271658,0.012793927531211646,0.010755855173013184
2020-09-04,-253.4521484375,-125.780029296875,-0.1399993896484375,-0.1100006103515767,33.599998474121094,-0.03,0.0,5.689999999999998,-0.0164200000000001,0.0,0.0,0.0,-0.0077869839400476,-0.0058827440945389,0.0002430684815121,0.0136870553972338,0.012280593701318959,0.008400025119584317
2020-09-07,-19.16015625,-28.10009765625,-1.5999984741210938,-0.019996643066392,30.75,0.0899999999999999,0.0,-19.51000000000002,0.0141600000000003,0.0,0.0,0.0,-0.0018443615945137,-0.0077869839400476,-0.0058827440945389,0.0002430684815121,0.012439488478835472,0.008292584900987771
2020-09-08,195.0126953125,0.0,0.0,0.0,30.75,0.0,0.0,267.36,-0.0106300000000003,0.0,-0.2199999999999999,0.0,0.0026495379417236,-0.0018443615945137,-0.0077869839400476,-0.0058827440945389,0.008448938467193714,0.008069154953909502
2020-09-09,54.0,-95.119873046875,-3.0100021362304688,0.7600021362304688,31.459999084472656,-0.03,0.0,-282.59000000000003,0.0056600000000002,0.0,0.0,0.0,-0.0182227155911565,0.0026495379417236,-0.0018443615945137,-0.0077869839400476,0.00429721516170251,0.007804111876290789
2020-09-10,120.2001953125,67.119873046875,1.2900009155273438,-0.2200012207031108,28.809999465942383,0.02,0.0,0.7599999999999909,-0.0070399999999999,0.0,0.0,0.0,-0.0513845186427208,-0.0182227155911565,0.0026495379417236,-0.0018443615945137,0.007817436346193201,0.008744291066363484
2020-09-11,-41.0,-59.77001953125,-0.75,0.079994201660142,29.709999084472656,-0.0299999999999999,0.0,8.560000000000002,0.0022899999999999,0.0,0.0,0.0,0.0252837028087718,-0.0513845186427208,-0.0182227155911565,0.0026495379417236,0.021623590670561337,0.014409981714651732
2020-09-14,-16.7294921875,1.780029296875,0.0300025939941406,-0.0099945068359517,26.8700008392334,-0.01,0.0,18.930000000000007,0.0138099999999998,0.0,0.0,0.0,0.0285160826385169,0.0252837028087718,-0.0513845186427208,-0.0182227155911565,0.028475226173998096,0.015607563927473084
2020-09-15,25.529296875,42.570068359375,-0.0700035095214843,-0.2600021362304545,25.850000381469727,0.01,0.0,33.59,-0.0083299999999999,0.0,0.0,0.0,-0.0118806253993477,0.0285160826385169,0.0252837028087718,-0.0513845186427208,0.033155929500519474,0.01689098333951342
2020-09-16,100.5,17.659912109375,1.020000457763679,-0.0199966430664204,25.59000015258789,0.0,0.0,-25.349999999999994,-0.0019,0.0,0.0,0.0,-0.0083437539770524,-0.0118806253993477,0.0285160826385169,0.0252837028087718,0.03321404855585872,0.017067038773432838
2020-09-17,-113.900390625,-15.7099609375,1.8800010681152275,0.1599960327148579,26.040000915527344,0.0099999999999998,0.0,-0.6300000000000239,-0.0003199999999998,0.0,0.0,0.0,-0.003977679356522,-0.0083437539770524,-0.0118806253993477,0.0285160826385169,0.03255816312809703,0.017121582264701767
2020-09-18,-57.0126953125,-28.47998046875,0.8100013732910156,-0.2399978637695312,26.459999084472656,0.0,0.0,4.27000000000001,4.999999999988347e-05,0.0,0.0,0.0,0.0041241969577175,-0.003977679356522,-0.0083437539770524,-0.0118806253993477,0.019389539285461763,0.016933908324480565
2020-09-21,-24.5869140625,-37.5400390625,0.1399993896484375,-0.0400009155273437,25.82999992370605,0.01,0.0,-4.5,-0.0001099999999998,0.0,0.0,0.0,-0.0119030658697141,0.0041241969577175,-0.003977679356522,-0.0083437539770524,0.016144075373783952,0.016991530784402405
2020-09-22,-60.0,-38.409912109375,-1.7999992370605469,0.6100006103515625,27.780000686645508,-0.0199999999999999,0.0,-66.85,0.0045599999999996,0.0,0.0,0.0,-0.0131410560781677,-0.0119030658697141,0.0041241969577175,-0.003977679356522,0.00672170838424652,0.017115647488544623
2020-09-23,111.2001953125,34.510009765625,0.289997100830071,0.4499969482421733,26.86000061035156,0.0,0.0,-51.46000000000001,-0.0091999999999998,0.0,0.0,0.0,-0.0032760112391765,-0.0131410560781677,-0.0119030658697141,0.0041241969577175,0.006996819194208697,0.01691795765261219
2020-09-24,-96.6142578125,-78.650146484375,0.3300018310546946,0.4000015258789204,28.57999992370605,0.0,0.0,35.360000000000014,0.01018,0.0,0.0,0.0,-0.0154088584577782,-0.0032760112391765,-0.0131410560781677,-0.0119030658697141,0.007056610237232645,0.016890050402320216
2020-09-25,61.3994140625,9.670166015625,0.3800010681152344,-0.0400009155273437,28.51000022888184,-0.01,0.0,84.78999999999999,-0.0059300000000002,0.0,0.0,0.0,0.0210529638778401,-0.0154088584577782,-0.0032760112391765,-0.0131410560781677,0.008152247369033154,0.01689974715460613
2020-09-28,35.5927734375,51.869873046875,-0.0600013732910156,0.2300033569335795,26.3799991607666,-0.01,0.0,6.069999999999993,-0.0032099999999997,0.0,0.0,0.0,-0.0079663056922528,0.0210529638778401,-0.0154088584577782,-0.0032760112391765,0.015024333109518352,0.01789054297884923
2020-09-29,23.421875,53.14013671875,0.3499984741210866,-0.3199996948241903,26.190000534057617,0.01,0.0,-62.53,0.0078599999999999,0.0,0.0,0.0,-0.0056102129668896,-0.0079663056922528,0.0210529638778401,-0.0154088584577782,0.014639926638530523,0.017496598013108034
2020-09-30,30.599609375,-16.130126953125,-1.309997558593743,-0.3700027465820454,26.270000457763672,-0.01,0.0,-4.189999999999998,-0.0033500000000001,0.0,0.0,0.0,-0.0018584382281675,-0.0056102129668896,-0.0079663056922528,0.0210529638778401,0.013794955751215846,0.017038167305706717
2020-10-01,16.400390625,27.530029296875,0.9300003051757812,0.0,26.3700008392334,0.0299999999999999,0.0,22.170000000000016,-0.00157,0.0,0.0,0.0,0.0203368432440126,-0.0018584382281675,-0.0056102129668896,-0.0079663056922528,0.013782945631167996,0.01701554307906366
2020-10-02,-31.0,17.800048828125,-1.5,-0.1800003051757812,26.700000762939453,-0.0099999999999998,0.0,51.72999999999999,-0.0068799999999997,0.0,0.0,0.0,-0.008762530470466,0.0203368432440126,-0.0018584382281675,-0.0056102129668896,0.014321958137750085,0.017878829221709608
2020-10-05,-61.44140625,-32.380126953125,-1.670001983642578,0.1299972534179687,27.6299991607666,0.0199999999999999,0.0,130.79000000000002,0.00862,0.0,0.0,0.0,0.0064812622319516,-0.008762530470466,0.0203368432440126,-0.0018584382281675,0.01210143098301757,0.01789380891495987
2020-10-06,35.44140625,60.18017578125,2.170001983642578,-0.329994201660142,27.959999084472656,0.08,0.0,-116.45000000000005,-0.0061599999999999,0.0,0.0999999999999998,0.0,0.0081246054681778,0.0064812622319516,-0.008762530470466,0.0203368432440126,0.011671413630371254,0.01802048348690379
2020-10-07,-72.8173828125,-47.630126953125,1.4499969482421875,0.3199996948241903,29.479999542236328,-0.02,0.0,60.44,-0.0027099999999999,0.0,0.0,0.0,0.001020829270014,0.0081246054681778,0.0064812622319516,-0.008762530470466,0.010994651779237696,0.018146605168330474
2020-10-08,-7.1826171875,58.469970703125,-0.7199974060058594,-0.2000045776367187,28.059999465942383,0.05,0.0,92.60000000000002,0.0026199999999998,0.0,0.0,0.0,0.0069328794718177,0.001020829270014,0.0081246054681778,0.0064812622319516,0.010623655370134006,0.01776922307697202
2020-10-09,-57.5,27.39013671875,1.239997863769524,-0.019996643066392,26.36000061035156,-0.03,0.0,-131.96999999999997,0.0003600000000001,0.0,0.0,0.0,0.0028774965651897,0.0069328794718177,0.001020829270014,0.0081246054681778,0.006997019526914164,0.013383883464432936
2020-10-12,-38.50390625,30.309814453125,-0.5900001525878906,-0.5500030517577983,25.0,0.01,0.0,11.789999999999964,-0.0015900000000002,0.0,0.0,0.0,0.0077731660442568,0.0028774965651897,0.0069328794718177,0.001020829270014,0.0029997472456272,0.012169845662770197
2020-10-13,16.00390625,57.080078125,-1.1699981689453054,0.0100021362304545,25.06999969482422,0.0,0.0,-17.0,-0.0011199999999997,0.0,0.0,0.0,0.0077203447483546,0.0077731660442568,0.0028774965651897,0.0069328794718177,0.0031988506003749733,0.010399802325816852
2020-10-14,-208.0078125,-22.2900390625,0.7700004577636719,0.4599990844726562,26.06999969482422,-0.05,0.0,-68.82999999999998,0.0035699999999998,0.0,0.0,0.0,0.008444852466403,0.0077203447483546,0.0077731660442568,0.0028774965651897,0.003115067996518259,0.010209593422911518
2020-10-15,308.0078125,-23.260009765625,0.8400001525878906,-0.1500015258789204,26.39999961853028,-0.01,0.0,120.94,0.0037099999999998,0.0,0.0,0.0,-0.0138018921353953,0.008444852466403,0.0077203447483546,0.0077731660442568,0.002229948990650278,0.010150657852938224
2020-10-16,-111.537109375,-5.329833984375,-0.0800018310546875,0.4800033569336079,26.96999931335449,0.01,0.0,-200.62,-0.0028699999999997,0.0,0.0,0.0,-0.0003400752282999,-0.0138018921353953,0.008444852466403,0.0077203447483546,0.00943717262429592,0.010637834682273766
2020-10-19,-28.962890625,0.469970703125,-0.0799980163574218,-0.1800003051757812,27.40999984741211,0.02,0.0,59.28999999999999,0.0016199999999999,0.0,0.0,0.0,0.0044802790065014,-0.0003400752282999,-0.0138018921353953,0.008444852466403,0.009523068960880895,0.010608071980306444
2020-10-20,40.5,-56.89013671875,-0.0499992370605468,-0.25,29.18000030517578,0.02,0.0,48.870000000000005,-0.0009300000000003,0.0,0.0,0.0,-0.0051808827411609,0.0044802790065014,-0.0003400752282999,-0.0138018921353953,0.009126074024118557,0.010231050757802966
2020-10-21,15.0,16.2001953125,0.6299972534179688,-0.3600006103515625,29.350000381469727,0.03,0.0,-15.340000000000003,-0.0021199999999996,0.0,0.0,0.0,-0.0006657410771787,-0.0051808827411609,0.0044802790065014,-0.0003400752282999,0.008669655357514738,0.009786766946491953
2020-10-22,-20.0,-7.56005859375,-1.430000305175774,-0.4599990844726562,28.64999961853028,0.0199999999999999,0.0,-75.95999999999998,0.0013399999999998,0.0,0.0,0.0,-0.0009088661557808,-0.0006657410771787,-0.0051808827411609,0.0044802790065014,0.00688955705228629,0.009734856550616743
2020-10-23,-48.224609375,17.929931640625,0.6100006103515554,0.3399963378906392,28.11000061035156,0.04,0.0,9.72,0.0008099999999999,0.0,0.0,0.0,0.0039929615015663,-0.0009088661557808,-0.0006657410771787,-0.0051808827411609,0.0034253248608093713,0.008890469520661144
2020-10-26,0.0771484375,11.89990234375,-0.7900009155273509,-0.1800003051757954,27.549999237060547,-0.02,0.0,-29.430000000000007,-0.0024099999999998,0.0,0.0,0.0,0.0062129888189955,0.0039929615015663,-0.0009088661557808,-0.0006657410771787,0.003985514489947939,0.007764594694364249
2020-10-27,2.9296875,-64.419921875,-1.289997100830071,0.280006408691392,32.459999084472656,-0.0399999999999999,0.0,156.28,0.0010699999999999,0.0,0.0,0.0,-0.0030808646847403,0.0062129888189955,0.0039929615015663,-0.0009088661557808,0.004479805552312181,0.007482105555479096
2020-11-02,81.41796875,-10.2900390625,1.0099983215332031,-0.1100006103515625,33.349998474121094,-0.02,0.0,-107.55,0.0311499999999997,0.0,0.0,0.0,-0.0025572046713562,-0.0030808646847403,0.0062129888189955,0.0039929615015663,0.003845269353194737,0.00736062543270938
2020-11-03,-138.0302734375,-80.43994140625,-2.759998321533203,1.1100006103515625,37.130001068115234,0.0799999999999999,0.0,231.86,-0.0314099999999997,0.0,0.0,0.0,0.0086279912908911,-0.0025572046713562,-0.0030808646847403,0.0062129888189955,0.004145007670979952,0.007383973470543639
2020-11-04,17.7880859375,58.919921875,0.8499984741210938,-0.5,35.54999923706055,0.03,0.0,-83.63,-0.0014000000000002,0.0,0.0,0.0,-0.0105709259771688,0.0086279912908911,-0.0025572046713562,-0.0030808646847403,0.005248619326894386,0.006272032289995568
2020-11-05,-63.0654296875,74.280029296875,1.4900016784667969,-0.1399993896484233,29.56999969482422,-0.12,0.0,35.39999999999998,0.0015400000000003,0.0,0.0,0.0,0.0299335595931104,-0.0105709259771688,0.0086279912908911,-0.0025572046713562,0.007753139196513344,0.006444051900514062
2020-11-06,-180.892578125,67.010009765625,-0.3600006103515625,-0.8800048828125,27.57999992370605,0.01,0.0,-67.63,0.0059599999999999,0.0,0.02,0.0,0.0141949657884666,0.0299335595931104,-0.0105709259771688,0.0086279912908911,0.015798009167707686,0.008979656017401708
2020-11-09,-104.0,-1.010009765625,-1.6500015258789062,-0.2999954223632812,24.86000061035156,0.0399999999999999,0.0,87.22000000000003,-0.0017800000000001,0.0,0.0,0.0,0.0038303390036095,0.0141949657884666,0.0299335595931104,-0.0105709259771688,0.015621773693623765,0.009261859882002687
2020-11-10,-57.328125,41.06005859375,3.1500015258789062,0.5,25.75,0.13,0.0,-135.95000000000002,-0.0038,0.0,0.0,1.83,0.0197319306544316,0.0038303390036095,0.0141949657884666,0.0299335595931104,0.014789186024356568,0.009247480746467326
2020-11-11,57.6884765625,-4.969970703125,1.0699996948242188,0.0199966430664062,24.799999237060547,0.02,0.0,-62.31,0.0013499999999999,0.0,0.0,0.0,0.0085259976909526,0.0197319306544316,0.0038303390036095,0.0141949657884666,0.015497937084951115,0.009923312146646282
2020-11-12,-214.8154296875,27.1298828125,0.0900001525878906,0.2900009155273437,23.450000762939453,0.0,0.0,60.03,-0.0026100000000002,0.0,0.0,0.0,-0.0092835455078172,0.0085259976909526,0.0197319306544316,0.0038303390036095,0.010154166210022797,0.009968888911111848
2020-11-13,-162.5556640625,-35.64990234375,-0.3300018310546875,-0.0800018310546875,25.350000381469727,-0.0999999999999999,0.0,-67.81,-0.0024899999999998,0.0,0.0,0.0,0.0004498408730258,-0.0092835455078172,0.0085259976909526,0.0197319306544316,0.011074736056146192,0.01037892211458819
2020-11-16,254.501953125,48.139892578125,-0.9899978637695312,-0.1999969482421733,23.100000381469727,0.01,0.0,-60.46,0.0033700000000003,0.0,0.0,0.0,0.0061727432848275,0.0004498408730258,-0.0092835455078172,0.0085259976909526,0.01066471820374318,0.010349327951669922
2020-11-17,2.068359375,41.760009765625,1.2099990844726562,-0.1900024414062642,22.450000762939453,0.02,0.0,130.45,0.0022299999999999,0.0,0.0,0.0,0.0063616484933185,0.0061727432848275,0.0004498408730258,-0.0092835455078172,0.010671107179806155,0.010299942474894108
2020-11-18,-46.359375,-17.3798828125,0.0900001525878906,-0.150001525878892,22.709999084472656,-0.04,0.0,-57.43000000000001,-0.0018100000000003,0.0,0.0,0.0,0.0049746626962015,0.0063616484933185,0.0061727432848275,0.0004498408730258,0.007206840109200382,0.009527889352957484
2020-11-19,-62.7490234375,-41.739990234375,0.3899993896484375,-0.0999984741211079,23.84000015258789,0.01,0.0,-42.0,0.00041,0.0,0.0,0.0,0.006553538736531,0.0049746626962015,0.0063616484933185,0.0061727432848275,0.006607852056321433,0.00947454470659858
2020-11-20,83.7490234375,14.080078125,-0.0799980163574218,-0.029998779296875,23.11000061035156,-0.02,-0.0099999999999999,69.84,-0.0361799999999998,-0.25,0.0,0.0,-0.0040128824154669,0.006553538736531,0.0049746626962015,0.0063616484933185,0.0025641734532111707,0.009488389428462059
2020-11-23,79.7001953125,-24.330078125,0.4099998474121094,0.0999984741210937,23.700000762939453,-0.03,0.0,5.549999999999983,-0.2116099999999998,0.0,0.0,0.0,0.0144523834221757,-0.0040128824154669,0.006553538736531,0.0049746626962015,0.004526988922273617,0.009429952843898363
2020-11-24,-38.9091796875,20.050048828125,0.9099998474121094,0.1200027465820454,22.65999984741211,0.03,0.0,185.39,-0.00645,0.0,0.0,0.0,0.0085019938798858,0.0144523834221757,-0.0040128824154669,0.006553538736531,0.006569453886594864,0.009604786590587867
2020-11-25,13.6142578125,57.81982421875,1.8499984741210935,-0.2799987792968892,21.63999938964844,0.02,0.0,-153.07999999999998,0.00373,0.0,0.0,0.0,-0.0038279853865039,0.0085019938798858,0.0144523834221757,-0.0040128824154669,0.006694665263277696,0.009520942383276644
2020-11-26,-42.8056640625,-5.760009765625,0.7999992370605469,-0.2400054931640767,21.25,0.0,0.0,14.310000000000002,-0.0001100000000002,0.0,0.0,0.0,0.0141042280779496,-0.0038279853865039,0.0085019938798858,0.0144523834221757,0.008077262191306554,0.009750455007624585
2020-11-27,5.6708984375,0.0,0.0,0.0,21.25,0.0,0.0,-119.26999999999998,-0.0001299999999999,0.0,0.0,0.0,0.0040576051739922,0.0141042280779496,-0.0038279853865039,0.0085019938798858,0.00922098145201778,0.009948714933070155
2020-11-30,-229.8017578125,8.7001953125,-0.1800003051757741,-0.1999969482421733,20.84000015258789,-0.04,0.0,80.76999999999998,0.0059900000000001,0.0,0.0,0.0,-0.0299993840072752,0.0040576051739922,0.0141042280779496,-0.0038279853865039,0.007634130939879259,0.009744803342581149
2020-12-01,163.9755859375,-16.72021484375,-0.1899986267089914,0.0800018310547017,20.56999969482422,0.0,0.0099999999999999,-82.16999999999999,-0.0030800000000001,0.0,0.0,0.0,0.0198164005276481,-0.0299993840072752,0.0040576051739922,0.0141042280779496,0.017262897748813354,0.012544541786568861
2020-12-02,33.291015625,40.820068359375,-0.7900009155273438,-0.5600051879882812,20.770000457763672,0.08,0.0,92.04999999999998,-0.0031599999999998,0.0,0.0,0.0,0.0154690188989218,0.0198164005276481,-0.0299993840072752,0.0040576051739922,0.019488802664609565,0.012973918984985403
2020-12-03,80.064453125,6.56005859375,0.7299995422363352,-0.1899948120117187,21.170000076293945,0.0299999999999999,0.0,-91.5,-0.0021900000000001,0.0,0.0,0.0,0.0015390796171657,0.0154690188989218,0.0198164005276481,-0.0299993840072752,0.02023225282044397,0.01260960628513729
2020-12-04,-98.580078125,-2.2900390625,0.3600006103515554,-0.4100036621093892,21.280000686645508,-0.0299999999999999,0.0,33.21000000000001,0.0018700000000002,0.0,0.0,0.0,-0.0021419297150263,0.0015390796171657,0.0154690188989218,0.0198164005276481,0.0195389964069519,0.01136992334109157
2020-12-07,16.37890625,32.400146484375,0.6199989318847656,-0.0100021362304545,20.790000915527344,0.0499999999999999,0.0,25.22,0.01018,0.0,0.0,0.0,0.0204884780308694,-0.0021419297150263,0.0015390796171657,0.0154690188989218,0.019586433445145397,0.01126703970277434
2020-12-08,-16.30859375,-7.16015625,-0.5,0.090003967285142,21.299999237060547,-0.03,0.0,54.75999999999999,-0.0087300000000003,0.0,0.1500000000000001,0.0,0.0022989816519884,0.0204884780308694,-0.0021419297150263,0.0015390796171657,0.0106059622761245,0.011834729501258025
2020-12-10,66.509765625,10.2900390625,-0.1599998474121164,0.1800003051757812,20.68000030517578,-0.0199999999999999,0.0,-10.25,0.00102,0.0,0.0,0.0,-0.0018034759280602,0.0022989816519884,0.0204884780308694,-0.0021419297150263,0.009845697991050294,0.011331365836225252
2020-12-11,7.0,-34.14990234375,1.1800003051757957,-0.1800003051757812,22.520000457763672,0.0,0.0,-3.599999999999966,0.0005700000000001,0.0,0.0,0.0,0.0007801295390883,-0.0018034759280602,0.0022989816519884,0.0204884780308694,0.00938341730427131,0.011360381584141066
2020-12-14,-67.4072265625,-4.64013671875,-0.2099990844726633,0.19000244140625,23.309999465942383,-0.02,0.0,-133.74,-4.999999999988347e-05,0.0,0.0,0.0,0.0124155176217517,0.0007801295390883,-0.0018034759280602,0.0022989816519884,0.009440683521362061,0.01097083201036603
2020-12-15,-13.435546875,-15.969970703125,0.4200019836425781,-0.2700042724609375,24.71999931335449,0.0,0.0,64.61,0.0005899999999998,0.0,0.0,0.0,-0.0003972809336491,0.0124155176217517,0.0007801295390883,-0.0018034759280602,0.009346387271141652,0.011080601414944598
2020-12-16,152.7431640625,47.130126953125,0.6299972534179688,-0.2399978637695312,22.88999938964844,0.02,0.0,-47.620000000000005,-0.0051399999999999,0.0,0.0,0.0,0.0178548932370396,-0.0003972809336491,0.0124155176217517,0.0007801295390883,0.005659150727422562,0.011135329658268144
2020-12-17,-31.900390625,6.5498046875,0.2000007629394531,-0.0200042724609232,22.5,0.0,0.0,-3.1699999999999875,0.0006599999999998,0.0,0.0,0.0,-0.0008208156618441,0.0178548932370396,-0.0003972809336491,0.0124155176217517,0.008810494423788404,0.011527137051002894
2020-12-18,-119.462890625,21.31005859375,0.5400009155273438,-0.629997253417983,21.93000030517578,0.0199999999999999,0.0,59.75,0.0007800000000002,0.0,0.0,0.0,-0.0014827036771584,-0.0008208156618441,0.0178548932370396,-0.0003972809336491,0.00860795449375649,0.011601896745428619
2020-12-21,13.3134765625,-13.070068359375,0.7399978637695241,0.1999969482421875,21.56999969482422,0.01,0.0,-49.20000000000002,-0.0008300000000001,0.0,0.0,0.0,0.0099919434842954,-0.0014827036771584,-0.0008208156618441,0.0178548932370396,0.008999383109872899,0.011675671790259332
2020-12-22,-14.9130859375,-14.489990234375,-1.3599967956542898,0.0200042724609375,25.15999984741211,0.0,0.0,100.12,0.0030399999999999,0.0,0.0,0.0,-0.0233558858208917,0.0099919434842954,-0.0014827036771584,-0.0008208156618441,0.008590714434332035,0.011566245344721324
2020-12-23,31.7939453125,-7.659912109375,-0.720001220703125,0.6100006103515625,24.229999542236328,-0.0199999999999999,0.0,-99.23999999999998,-0.0026199999999998,0.0,0.0,0.0,-0.0024235517999028,-0.0233558858208917,0.0099919434842954,-0.0014827036771584,0.0155406622023947,0.012957261873989679
2020-12-28,223.46875,2.75,1.0999984741210938,-0.2399978637695312,23.309999465942383,0.0299999999999999,0.0,143.51999999999998,0.0096799999999999,0.0,0.0,0.0,0.0140216096177442,-0.0024235517999028,-0.0233558858208917,0.0099919434842954,0.012130798976464081,0.012951139726289319
2020-12-29,-413.056640625,45.35009765625,-0.5,-0.07000732421875,21.700000762939453,-0.02,0.0,-73.6,-0.0111099999999999,0.0,0.0,0.0,-0.0094611847838172,0.0140216096177442,-0.0024235517999028,-0.0233558858208917,0.014559388910699918,0.013097020051802305
2020-12-30,214.9765625,-8.320068359375,0.3800010681152344,-0.3299942016601562,23.07999992370605,0.0,0.0,68.89000000000001,0.0042999999999997,0.0,0.0,0.0,-0.0095047593240631,-0.0094611847838172,0.0140216096177442,-0.0024235517999028,0.01510066287584502,0.013154658752462538
2021-01-04,-56.2109375,5.0,0.4000015258789062,-0.3800048828125,22.770000457763672,-0.0099999999999998,0.0,82.09999999999997,0.0066100000000002,0.0,0.0,0.0,0.0208258117586118,-0.0095047593240631,-0.0094611847838172,0.0140216096177442,0.013592654034944564,0.01340870005687705
2021-01-05,-47.408203125,-31.39013671875,-0.7800025939941406,0.25,26.96999931335449,0.0,0.0,-135.15999999999997,-0.0047000000000001,0.0,0.0,0.0,0.0053004839417127,0.0208258117586118,-0.0095047593240631,-0.0094611847838172,0.013962672476488245,0.011813219182936454
2021-01-06,-91.1005859375,26.210205078125,2.310001373291016,-0.4399948120117187,25.34000015258789,0.0299999999999999,0.0,-24.69,-0.0054099999999999,0.0,0.0899999999999998,0.0,-0.0117448696292378,0.0053004839417127,0.0208258117586118,-0.0095047593240631,0.013679679024686756,0.011235410155265276
2021-01-07,-1.400390625,21.27978515625,0.7000007629394531,0.089996337890625,25.06999969482422,0.08,0.0,-68.80000000000001,0.0007399999999999,0.0,0.0,0.0,0.0143956028419016,-0.0117448696292378,0.0053004839417127,0.0208258117586118,0.01392302440406935,0.011354269614533077
2021-01-08,21.5,55.650146484375,0.2000007629394531,0.3000030517578125,22.3700008392334,0.04,0.0,-15.519999999999996,0.0005299999999999,0.0,0.0,0.0,0.0167916637630744,0.0143956028419016,-0.0117448696292378,0.0053004839417127,0.014344348050693775,0.011679002493212994
2021-01-11,-58.5224609375,20.889892578125,1.4099998474121094,0.2699966430664062,21.559999465942383,0.0499999999999998,0.0,-19.49000000000001,0.0019,0.0,0.0,0.0,0.0197940656883397,0.0167916637630744,0.0143956028419016,-0.0117448696292378,0.012977323787111339,0.012022889281068849
2021-01-12,-31.5849609375,-25.06982421875,0.0099983215332031,0.44000244140625,24.07999992370605,0.02,0.0,203.9,-0.0007099999999997,0.0,0.0,0.0,0.0019926958933701,0.0197940656883397,0.0167916637630744,0.0143956028419016,0.01275076036574837,0.011972778681639424
2021-01-13,227.3427734375,1.579833984375,0.9599990844726562,-0.4899978637695312,23.32999992370605,0.0,0.0,-79.54999999999998,-0.0006000000000003,0.0,0.0,0.0,0.0061626757253415,0.0019926958933701,0.0197940656883397,0.0167916637630744,0.013066584156240192,0.011974825475462325
2021-01-14,-57.6572265625,8.650146484375,-0.2999992370605469,0.2699966430664062,22.209999084472656,-0.0499999999999998,0.0,-5.5800000000000125,-0.0021899999999996,0.0,0.0,0.0,-0.0010712677971851,0.0061626757253415,0.0019926958933701,0.0197940656883397,0.007475256662677719,0.011915927603463584
2021-01-15,134.921875,-14.300048828125,0.6599998474121094,-0.0800018310547017,23.25,0.0499999999999998,0.0,-65.63,0.00936,0.0,0.0,0.0,-0.0085774627792458,-0.0010712677971851,0.0061626757253415,0.0019926958933701,0.009157662972909925,0.011949865483644823
2021-01-18,-102.8525390625,-27.2900390625,-1.2099990844726562,0.540000915527358,24.34000015258789,-0.0399999999999998,0.0,-8.009999999999991,-0.0035100000000003,0.0,0.0,0.0,0.0025733083796077,-0.0085774627792458,-0.0010712677971851,0.0061626757253415,0.01050585258972438,0.012089623743957839
2021-01-19,-182.3681640625,0.0,0.0,0.0,24.34000015258789,0.0,0.0,9.669999999999987,-0.0029499999999997,0.0,0.0,0.0,-0.0106954583808187,0.0025733083796077,-0.0085774627792458,-0.0010712677971851,0.005546587899501669,0.012065016517175668
2021-01-20,220.0205078125,30.659912109375,0.6199989318847656,-0.279998779296875,23.239999771118164,-0.01,0.0,10.580000000000013,-0.00333,0.0,0.0,0.0,0.0169240431639865,-0.0106954583808187,0.0025733083796077,-0.0085774627792458,0.007189640403596994,0.011910793916707433
2021-01-21,21.2001953125,52.940185546875,0.2600021362304687,-0.029998779296875,21.57999992370605,0.0,0.0,139.14999999999998,0.0001999999999999,0.0,0.0,0.0,-0.0024705953287481,0.0169240431639865,-0.0106954583808187,0.0025733083796077,0.010977420447337152,0.012370235740914354
2021-01-22,-84.7998046875,1.219970703125,-0.1100006103515625,-0.3400039672851704,21.31999969482422,0.02,-0.0099999999999999,-28.379999999999995,0.0033199999999999,0.0,0.0,0.0,-0.016786020567228,-0.0024705953287481,0.0169240431639865,-0.0106954583808187,0.011023901766439333,0.012389029801956974
2021-01-25,-76.4384765625,-11.60009765625,-0.8600006103515625,0.1100006103515625,21.90999984741211,-0.02,0.0,-88.94999999999999,0.0056000000000002,0.0,0.0,0.0,-0.0077282479055033,-0.016786020567228,-0.0024705953287481,0.0169240431639865,0.012975477498777034,0.012967204121280896
2021-01-26,52.1337890625,13.89013671875,0.5,0.1500015258789204,23.190000534057617,-0.05,0.0,49.85,-0.0068100000000002,0.0,0.0,0.0,-0.0190994331041921,-0.0077282479055033,-0.016786020567228,-0.0024705953287481,0.012867124646806812,0.011835219535371543
2021-01-27,135.6044921875,-5.739990234375,-0.1599998474121093,-0.2200012207031108,23.020000457763672,0.0,0.0,13.080000000000013,0.0003199999999998,0.0,0.0,0.0,-0.0050619868099756,-0.0190994331041921,-0.0077282479055033,-0.016786020567228,0.014393988725444095,0.012711962962585725
2021-01-28,-6.5,-98.85009765625,0.2399978637695241,0.4800033569335795,37.209999084472656,-0.01,0.0,-3.8000000000000114,0.00143,0.0,0.0,0.0,-0.0214724996123157,-0.0050619868099756,-0.0190994331041921,-0.0077282479055033,0.007328433175521434,0.012402030855740404
2021-01-29,53.0,36.60986328125,-0.509998321533196,-0.19000244140625,30.209999084472656,0.03,-0.0099999999999999,-101.13,-0.0009199999999998,0.0,0.0,0.0,-0.019767192057715,-0.0214724996123157,-0.0050619868099756,-0.0190994331041921,0.007225353645747351,0.01315857020850888
2021-02-01,-340.1357421875,-73.139892578125,-0.1399993896484375,0.120002746582017,33.09000015258789,0.04,0.0,98.96,0.00198,0.0,0.0,0.0,0.0344031653654532,-0.019767192057715,-0.0214724996123157,-0.0050619868099756,0.007621800125749111,0.013717539054273932
2021-02-02,-26.7275390625,59.6201171875,1.3499984741210938,0.4399948120117329,30.239999771118164,-0.02,0.0099999999999999,-104.92000000000002,-0.0014700000000003,0.0,0.0,0.0,-0.0039143550265196,0.0344031653654532,-0.019767192057715,-0.0214724996123157,0.023630623299122053,0.015118235979662822
2021-02-03,290.36328125,52.449951171875,1.2099990844726562,0.1800003051757954,25.559999465942383,0.03,0.0,138.71,0.0007100000000002,0.0,0.0,0.0,0.0055940510531953,-0.0039143550265196,0.0344031653654532,-0.019767192057715,0.02250735676717073,0.015078716362998606
2021-02-04,-122.96484375,3.85986328125,0.930000305175774,-0.0799942016601562,22.90999984741211,0.0299999999999998,0.0,-137.1,0.0001899999999999,0.0,0.0,0.0,0.0048372351361934,0.0055940510531953,-0.0039143550265196,0.0344031653654532,0.02278532922390297,0.014911889630424635
2021-02-05,-11.5830078125,41.570068359375,0.5400009155273509,0.4099960327148295,21.770000457763672,0.0,0.0,-16.289999999999992,0.0033799999999999,0.0,0.0,0.0,0.0072621877110897,0.0048372351361934,0.0055940510531953,-0.0039143550265196,0.01971576159905446,0.014579042183304133
2021-02-08,26.521484375,15.090087890625,0.6199989318847585,-0.4899978637695312,20.8700008392334,0.04,0.0,-18.16000000000001,-0.0006599999999998,0.0,-0.1299999999999999,0.0,0.0092451233954807,0.0072621877110897,0.0048372351361934,0.0055940510531953,0.014508834212562901,0.014137379435612652
2021-02-09,-9.3701171875,28.760009765625,1.1200027465820384,-0.1100006103515625,21.239999771118164,0.0,-0.0099999999999999,121.41,-0.0016099999999998,0.0,0.0,0.0,-0.0043895397300819,0.0092451233954807,0.0072621877110897,0.0048372351361934,0.0050547739008440775,0.01350927141144671
2021-02-10,-10.6435546875,-4.360107421875,0.3899993896484375,-0.4899978637695454,21.6299991607666,-0.01,0.0099999999999999,-148.16000000000005,0.0005599999999996,0.0,0.0,1.3200000000000005,0.0032553426414301,-0.0043895397300819,0.0092451233954807,0.0072621877110897,0.005255473040494694,0.013500724229943774
2021-02-11,-1.271484375,-1.35009765625,0.3199996948242187,-0.0699996948241903,21.989999771118164,-0.03,0.0,28.56,2.0000000000131024e-05,0.0,0.0,0.0,0.0033310220158122,0.0032553426414301,-0.0043895397300819,0.0092451233954807,0.005238897614967519,0.013427041215111143
2021-02-15,37.8115234375,6.5,-0.4399986267089844,0.0499954223632812,21.25,0.01,0.0,8.920000000000002,0.0008699999999999,0.0,0.0,0.0,0.0076529333619509,0.0033310220158122,0.0032553426414301,-0.0043895397300819,0.005225030105655199,0.01347642043820814
2021-02-16,-61.0,18.4501953125,1.229999542236328,0.060005187988267,19.96999931335449,0.04,0.0,30.859999999999985,-0.00109,0.0,0.0,0.0,0.0035138568202823,0.0076529333619509,0.0033310220158122,0.0032553426414301,0.005293340550997064,0.013524435641723107
2021-02-17,-59.0,-2.239990234375,0.5799980163574219,0.0299987792968892,21.459999084472656,0.1,0.0,-2.5,0.0012400000000001,0.0,0.0,0.0,-0.0103303359805878,0.0035138568202823,0.0076529333619509,0.0033310220158122,0.004363437849402986,0.01353846686444384
2021-02-18,132.2001953125,-1.260009765625,1.0900001525878906,0.4399948120117187,21.5,-0.01,0.0,-65.41,0.0020600000000001,0.0,0.0,0.0,-0.0044125984303757,-0.0103303359805878,0.0035138568202823,0.0076529333619509,0.0068611904158152525,0.013524615029140093
2021-02-19,-31.7255859375,-17.360107421875,-0.6199989318847656,-0.3600006103515767,22.489999771118164,0.0,-0.0099999999999999,63.140000000000015,-0.0411300000000003,-0.25,0.0,0.0,0.0050874325220482,-0.0044125984303757,-0.0103303359805878,0.0035138568202823,0.007214311052787021,0.01288341769061614
2021-02-22,-9.2763671875,-7.260009765625,-1.279998779296875,-0.2299957275390625,22.049999237060547,0.05,0.0,-41.510000000000005,-0.2022299999999997,0.0,0.0,0.0,0.0037446068754244,0.0050874325220482,-0.0044125984303757,-0.0103303359805878,0.00745866302330346,0.0129737646036005
2021-02-23,-99.78125,-30.2099609375,2.25,-0.3499984741210937,23.450000762939453,0.03,0.0,25.790000000000006,-0.00381,0.0,0.0,0.0,0.0027929377688186,0.0037446068754244,0.0050874325220482,-0.0044125984303757,0.006657494799677946,0.012499086091903831
2021-02-24,209.279296875,4.8701171875,0.1799964904785156,0.1599960327148579,23.11000061035156,0.0,0.0,12.949999999999989,-0.0017900000000001,0.0,0.0,0.0,-0.0034738410132446,0.0027929377688186,0.0037446068754244,0.0050874325220482,0.006556429794522776,0.012395956466602426
2021-02-25,-26.0791015625,44.059814453125,1.5500030517578125,0.0100021362304545,21.34000015258789,0.0099999999999997,0.0,41.69,0.0012099999999999,0.0,0.0,0.0,0.0061546672984909,-0.0034738410132446,0.0027929377688186,0.0037446068754244,0.004371722061460778,0.011587325665019412
2021-02-26,16.1826171875,-96.08984375,0.3099975585937571,-0.0500030517578267,28.88999938964844,0.1600000000000001,0.0,-62.2,0.00211,0.0,0.0,0.0,-0.0076368434878794,0.0061546672984909,-0.0034738410132446,0.0027929377688186,0.0037656622976567147,0.011555237362576187
2021-03-01,-129.6142578125,-18.190185546875,-2.029998779296882,0.8000030517578267,27.950000762939453,-0.1,0.0,98.51,0.0032,0.0,0.0,0.0,0.015376282107347,-0.0076368434878794,0.0061546672984909,-0.0034738410132446,0.005691906877774719,0.010473895277330312
2021-03-02,142.3994140625,90.670166015625,-0.8600006103515625,0.1100006103515625,23.350000381469727,0.01,0.0,34.54000000000002,-0.0080999999999997,0.0,0.0,0.0,0.0032591545064527,0.015376282107347,-0.0076368434878794,0.0061546672984909,0.008910410866587806,0.009507175760262667
2021-03-03,135.03515625,-31.530029296875,-0.8899993896484375,-0.25,24.100000381469727,-0.03,0.0,-135.79000000000002,3.999999999981796e-05,0.0,0.0,0.0,0.0027562533623384,0.0032591545064527,0.015376282107347,-0.0076368434878794,0.008914815139069216,0.006236995781209681
2021-03-04,-6.4384765625,-50.570068359375,1.529998779296882,0.1599960327148579,26.670000076293945,0.05,0.0,-18.56,0.0023599999999999,0.0,0.0,0.0,-0.0135715728360813,0.0027562533623384,0.0032591545064527,0.015376282107347,0.008239730461422541,0.006060371992884263
2021-03-05,109.818359375,-51.25,2.5500030517578054,0.6800003051757528,28.56999969482422,0.07,0.0,-26.959999999999997,0.0010799999999999,0.0,0.0,0.0,-0.005107733720028,-0.0135715728360813,0.0027562533623384,0.0032591545064527,0.011148445205455361,0.0070155021106730366
2021-03-08,-80.1201171875,73.469970703125,2.259994506835937,0.3500061035156392,24.65999984741211,0.02,0.0,154.55,0.0012500000000001,0.0,-0.1700000000000001,0.0,-0.0016445200529002,-0.005107733720028,-0.0135715728360813,0.0027562533623384,0.010763993222491533,0.007134563038349836
2021-03-09,18.5126953125,-20.58984375,-1.0399932861328125,0.3299942016601704,25.46999931335449,0.03,0.0,97.45000000000002,-0.0038,0.0,0.0,0.0,-0.0078434580417939,-0.0016445200529002,-0.005107733720028,-0.0135715728360813,0.006896626540008686,0.0070148945203861515
2021-03-10,57.0830078125,54.08984375,-1.0400009155273438,-0.3499984741211079,24.030000686645508,-0.04,0.0,-160.70000000000002,3.999999999981796e-05,0.0,0.0,0.0,0.0104350312688014,-0.0078434580417939,-0.0016445200529002,-0.005107733720028,0.006183721444774907,0.006970144531944678
2021-03-12,48.5244140625,23.3701171875,0.4300003051757812,-0.1699981689453125,22.559999465942383,-0.02,0.0,27.55000000000001,-0.0007999999999999,0.0,0.0,0.0,0.014819349658648,0.0104350312688014,-0.0078434580417939,-0.0016445200529002,0.008951314552032325,0.007268937761670216
2021-03-15,-109.099609375,44.530029296875,1.1699981689453125,-0.1100006103515625,20.690000534057617,0.1099999999999998,0.0,-88.62000000000002,0.0035500000000001,0.0,0.0,0.0,-0.0053538912166124,0.014819349658648,0.0104350312688014,-0.0078434580417939,0.009951065024002413,0.007916725921850026
2021-03-16,101.30859375,25.599853515625,-0.220001220703125,0.150001525878892,20.030000686645508,-0.0199999999999997,0.0,100.14,-0.0041200000000003,0.0,0.0,0.0,-0.0023048322226238,-0.0053538912166124,0.014819349658648,0.0104350312688014,0.009996341251577551,0.008033617549109811
2021-03-17,78.791015625,-6.22998046875,-0.589996337890625,0.0400009155273721,19.790000915527344,0.0,0.0,-119.39,-0.0026399999999999,0.0,0.0,0.0,-0.005159521907942,-0.0023048322226238,-0.0053538912166124,0.014819349658648,0.010062034583829607,0.007894626525481074
2021-03-18,-36.5,11.41015625,-0.2000045776367187,-0.4700012207031392,19.229999542236328,0.0099999999999997,0.0,100.43,-0.0033999999999996,0.0,0.0,0.0,0.011184394566729,-0.005159521907942,-0.0023048322226238,-0.0053538912166124,0.009462671098905622,0.007947588249667323
2021-03-19,-24.5,-58.66015625,-4.599998474121094,0.4499969482421875,21.57999992370605,0.08,0.0,-7.869999999999976,0.0121699999999997,0.0,0.0,0.0,0.0013115653221503,0.011184394566729,-0.005159521907942,-0.0023048322226238,0.009624570107911967,0.007948989067797674
2021-03-22,28.0,-2.35986328125,1.4199981689453125,0.0699996948242329,20.950000762939453,0.03,0.0,31.639999999999983,-0.0050799999999999,0.0,0.0,0.0,-0.0086953272277881,0.0013115653221503,0.011184394566729,-0.005159521907942,0.006844471873116233,0.007847960169965789
2021-03-23,-58.7998046875,27.489990234375,0.1300010681152343,-0.1199951171875284,18.8799991607666,-0.05,0.0,63.70000000000002,-0.0012799999999999,0.0,0.0,0.0,-0.0077138428889022,-0.0086953272277881,0.0013115653221503,0.011184394566729,0.007610321082396244,0.008093740129860924
2021-03-24,3.599609375,-30.070068359375,-3.790000915527344,0.5399932861328267,20.299999237060547,-0.06,0.0,-81.83000000000001,-0.00055,0.0,0.0,0.0,-0.0155652959213747,-0.0077138428889022,-0.0086953272277881,0.0013115653221503,0.008247435143252626,0.008259710928720364
2021-03-25,129.7001953125,-21.380126953125,3.420001983642578,0.19000244140625,21.200000762939453,-0.0099999999999997,0.0,-67.29,0.00537,0.0,0.0,0.0,-0.0054180630146434,-0.0155652959213747,-0.0077138428889022,-0.0086953272277881,0.010347934212811707,0.008923939197287411
2021-03-26,-45.5,20.380126953125,-2.6199989318847656,0.3499984741210795,19.809999465942383,0.0099999999999997,0.0,15.810000000000016,0.00312,0.0,0.0,0.0,0.0118013142269519,-0.0054180630146434,-0.0155652959213747,-0.0077138428889022,0.006084795528871302,0.00896351047787934
2021-03-29,-3.599609375,65.02001953125,2.4099998474121094,-0.1100006103515482,18.86000061035156,0.04,0.0,-33.06000000000002,-0.0121500000000001,0.0,0.0,0.0,-0.004650268426757,0.0118013142269519,-0.0054180630146434,-0.0155652959213747,0.010186202603218298,0.00928508021408013
2021-03-30,-45.400390625,-3.449951171875,0.5900001525878906,0.1700057983398295,20.739999771118164,0.06,0.0,68.67,0.0022699999999997,0.0,0.0,0.0,-0.0155868414863599,-0.004650268426757,0.0118013142269519,-0.0054180630146434,0.009989818092701521,0.009192103153453259
2021-03-31,100.7001953125,-12.5400390625,-1.0100021362304688,0.3600006103515625,19.61000061035156,0.0,0.0,-56.5,0.0006400000000001,0.0,0.0,0.0,-0.0142525725825708,-0.0155868414863599,-0.004650268426757,0.0118013142269519,0.011206941528120956,0.008963567756803804
2021-04-01,93.2998046875,14.33984375,-1.3899993896484375,-0.0699996948242045,19.39999961853028,0.01,-0.01,14.870000000000005,0.0024899999999998,0.0,0.0,0.0,0.0043234425151264,-0.0142525725825708,-0.0155868414863599,-0.004650268426757,0.010935522136593358,0.009257604075172066
2021-04-05,1.0,46.980224609375,2.290000915527344,-0.3000030517578125,17.329999923706055,-0.05,0.01,-59.94,-0.0019599999999999,0.0,0.0,0.0,-0.0068721364983037,0.0043234425151264,-0.0142525725825708,-0.0155868414863599,0.01181333486214832,0.009315591686413813
2021-04-06,-88.0,58.039794921875,-2.799999237060547,-0.3300018310546875,17.90999984741211,0.04,0.0,105.51,0.00238,0.0,-0.0099999999999997,0.0,0.0054261779128758,-0.0068721364983037,0.0043234425151264,-0.0142525725825708,0.008050785644552725,0.00902960340568493
2021-04-07,11.2001953125,-3.969970703125,0.6800003051757812,-0.2600021362304687,18.1200008392334,-0.06,0.0,-56.14,-0.0018099999999998,0.0,0.0,0.0,0.0056225923688791,0.0054261779128758,-0.0068721364983037,0.0043234425151264,0.009950604747336887,0.009182456146389564
2021-04-08,-68.900390625,6.010009765625,0.4399986267089844,0.1200027465820312,17.15999984741211,0.01,0.0,79.98,0.00137,0.0,0.0,0.0,0.005798979476628,0.0056225923688791,0.0054261779128758,-0.0068721364983037,0.008992954873728346,0.009343300496536007
2021-04-09,180.7001953125,17.219970703125,-0.1700019836425852,-0.400001525878892,16.950000762939453,-0.04,0.0,-90.37,0.0020999999999999,0.0,0.0,0.0,-0.00024957092309,0.005798979476628,0.0056225923688791,0.0054261779128758,0.005470624522838882,0.009371025582824762
2021-04-12,19.7001953125,31.6298828125,-0.2799987792968679,0.1000061035156107,16.690000534057617,0.03,0.0,-0.0299999999999869,0.00041,0.0,0.0,0.0,-0.0202423727156444,-0.00024957092309,0.005798979476628,0.0056225923688791,0.005546496201384729,0.008978610655055492
2021-04-13,-102.7001953125,-0.8095703125,0.3800010681152344,-0.0200042724609375,16.90999984741211,0.02,0.0,-45.44000000000001,-0.0038200000000001,0.0,0.0,0.0,-0.0035590778746562,-0.0202423727156444,-0.00024957092309,0.005798979476628,0.011200948884539992,0.009031532452123738
2021-04-14,53.900390625,13.599609375,0.4799995422363281,-0.2900009155273437,16.649999618530273,-0.05,0.0,43.22,-0.0013200000000002,0.0,0.0,0.0,0.0205122878770481,-0.0035590778746562,-0.0202423727156444,-0.00024957092309,0.010675018527581048,0.009019270475413609
2021-04-15,9.19921875,-16.9296875,2.970001220703125,-0.1599960327148579,16.989999771118164,0.0,0.0,-47.69,-0.00434,0.0,0.0,0.0,0.0048187455640402,0.0205122878770481,-0.0035590778746562,-0.0202423727156444,0.014797325339331825,0.010470173223330463
2021-04-16,52.7001953125,45.759765625,0.30999755859375,-0.020004272460909,16.56999969482422,-0.0799999999999998,0.0,46.80000000000001,0.0044699999999999,0.0,0.0,0.0,0.0011107957587205,0.0048187455640402,0.0205122878770481,-0.0035590778746562,0.014715039507060684,0.01055407196465576
2021-04-19,-57.7998046875,15.05029296875,-0.3299980163574219,-0.1100006103515625,16.25,0.03,0.0,-25.080000000000013,0.0069600000000002,0.0,0.0,0.0,-0.0055553870436226,0.0011107957587205,0.0048187455640402,0.0205122878770481,0.01471593098155929,0.010144244290542297
2021-04-20,-58.0,-22.21044921875,0.25,-0.4899978637695454,17.290000915527344,0.02,0.0,5.150000000000006,-0.0077500000000001,0.0,0.0,0.0,-0.0023519031957543,-0.0055553870436226,0.0011107957587205,0.0048187455640402,0.010352414934603338,0.01013876550038922
2021-04-21,12.0,-28.31982421875,-0.9400024414062572,0.1699981689452983,18.68000030517578,-0.03,0.0,-2.010000000000005,1.0000000000065512e-05,0.0,0.0,0.0,-0.0074935895158402,-0.0023519031957543,-0.0055553870436226,0.0011107957587205,0.01015992220603755,0.010031676995375152
2021-04-22,-26.7998046875,38.47998046875,-1.0900001525878906,-0.079994201660142,17.5,-0.01,0.0,10.72,-0.0012199999999999,0.0,0.0,0.0,0.0001571470826197,-0.0074935895158402,-0.0023519031957543,-0.0055553870436226,0.004976459167085657,0.010025343556174904
2021-04-23,21.0,-38.43994140625,0.0800018310546946,0.1699981689452983,18.709999084472656,0.0,0.0,-29.89,-0.0022700000000002,0.0,0.0,0.0,0.0037764755805901,0.0001571470826197,-0.0074935895158402,-0.0023519031957543,0.003669408635577484,0.009519136623977105
2021-04-26,42.3994140625,45.18994140625,0.7099990844726562,-0.4700012207031108,17.329999923706055,0.01,0.0,32.02000000000001,0.0017300000000002,0.0,0.0,0.0,-0.0086871417346382,0.0037764755805901,0.0001571470826197,-0.0074935895158402,0.0044870514720719125,0.009533480005857674
2021-04-27,-88.599609375,7.4501953125,-0.2299995422363281,-0.0500030517577982,17.639999389648438,0.0,0.0,-17.85000000000001,-0.0030000000000001,0.0,0.0,0.0,-0.0008721091363107,-0.0086871417346382,0.0037764755805901,0.0001571470826197,0.005215649480170323,0.009194619429802223
2021-04-28,-58.400390625,-0.89990234375,1.029998779296868,0.1000061035156107,17.559999465942383,0.0499999999999998,0.0,80.42999999999999,0.0029099999999999,0.0,0.0,0.0,0.0024899938346989,-0.0008721091363107,-0.0086871417346382,0.0037764755805901,0.0052972770829897604,0.009173879006019969
2021-04-29,56.80078125,-3.5400390625,0.9200019836425852,-0.3000030517578125,17.280000686645508,0.0,0.0,-63.11999999999999,-0.0015299999999998,0.0,0.0,0.0,0.0064203976782413,0.0024899938346989,-0.0008721091363107,-0.0086871417346382,0.004866906039576367,0.008607623321369905
2021-04-30,2.599609375,28.2900390625,1.1500015258789062,0.0,17.610000610351562,0.02,-0.01,51.02,0.0063999999999997,0.0,0.0,0.0,-0.0028887250187138,0.0064203976782413,0.0024899938346989,-0.0008721091363107,0.005829964679793898,0.008136116292283386
2021-05-03,-79.2998046875,-30.30029296875,-1.4300003051757812,0.6699981689453125,18.61000061035156,0.0,-0.0099999999999999,-27.489999999999995,-0.0002399999999997,0.0,0.0,0.0,-0.0072009475384362,-0.0028887250187138,0.0064203976782413,0.0024899938346989,0.005689692722287202,0.008104845367223456
2021-05-04,-1.7001953125,11.490234375,0.9099960327148438,-0.3300018310546733,18.309999465942383,-0.02,0.0099999999999999,171.44,0.0042499999999998,0.0,0.0,0.0,0.0018835627479878,-0.0072009475384362,-0.0028887250187138,0.0064203976782413,0.005185047910572968,0.00811955753101839
2021-05-05,-38.900390625,-28.0,1.2000045776367188,0.340003967285142,19.479999542236328,-0.0199999999999997,0.0,-178.06,0.0029799999999999,0.0,0.0,0.0,0.0020253911533999,0.0018835627479878,-0.0072009475384362,-0.0028887250187138,0.005269453468117236,0.008029690940211167
2021-05-06,83.400390625,2.9296875,-0.0600051879882812,0.0199966430664204,19.14999961853028,-0.02,0.0,57.67999999999999,-0.0052599999999998,0.0,0.0499999999999998,0.0,-0.0009494101805951,0.0020253911533999,0.0018835627479878,-0.0072009475384362,0.005221551799391995,0.007929102769987189
2021-05-07,-83.0,34.0302734375,-0.9199981689453124,-0.3600006103515625,18.38999938964844,-0.01,0.0,-34.5,-0.0015100000000001,0.0,0.0,0.0,-0.0070481408801316,-0.0009494101805951,0.0020253911533999,0.0018835627479878,0.0038269448611568287,0.007789055387615678
2021-05-10,-115.7001953125,30.97998046875,0.19000244140625,-0.719993591308608,16.690000534057617,0.02,0.0,28.02000000000001,0.0020700000000002,0.0,0.0,0.0,0.0079767969494715,-0.0070481408801316,-0.0009494101805951,0.0020253911533999,0.004598656571809207,0.007909228394646804
2021-05-11,-5.7998046875,-44.169921875,0.0199966430664062,-0.0200042724609375,19.65999984741211,0.0299999999999998,0.0,-1.6099999999999852,-0.0031600000000002,0.0,0.0,1.48,-0.0062843250235293,0.0079767969494715,-0.0070481408801316,-0.0009494101805951,0.005450535697492934,0.006764346107623659
2021-05-17,-88.400390625,-36.330078125,0.3600006103515625,-0.0699996948242187,21.84000015258789,0.01,0.0,7.089999999999975,0.11836,0.0,0.0,0.0,-0.0177526474397724,-0.0062843250235293,0.0079767969494715,-0.0070481408801316,0.006207631666189691,0.006871258459757688
2021-05-18,1.400390625,11.18994140625,0.9899978637695312,0.0800018310546875,19.71999931335449,0.0,0.0,-46.94999999999999,-0.1228099999999998,0.0,0.0,0.0,9.156120395814893e-05,-0.0177526474397724,-0.0062843250235293,0.0079767969494715,0.009395495591841923,0.00617849564263605
2021-05-19,153.5,-35.4599609375,-0.779998779296875,-0.470001220703125,21.34000015258789,0.0,0.0,-32.53,0.0076,0.0,0.0,0.0,-0.0127315559239242,9.156120395814893e-05,-0.0177526474397724,-0.0062843250235293,0.009513266935183898,0.005998922456332794
2021-05-20,17.7998046875,-12.14990234375,-2.1299972534179688,0.4400024414062358,22.18000030517578,0.04,0.0,51.28,-0.00258,0.0,0.0,0.0,0.00640469458465,-0.0127315559239242,9.156120395814893e-05,-0.0177526474397724,0.010193618924400882,0.006399293246766444
2021-05-21,27.400390625,43.43994140625,-1.3100013732910156,-0.3800048828124858,20.670000076293945,-0.05,0.0,41.53,-0.0005899999999998,0.0,0.0,0.0,-0.0042308677483174,0.00640469458465,-0.0127315559239242,9.156120395814893e-05,0.009675848113808096,0.006676146364642177
2021-05-24,7.599609375,-3.26025390625,1.5300025939941406,0.2099990844726562,20.14999961853028,0.0,0.0,-80.28,0.0021299999999997,0.0,0.0,0.0,-0.00164487949951,-0.0042308677483174,0.00640469458465,-0.0127315559239242,0.009707180818780988,0.006692312628244111
2021-05-25,-49.2998046875,41.18994140625,2.470001220703125,-0.1899948120117187,18.39999961853028,-0.0199999999999997,0.0,74.49000000000001,-0.00123,0.0,0.0,0.0,0.0090173995885442,-0.00164487949951,-0.0042308677483174,0.00640469458465,0.006971215624785911,0.0065777290134239955
2021-05-27,17.0,-8.919921875,0.0199966430664062,-0.19000244140625,18.84000015258789,-0.05,0.0,-37.83000000000001,0.00251,0.0,0.0,0.0,0.0044585802874589,0.0090173995885442,-0.00164487949951,-0.0042308677483174,0.008703489005923066,0.007011418482101363
2021-05-28,-55.0,12.75,0.779998779296875,0.3300018310546875,16.739999771118164,0.05,0.0,-75.35,-0.0022699999999997,0.0,0.0,0.0,0.001161305166052,0.0044585802874589,0.0090173995885442,-0.00164487949951,0.0055585703977324855,0.007040088075476286
2021-05-31,8.0,3.22998046875,-0.529998779296875,0.05999755859375,16.760000228881836,-0.03,-0.0099999999999999,101.61,0.0002399999999997,0.0,0.0,0.0,0.0167596355604647,0.001161305166052,0.0044585802874589,0.0090173995885442,0.005191195064135489,0.006851052613509719
2021-06-02,-40.0,0.0,0.0,0.0,16.760000228881836,0.0,0.0,-97.17000000000002,-0.0001699999999997,0.0,0.0,0.0,0.0140439650862577,0.0167596355604647,0.001161305166052,0.0044585802874589,0.007230063726143057,0.00791757195533956
2021-06-03,-26.5,4.01025390625,2.5100021362304688,-0.1299972534179687,17.479999542236328,0.01,0.0099999999999999,8.620000000000005,-0.0014600000000002,0.0,0.0,0.0,0.0098878323002482,0.0140439650862577,0.0167596355604647,0.001161305166052,0.006474654126580889,0.008515585311128821
2021-06-04,39.2001953125,-15.27001953125,-0.0200042724609375,0.5999984741210938,18.040000915527344,0.0399999999999998,0.0,26.129999999999995,0.00258,0.0,0.0,0.0,-0.0043346063163525,0.0098878323002482,0.0140439650862577,0.0167596355604647,0.006483970475945116,0.008676759901816674
2021-06-07,69.2998046875,37.0400390625,0.8100051879882812,-0.3600006103515625,16.420000076293945,-0.0699999999999998,0.0,-41.44,-0.0034199999999997,0.0,0.0,0.0,0.0007859915109238,-0.0043346063163525,0.0098878323002482,0.0140439650862577,0.008867115736887775,0.00871373168731615
2021-06-08,-72.0,-3.3701171875,-0.3899993896484375,-0.19000244140625,16.420000076293945,0.01,0.0,43.43000000000001,0.0036699999999996,0.0,0.26,0.0,-0.011693585794253,0.0007859915109238,-0.0043346063163525,0.0098878323002482,0.008935552217621014,0.008519378048304348
2021-06-09,-41.5,0.73974609375,0.8199996948242188,0.1300048828124858,17.06999969482422,-0.04,0.0,-1.6200000000000043,0.00312,0.0,0.0,0.0,0.0079865252311727,-0.011693585794253,0.0007859915109238,-0.0043346063163525,0.010440868112600879,0.008972162840241178
2021-06-10,34.5,-7.7099609375,-0.0900039672851562,0.0400009155273721,17.889999389648438,-0.03,0.0,22.039999999999992,-0.00712,0.0,0.0,0.0,0.0098829143573761,0.0079865252311727,-0.011693585794253,0.0007859915109238,0.008892619216854683,0.009130219494574762
2021-06-11,19.0,19.63037109375,0.3300018310546875,-0.0400009155273721,16.100000381469727,-0.05,0.0,-8.969999999999999,0.0081300000000004,0.0,0.0,0.0,-0.0019734466677555,0.0098829143573761,0.0079865252311727,-0.011693585794253,0.00889132509560622,0.009352359161894256
2021-06-14,-51.5,8.259765625,0.6200027465820312,0.4799957275390909,15.649999618530272,0.02,0.0,-25.14,-0.00292,0.0,0.0,0.0,-0.0024824962047856,-0.0019734466677555,0.0098829143573761,0.0079865252311727,0.008627455888085056,0.009185968321282765
2021-06-15,-66.5,7.7099609375,-0.0300064086914062,-0.0400009155273579,16.389999389648438,0.04,0.0,19.49000000000001,-0.0014800000000003,0.0,0.0,0.0,0.0014223022955113,-0.0024824962047856,-0.0019734466677555,0.0098829143573761,0.00877015094842217,0.009088484802114619
2021-06-16,85.5,-8.56005859375,1.2400054931640625,0.0200042724609375,17.020000457763672,0.0,0.0,-7.859999999999999,-0.0001599999999997,0.0,0.0,0.0,-0.0017209987675439,0.0014223022955113,-0.0024824962047856,-0.0019734466677555,0.005690268402685831,0.008931312823444556
2021-06-17,12.7998046875,-22.8896484375,0.029998779296875,0.5899963378906108,18.14999961853028,0.06,0.0,-4.540000000000006,-0.0090099999999999,0.0,0.0,0.0,-0.0016664335040531,-0.0017209987675439,0.0014223022955113,-0.0024824962047856,0.005183006246590857,0.007781151931359261
2021-06-18,186.2001953125,-1.84033203125,-1.1100006103515625,0.760002136230483,17.75,-0.05,0.04,-10.39,0.0041999999999999,0.0,0.0,0.0,-0.0101572353404233,-0.0016664335040531,-0.0017209987675439,0.0014223022955113,0.001547015275693127,0.007814352247337049
2021-06-21,88.2001953125,-55.40966796875,0.5999984741210938,0.3400039672851562,20.700000762939453,-0.07,0.0,47.88,-0.0113699999999998,0.0,0.0,0.0,-0.0018106894498163,-0.0101572353404233,-0.0016664335040531,-0.0017209987675439,0.004313745540635665,0.007577105711858031
2021-06-22,-186.7001953125,58.33984375,2.020004272460937,-0.3700027465820312,17.889999389648438,0.05,0.0,31.79000000000002,0.0064999999999999,0.0,0.0,0.0,0.0151588717424674,-0.0018106894498163,-0.0101572353404233,-0.0016664335040531,0.004341192354102493,0.007553841209327891
2021-06-23,20.7998046875,21.64990234375,-0.600006103515625,-0.1299972534179687,16.65999984741211,-0.02,0.0,-74.11000000000001,-0.00068,0.0,0.0,0.0,-0.0087935125972665,0.0151588717424674,-0.0018106894498163,-0.0101572353404233,0.00924622266974696,0.007986556110002515
2021-06-24,106.2001953125,-4.60009765625,0.0200042724609375,0.0699996948242045,16.31999969482422,0.02,0.0,-39.72,0.0038099999999996,0.0,0.0,0.0,-0.003733309674854,-0.0087935125972665,0.0151588717424674,-0.0018106894498163,0.010071924012382308,0.00834116994088627
2021-06-25,-81.7001953125,24.650390625,0.220001220703125,0.0199966430664204,15.970000267028809,-0.01,0.0,52.760000000000005,-0.0026699999999997,0.0,0.0,0.0,0.0017188607073305,-0.003733309674854,-0.0087935125972665,0.0151588717424674,0.010125107034964177,0.008287559617960252
2021-06-28,97.900390625,14.2099609375,0.75,-0.0100021362304545,15.619999885559082,0.05,0.0,-20.16000000000001,0.00224,0.0,0.0,0.0,-0.0138655682025023,0.0017188607073305,-0.003733309674854,-0.0087935125972665,0.009027698925762453,0.00826145238675734
2021-06-29,-93.2001953125,9.90966796875,-1.1399993896484375,0.0699996948241903,15.760000228881836,-0.05,0.0,75.59,0.0035499999999997,0.0,0.0,0.0,0.0016114057176787,-0.0138655682025023,0.0017188607073305,-0.003733309674854,0.011159721968700598,0.008950565883419885
2021-06-30,107.0,1.18994140625,0.0699996948242187,0.1700057983398437,16.020000457763672,0.0,0.0,-93.96,0.0015100000000001,0.0,0.0,0.0,0.0061064913149067,0.0016114057176787,-0.0138655682025023,0.0017188607073305,0.006758258723352962,0.008129636441946662
2021-07-01,104.099609375,5.7001953125,0.4899978637695312,0.3899993896484375,15.829999923706056,-0.04,-0.02,59.14,0.0069500000000002,0.0,0.0,0.0,0.0034139764020915,0.0061064913149067,0.0016114057176787,-0.0138655682025023,0.007676390564194269,0.0075840783787878095
2021-07-02,-27.5,22.43994140625,1.7600021362304688,0.1599960327148579,15.479999542236328,0.03,0.02,-50.99000000000001,-0.0069700000000003,0.0,0.0,0.0,0.0028347933413309,0.0034139764020915,0.0061064913149067,0.0016114057176787,0.007850853226169376,0.007253569816499622
2021-07-05,-20.19921875,32.39990234375,-0.0699996948242187,-0.3699951171875,15.06999969482422,-0.04,0.0,50.43000000000001,-0.0064199999999998,0.0,0.0,0.0,-0.0028929241575539,0.0028347933413309,0.0034139764020915,0.0061064913149067,0.007934561899090914,0.0072420164454164515
2021-07-06,-55.400390625,0.0,0.0,0.0,15.06999969482422,0.0,0.0,11.689999999999998,0.0035000000000002,0.0,-0.3499999999999998,0.0,0.0068867638332756,-0.0028929241575539,0.0028347933413309,0.0034139764020915,0.003294715761393443,0.00725838046209436
2021-07-07,-31.0,-8.7998046875,-1.7900009155273438,0.3199996948242045,16.440000534057617,-0.0699999999999998,0.0,54.80000000000001,-0.00184,0.0,0.0,0.0,-0.0005084265857753,0.0068867638332756,-0.0028929241575539,0.0028347933413309,0.003850922995054794,0.006936628044984851
2021-07-08,73.7001953125,14.58984375,-1.1700057983398438,0.0899963378906392,16.200000762939453,-0.04,0.0,-142.35000000000002,0.0026899999999998,0.0,0.0,0.0,-0.0006853916530682,-0.0005084265857753,0.0068867638332756,-0.0028929241575539,0.003768137767690991,0.006703567045532012
2021-07-09,0.5,-37.31005859375,0.7400054931640625,-0.279998779296875,19.0,-0.03,0.0,10.46,0.0085099999999997,0.0,0.0,0.0,-8.56935852855014e-06,-0.0006853916530682,-0.0005084265857753,0.0068867638332756,0.003814793944599122,0.006284612552054802
2021-07-12,49.5,48.72998046875,1.6199951171875,-0.2300033569336079,16.18000030517578,0.07,0.0,16.61,-0.00746,0.0,0.0,0.0,0.0063908974647601,-8.56935852855014e-06,-0.0006853916530682,-0.0005084265857753,0.003706967024423481,0.006276655016238782
2021-07-13,-97.7001953125,15.080078125,-0.4599990844726562,0.1000061035156392,16.170000076293945,0.0099999999999997,0.0,59.81000000000002,0.0050700000000003,0.0,0.0,0.0,-0.0110062884655614,0.0063908974647601,-8.56935852855014e-06,-0.0006853916530682,0.0038677180693636125,0.006437612541937372
2021-07-14,37.5,-15.419921875,1.1500015258789062,0.5199966430664062,17.1200008392334,0.04,0.0,48.23999999999998,-0.0070700000000001,0.0,0.0,0.0,-0.0054735699388073,-0.0110062884655614,0.0063908974647601,-8.56935852855014e-06,0.006243816528652151,0.0068764853342572
2021-07-15,-16.400390625,5.08984375,-2.1200027465820312,-0.339996337890625,16.329999923706055,-0.0499999999999998,0.0,-93.67,0.0064600000000001,0.0,0.0,0.0,0.0112323213192389,-0.0054735699388073,-0.0110062884655614,0.0063908974647601,0.006503027719033775,0.0069583459807714895
2021-07-16,-69.099609375,-14.27001953125,-1.4799957275390625,0.2099990844726704,17.010000228881836,-0.06,0.0,55.13999999999999,-0.01505,0.0,0.0,0.0,0.0042504064351877,0.0112323213192389,-0.0054735699388073,-0.0110062884655614,0.008914166949124612,0.0074561140933144905
2021-07-19,90.0,-32.86962890625,0.1599960327148437,0.0699996948241903,18.450000762939453,0.0,0.0,-13.109999999999983,0.0170999999999996,0.0,0.0,0.0,-0.0091177076930296,0.0042504064351877,0.0112323213192389,-0.0054735699388073,0.009087826707464636,0.007130203192869464
2021-07-21,-72.0,-68.669921875,-5.3899993896484375,0.1999969482422017,22.5,-0.1200000000000001,0.0,-36.72000000000001,-0.00617,0.0,0.0,0.0,0.0020887605680152,-0.0091177076930296,0.0042504064351877,0.0112323213192389,0.009460443348222644,0.007437640742876612
2021-07-22,129.0,100.19970703125,3.8800048828125,-0.1399993896484375,17.90999984741211,0.1100000000000001,0.0,81.2,-0.0098199999999999,0.0,0.0,0.0,0.017682087626045,0.0020887605680152,-0.0091177076930296,0.0042504064351877,0.008060864533222795,0.006576199855245963
2021-07-23,-84.0,8.7900390625,1.6100006103515625,0.0699996948242187,17.690000534057617,-0.03,0.0,-94.09,-0.0010099999999999,0.0,0.0,0.0,-0.0058593581803315,0.017682087626045,0.0020887605680152,-0.0091177076930296,0.010096608493582779,0.0074241779213743
2021-07-26,12.7001953125,44.31005859375,0.1599960327148437,0.0900039672851562,17.200000762939453,0.03,0.0,47.56,0.0016500000000001,0.0,0.0,0.0,0.0007706535769801,-0.0058593581803315,0.017682087626045,0.0020887605680152,0.010442584692024786,0.007507949297454808
2021-07-27,-62.7001953125,10.509765625,-0.1599960327148437,-0.2600021362304687,17.579999923706055,-0.01,0.0,-13.209999999999994,0.0067399999999997,0.0,0.0,0.0,-0.0015315705197667,0.0007706535769801,-0.0058593581803315,0.017682087626045,0.010354771037430216,0.007504435419566992
2021-07-28,37.5,-20.83984375,-0.2600021362304687,-0.220001220703125,19.36000061035156,-0.04,0.0,7.1000000000000085,0.0002400000000002,0.0,0.0,0.0,-0.0013993402120612,-0.0015315705197667,0.0007706535769801,-0.0058593581803315,0.008940124755630378,0.006709836864082714
2021-07-29,30.5,-0.81982421875,0.7399978637695312,-0.1100006103515625,18.309999465942383,0.01,0.0,20.109999999999985,0.0042900000000001,0.0,0.0,0.0,0.0052753733846018,-0.0013993402120612,-0.0015315705197667,0.0007706535769801,0.00912706682302733,0.006736421674131805
2021-07-30,-91.400390625,18.509765625,1.2300033569335938,-0.4599990844726562,17.700000762939453,0.02,0.0,-8.259999999999991,0.0016699999999998,0.0,0.0,0.0,-0.0083158482270112,0.0052753733846018,-0.0013993402120612,-0.0015315705197667,0.004048247709736387,0.006706791475012762
2021-08-02,-12.599609375,-23.89013671875,0.3299942016601562,0.3099975585937642,18.239999771118164,-0.04,-0.03,-10.960000000000008,0.0196999999999998,0.0,0.0,0.0,0.0043568437062874,-0.0083158482270112,0.0052753733846018,-0.0013993402120612,0.004910986195307775,0.0070017533830618005
2021-08-03,6.0,-8.099609375,-2.6899948120117188,-0.1199951171875284,19.459999084472656,-0.04,0.03,-8.86,-0.0282099999999996,0.0,0.0,0.0,0.0055659774696489,0.0043568437062874,-0.0083158482270112,0.0052753733846018,0.0054714599368017045,0.007036301729940303
2021-08-04,-58.599609375,35.98974609375,-0.7000045776367188,0.029998779296875,18.040000915527344,-0.01,0.0,-46.77,-0.0020500000000001,0.0,0.0,0.0,0.0046322732343344,0.0055659774696489,0.0043568437062874,-0.0083158482270112,0.005976842187953264,0.007069019771956119
2021-08-05,-47.900390625,-20.48974609375,-2.409996032714844,0.1899948120117329,17.969999313354492,0.0,0.0,-10.420000000000002,0.0074199999999997,0.0,0.0,0.0,0.0075024842086617,0.0046322732343344,0.0055659774696489,0.0043568437062874,0.005955790269022291,0.006988219313277289
2021-08-06,-10.900390625,26.43994140625,0.9399948120117188,-0.0299987792968892,17.280000686645508,0.04,0.0,111.62,-0.0094099999999999,0.0,0.1899999999999999,0.0,-0.0003200683637309,0.0075024842086617,0.0046322732343344,0.0055659774696489,0.0063066179088763635,0.007130355355138632
2021-08-09,46.900390625,7.419921875,-0.80999755859375,0.5600051879882812,16.149999618530273,0.08,0.0,-71.88999999999999,0.0064700000000001,0.0,0.0,0.0,-0.0123228860668411,-0.0003200683637309,0.0075024842086617,0.0046322732343344,0.002885567111975934,0.007125420573201037
2021-08-10,-39.5,-4.169921875,-1.7999954223632812,0.1499938964844034,16.719999313354492,0.02,0.0,27.840000000000003,-0.0059300000000002,0.0,0.0,7.77,-0.0063929958175817,-0.0123228860668411,-0.0003200683637309,0.0075024842086617,0.007993201265829435,0.007752183756486147
2021-08-12,56.099609375,4.39990234375,1.80999755859375,0.1100006103515625,16.790000915527344,0.03,0.0,264.91,0.0053499999999999,0.0,0.0,0.0,0.0083813707285576,-0.0063929958175817,-0.0123228860668411,-0.0003200683637309,0.008078463537229448,0.007786955301694564
2021-08-13,-7.099609375,24.080078125,0.7999954223632812,-0.0199966430664204,15.59000015258789,0.0,0.0,-309.48,-0.00442,0.0,0.0,0.0,-2.6006367903220497e-05,0.0083813707285576,-0.0063929958175817,-0.0123228860668411,0.008907494932896722,0.0075368416551837335
2021-08-16,-54.0,7.169921875,-0.649993896484375,-0.5200042724609375,15.449999809265137,-0.07,0.0,11.010000000000003,0.00597,0.0,0.0,0.0,-0.0084366889538578,-2.6006367903220497e-05,0.0083813707285576,-0.0063929958175817,0.007750152078154165,0.007385582866956787
2021-08-18,40.0,11.7099609375,-1.1500015258789062,0.1100006103515482,16.1200008392334,-0.03,0.0,29.78,0.0068399999999999,0.0,0.0,0.0,0.0049544031167034,-0.0084366889538578,-2.6006367903220497e-05,0.0083813707285576,0.008116075011856122,0.007305689972524977
2021-08-19,44.099609375,-79.43994140625,-1.8300018310546875,0.510002136230483,21.56999969482422,0.01,-0.01,-17.950000000000003,-0.0119199999999999,0.0,0.0,0.0,-0.0207808013508064,0.0049544031167034,-0.0084366889538578,-2.6006367903220497e-05,0.007182970280028456,0.007327190938156872
2021-08-20,29.1005859375,5.52978515625,-1.770000457763679,0.4300003051757812,21.670000076293945,-0.03,0.0,-34.650000000000006,0.0042900000000001,0.0,0.0,0.0,0.0063960786124558,-0.0207808013508064,0.0049544031167034,-0.0084366889538578,0.011696179483481313,0.008493674360599791
2021-08-23,39.2001953125,35.8701171875,-1.3699989318847583,-0.0699996948242187,18.559999465942383,0.02,0.0,6.769999999999996,0.0028899999999998,0.0,0.0,0.0,0.0130236181289232,0.0063960786124558,-0.0207808013508064,0.0049544031167034,0.011229915813614813,0.00860882436011446
2021-08-24,-47.400390625,37.85986328125,3.3199996948242188,-0.5400009155273438,17.149999618530273,-0.01,0.0,92.61,-0.0032099999999997,0.0,0.0,0.0,-0.0033331472331366,0.0130236181289232,0.0063960786124558,-0.0207808013508064,0.013540663758746723,0.008156560495055904
2021-08-25,-16.0,6.7001953125,1.9000015258789065,-0.0699996948242187,17.219999313354492,0.04,0.0,-91.19,-0.00537,0.0,0.0,0.0,0.0038914537668663,-0.0033331472331366,0.0130236181289232,0.0063960786124558,0.01301929914156181,0.00808397470800031
2021-08-26,18.7001953125,9.9599609375,0.8199996948242188,-0.0599975585937642,16.790000915527344,0.06,0.0,-12.58999999999999,0.0056699999999998,0.0,0.0,0.0,-0.009064018114715,0.0038914537668663,-0.0033331472331366,0.0130236181289232,0.012927592017790519,0.008131644090808448
2021-08-27,17.0,-26.18994140625,-0.94000244140625,0.2299957275390909,18.84000015258789,-0.01,0.0,-19.28000000000001,-0.00489,0.0,0.0,0.0,-0.00276275085972,-0.009064018114715,0.0038914537668663,-0.0033331472331366,0.008589399624679528,0.008379696429691937
2021-08-30,-16.400390625,39.3701171875,1.3199996948242188,-0.3699951171875284,16.389999389648438,-0.03,-0.0099999999999999,14.619999999999996,0.0025700000000004,0.0,0.0,0.0,0.0169925912125994,-0.00276275085972,-0.009064018114715,0.0038914537668663,0.008441578858013327,0.008394466909135881
2021-08-31,-38.2998046875,19.419921875,0.470001220703125,-0.0400009155273295,16.190000534057617,-0.02,0.0,8.230000000000004,-0.0012500000000001,0.0,0.0,0.0,0.0008778991318254,0.0169925912125994,-0.00276275085972,-0.009064018114715,0.009977944749211326,0.009182474384331295
2021-09-01,-49.0,-6.10986328125,-0.7099990844726562,-0.0200042724609517,16.479999542236328,0.01,-0.02,89.02000000000001,0.0014599999999997,0.0,0.0,0.0,-0.0096993813032756,0.0008778991318254,0.0169925912125994,-0.00276275085972,0.009678713126245058,0.008961337830984675
2021-09-02,-115.5,1.40966796875,0.089996337890625,-0.1800003051757528,16.110000610351562,0.01,0.02,-78.03000000000002,0.0081999999999999,0.0,0.0,0.0,-0.0020879179788232,-0.0096993813032756,0.0008778991318254,0.0169925912125994,0.010847964180638945,0.009203794164897843
2021-09-03,22.7001953125,12.8603515625,1.4000015258789062,-0.2199935913086079,16.40999984741211,-0.02,0.0,-15.989999999999997,-0.0127499999999995,0.0,0.0,0.0,0.0079789520400795,-0.0020879179788232,-0.0096993813032756,0.0008778991318254,0.009916955049835908,0.00911687934383876
2021-09-06,-23.7001953125,-1.52001953125,-0.6999969482421875,-0.19000244140625,16.40999984741211,0.04,0.0,15.569999999999991,0.00373,0.0,0.0,0.0,2.7892999107202618e-06,0.0079789520400795,-0.0020879179788232,-0.0096993813032756,0.010149768027991814,0.009244479445953756
2021-09-07,10.5,0.0,0.0,0.0,16.40999984741211,0.0,0.0,134.01000000000002,0.0093899999999997,0.0,0.07,0.0,-0.0023756338626684,2.7892999107202618e-06,0.0079789520400795,-0.0020879179788232,0.006347392225443515,0.009063307669991158
2021-09-08,-24.599609375,-15.400390625,-0.94000244140625,0.4799957275390625,18.13999938964844,0.0499999999999998,0.0,-56.47,-0.0079299999999999,0.0,0.0,0.0,-0.0142327158772552,-0.0023756338626684,2.7892999107202618e-06,0.0079789520400795,0.006326596486553363,0.00907118362617171
2021-09-09,47.7998046875,-5.9599609375,0.9500045776367188,0.1300048828125,17.959999084472656,-0.0299999999999998,0.0,-47.20000000000002,0.0081600000000001,0.0,0.0,0.0,0.0069784281761551,-0.0142327158772552,-0.0023756338626684,2.7892999107202618e-06,0.007957334781701278,0.009208554569160496
2021-09-10,47.2001953125,-20.7900390625,-1.160003662109375,-0.1699981689453125,18.799999237060547,-0.05,0.0,-61.77,-0.01425,0.0,0.0,0.0,0.0043827425844803,0.0069784281761551,-0.0142327158772552,-0.0023756338626684,0.008944728631014434,0.009268966812698991
2021-09-13,-67.6005859375,-34.69970703125,1.5800018310546875,0.0999984741210795,20.950000762939453,0.05,0.0,15.329999999999998,0.0081500000000001,0.0,0.0,0.0,-0.0011024877788225,0.0043827425844803,0.0069784281761551,-0.0142327158772552,0.008225266151044356,0.009116770666217302
2021-09-14,-62.7998046875,10.14990234375,0.7299957275390625,0.0400009155273721,19.3700008392334,-0.02,0.0,136.8,0.0035899999999999,0.0,0.0,0.0,0.0067016936413645,-0.0011024877788225,0.0043827425844803,0.0069784281761551,0.008204763183333571,0.009117835346760464
2021-09-15,95.599609375,-25.68017578125,0.0100021362304687,0.0299987792968607,19.459999084472656,-0.05,0.0,-73.26000000000002,-0.0041999999999999,0.0,0.0,0.0,-0.0030828868559483,0.0067016936413645,-0.0011024877788225,0.0043827425844803,0.00887577100806509,0.009045356551113427
2021-09-16,-41.8994140625,37.650390625,2.1500015258789062,-0.1600036621093892,18.18000030517578,0.03,0.0,-28.829999999999984,-0.0007900000000002,0.0,0.0,0.0,-4.698942059629523e-05,-0.0030828868559483,0.0067016936413645,-0.0011024877788225,0.004610377323370642,0.009007884802348785
2021-09-17,14.7998046875,-6.9501953125,0.0,0.3700027465820454,18.690000534057617,0.03,0.0,-62.17000000000001,-0.0053,0.0,0.0,0.0,0.0038068887589629,-4.698942059629523e-05,-0.0030828868559483,0.0067016936413645,0.004045146174531773,0.007577840940890439
2021-09-20,19.400390625,-40.759765625,-0.6399993896484375,0.3399963378906392,20.809999465942383,0.03,0.0,38.690000000000005,0.0050700000000003,0.0,0.0,0.0,-0.0093257349358557,0.0038068887589629,-4.698942059629523e-05,-0.0030828868559483,0.003944895278007419,0.007502035259916323
2021-09-21,-62.900390625,-75.26025390625,-1.6800003051757812,0.0400009155273153,25.709999084472656,-0.06,0.0,75.86,0.0188599999999996,0.0,0.0,0.0,-0.0025637343629126,-0.0093257349358557,0.0038068887589629,-4.698942059629523e-05,0.006227412121276427,0.007252465502448349
2021-09-22,99.5,-3.5400390625,0.2699966430664062,-0.0400009155273153,24.36000061035156,0.02,0.0,36.77000000000001,-0.0114399999999998,0.0,0.0,0.0,0.0078081118196835,-0.0025637343629126,-0.0093257349358557,0.0038068887589629,0.0048061686872461476,0.007237414918887861
2021-09-23,-83.0,41.4501953125,1.6700057983398438,0.2600021362304545,20.8700008392334,-0.01,0.0,-97.44,0.00102,0.0,0.0,0.0,0.0056235299404958,0.0078081118196835,-0.0025637343629126,-0.0093257349358557,0.00649966574385983,0.007406016061957091
2021-09-24,41.7001953125,53.33984375,1.0699996948242188,-0.3600006103515625,18.6299991607666,0.0899999999999998,0.0,-19.540000000000006,-0.00387,0.0,0.0,0.0,0.0003423027903045,0.0056235299404958,0.0078081118196835,-0.0025637343629126,0.006980377425200764,0.0071892085030647755
2021-09-27,7.2998046875,6.5,0.6800003051757812,0.2300033569335795,17.75,0.06,0.0,7.760000000000005,0.0039100000000003,0.0,0.0,0.0,-0.0036389149278052,0.0003423027903045,0.0056235299404958,0.0078081118196835,0.0068106476741044576,0.00714402292320044
2021-09-28,-35.5,-12.3701171875,1.4699935913085938,0.0499954223632812,18.76000022888184,0.01,0.0,156.64999999999998,-0.0001600000000001,0.0,0.0,0.0,-0.0015337698688188,-0.0036389149278052,0.0003423027903045,0.0056235299404958,0.0050263655789709654,0.006104113771890253
2021-09-29,-8.5,-90.47998046875,-0.1599960327148437,0.3899993896484517,23.25,0.06,0.0,-117.21,-0.0036900000000001,0.0,0.0,0.0,0.0080553918795504,-0.0015337698688188,-0.0036389149278052,0.0003423027903045,0.00483491696857897,0.006105880826478236
2021-09-30,76.099609375,6.830078125,-0.4599990844726562,0.5699996948242188,22.559999465942383,0.01,0.0,-21.67,0.00496,0.0,0.0,0.0,0.0199835881934742,0.0080553918795504,-0.0015337698688188,-0.0036389149278052,0.00491338526426305,0.005956735957256817
2021-10-01,66.400390625,-51.919921875,0.1999969482421875,-0.089996337890625,23.13999938964844,-0.03,-0.02,37.900000000000006,-0.0034999999999998,0.0,0.0,0.0,-0.0092839656834503,0.0199835881934742,0.0080553918795504,-0.0015337698688188,0.009646458594189706,0.007323345863946049
2021-10-04,-56.400390625,49.5,0.8499984741210938,-0.2099990844726562,21.100000381469727,-0.04,0.02,-53.7,-0.0051499999999999,0.0,0.0,0.0,0.0181113867344376,-0.0092839656834503,0.0199835881934742,0.0080553918795504,0.011501340907248218,0.0075564775735454445
2021-10-05,-27.599609375,-56.580078125,1.7400054931640625,-0.2300033569335795,22.959999084472656,0.01,0.0,59.2,-0.0011399999999999,0.0,0.0,0.0,-0.0086515231958547,0.0181113867344376,-0.0092839656834503,0.0199835881934742,0.012561060538453163,0.008481112943465683
2021-10-06,-0.5,45.26025390625,1.30999755859375,0.1700057983398295,21.299999237060547,0.05,0.0,-50.89,0.00197,0.0,0.01,0.0,0.0203502699049774,-0.0086515231958547,0.0181113867344376,-0.0092839656834503,0.014089716728731487,0.008752777759399042
2021-10-07,-54.5,17.82958984375,-1.5,0.2899932861328125,21.0,-0.01,0.0,48.39,0.0208499999999998,0.0,0.0,0.0,-0.0001445015397559,0.0203502699049774,-0.0086515231958547,0.0181113867344376,0.015607149152489848,0.008913021674023719
2021-10-08,-13.599609375,36.2099609375,0.8700027465820312,-0.0499954223632812,19.540000915527344,0.05,0.0,-44.6,-0.0179599999999999,0.0,0.0,0.0,0.0101368848154475,-0.0001445015397559,0.0203502699049774,-0.0086515231958547,0.014319000525360474,0.008894102716744576
2021-10-11,-61.6005859375,-8.419921875,1.0499954223632812,-0.1500015258789062,18.770000457763672,0.03,0.0,-4.240000000000009,0.0015,0.0,0.0,0.0,-0.0034110953632939,0.0101368848154475,-0.0001445015397559,0.0203502699049774,0.012277356344889367,0.009040218701921546
2021-10-12,45.2001953125,-30.14990234375,1.1699981689453125,0.25,20.0,0.0,0.0,-11.120000000000005,-0.0017599999999999,0.0,0.0,0.0,0.0041048082754603,-0.0034110953632939,0.0101368848154475,-0.0001445015397559,0.011581917929418813,0.009110859882699125
2021-10-13,-22.0,-10.5400390625,0.1200027465820312,0.1999969482421875,19.850000381469727,-0.02,0.0,4.950000000000003,-0.0045900000000003,0.0,0.0,0.0,0.0077764431296265,0.0041048082754603,-0.0034110953632939,0.0101368848154475,0.009390748348349876,0.009073182877794553
2021-10-14,27.2001953125,13.14990234375,-0.1999969482421875,-0.4399948120117329,18.63999938964844,-0.03,0.0,20.60000000000001,0.0045400000000004,0.0,0.0,0.0,0.0135548442917367,0.0077764431296265,0.0041048082754603,-0.0034110953632939,0.00555792976635182,0.009025390007922544
2021-10-15,-1.5,74.4599609375,0.8699951171875,-0.120002746582017,16.860000610351562,-0.04,0.0,-16.78,-0.00211,0.0,0.0,0.0,0.0010896561929864,0.0135548442917367,0.0077764431296265,0.0041048082754603,0.006491743921546951,0.0092632982723553
2021-10-18,-141.2001953125,33.1103515625,0.970001220703125,-0.0199966430664204,16.299999237060547,0.07,0.0,-29.15000000000001,0.0012299999999996,0.0,0.0,0.0,0.0038263623372376,0.0010896561929864,0.0135548442917367,0.0077764431296265,0.006461845236239948,0.009287025666284403
2021-10-19,-11.5,15.08984375,0.160003662109375,0.0099945068359659,16.309999465942383,0.0,0.0,94.58,-0.0028899999999998,0.0,0.0,0.0,-0.00041608234762,0.0038263623372376,0.0010896561929864,0.0135548442917367,0.004812342315448549,0.008749915884878357
2021-10-21,90.2001953125,33.169921875,0.5199966430664062,-0.1599960327148579,15.699999809265137,0.0599999999999998,0.0,-85.82000000000001,0.0030399999999999,0.0,0.0,0.0,-0.0034654155404569,-0.00041608234762,0.0038263623372376,0.0010896561929864,0.005629342164513048,0.00867048999514209
2021-10-22,-37.400390625,30.14990234375,-0.4599990844726562,-0.0200042724609375,15.010000228881836,0.03,0.0,-4.219999999999999,-0.0110099999999997,0.0,0.0,0.0,0.0016217311956277,-0.0034654155404569,-0.00041608234762,0.0038263623372376,0.006503355262501147,0.00882184196801563
2021-10-25,55.2001953125,-4.8798828125,1.2600021362304688,-0.1599960327148437,15.43000030517578,-0.02,0.0,32.0,0.0110299999999998,0.0,0.0,0.0,-0.0027191854552096,0.0016217311956277,-0.0034654155404569,-0.00041608234762,0.0027032159573608648,0.008831335135943344
2021-10-26,-59.0,21.580078125,0.0,0.1999969482422017,15.239999771118164,-0.02,0.0,0.8900000000000006,-0.0047100000000002,0.0,0.0,0.0,0.0047039303311953,-0.0027191854552096,0.0016217311956277,-0.0034654155404569,0.0030241348796122875,0.008922679347696067
2021-10-27,77.5,8.31005859375,0.8899993896484375,0.1399993896484375,15.979999542236328,-0.01,0.0,-3.1700000000000017,0.00109,0.0,0.0,0.0,-0.0082551829748609,0.0047039303311953,-0.0027191854552096,0.0016217311956277,0.0033285899476944592,0.008751584126793532
2021-10-28,-17.7998046875,-23.10986328125,-1.9899978637695312,-0.0899963378906392,16.979999542236328,-0.0899999999999998,0.0,-35.720000000000006,0.0061300000000001,0.0,0.0,0.0,-0.011904927306356,-0.0082551829748609,0.0047039303311953,-0.0027191854552096,0.004978461016760685,0.009104661443136965
2021-10-29,41.3994140625,44.73974609375,0.149993896484375,-0.5100021362304688,16.530000686645508,0.03,0.0,26.76,-0.0030800000000001,0.0,0.0,0.0,0.0102582452288391,-0.011904927306356,-0.0082551829748609,0.0047039303311953,0.006841449429404895,0.009694140531725367
2021-11-01,11.900390625,8.9599609375,0.7600021362304688,0.7700042724609517,16.260000228881836,-0.02,-0.0099999999999999,-13.14,0.00537,0.0,0.0,0.0,-0.005851560011593,0.0102582452288391,-0.011904927306356,-0.0082551829748609,0.009111691761359831,0.009009211064477525
2021-11-02,-0.5,8.2900390625,0.4800033569335937,-0.2400054931640909,16.40999984741211,0.03,0.0099999999999999,58.81999999999999,-0.00347,0.0,0.0,0.0,-0.0091390346543659,-0.005851560011593,0.0102582452288391,-0.011904927306356,0.009314724682634768,0.008806044952678328
2021-11-03,48.099609375,16.97998046875,-0.1399993896484375,0.2099990844726704,16.030000686645508,-0.02,0.0,-25.419999999999987,0.0022600000000001,0.0,0.0,0.0,0.0090231588449361,-0.0091390346543659,-0.005851560011593,0.0102582452288391,0.008788383442223983,0.008366453162641388
2021-11-04,13.30078125,29.919921875,-3.0500030517578125,-0.2299957275390625,15.100000381469728,0.04,0.0,77.82,-0.0035500000000001,0.0,0.0,0.0,0.0052232562753442,0.0090231588449361,-0.0091390346543659,-0.005851560011593,0.010422859919354821,0.008205995886207953
2021-11-05,76.099609375,19.490234375,-2.0500030517578125,0.4899978637695312,15.4399995803833,-0.07,0.0,-31.769999999999985,-0.0046999999999997,0.0,0.0,0.0,-0.0007074171298249,0.0052232562753442,0.0090231588449361,-0.0091390346543659,0.008854244979840869,0.007046343377539791
2021-11-08,48.0,17.4697265625,2.459999084472656,-0.029998779296875,16.479999542236328,-0.08,0.0,54.72999999999999,0.0022599999999997,0.0,0.0599999999999998,0.0,0.0076451719701458,-0.0007074171298249,0.0052232562753442,0.0090231588449361,0.007525648195600002,0.007053540113131868
2021-11-09,-94.2001953125,4.17041015625,0.660003662109375,-0.2699966430664204,17.219999313354492,0.06,0.0,151.85,0.0003600000000001,0.0,0.0,0.0,0.0056574053499051,0.0076451719701458,-0.0007074171298249,0.0052232562753442,0.007452412237191098,0.006909258426867216
2021-11-10,-67.7998046875,-16.4501953125,2.220001220703125,-0.090003967285142,17.780000686645508,-0.05,0.0,-213.54,-0.0064999999999999,0.0,0.0,-3.5500000000000003,0.0019801018548199,0.0056574053499051,0.0076451719701458,-0.0007074171298249,0.0037269658359972793,0.006891866938794742
2021-11-11,38.0,-38.5400390625,-2.810005187988281,0.8899993896484375,18.729999542236328,0.1,0.0,-110.84,0.0093399999999999,0.0,0.0,0.0,0.0012257335152398,0.0019801018548199,0.0056574053499051,0.0076451719701458,0.0033076529699557333,0.006867578408054258
2021-11-12,12.400390625,2.56005859375,0.25,0.3300018310546875,17.65999984741211,0.0,0.0,26.66,-0.0027599999999998,0.0,0.0,0.0,-0.006039053271878,0.0012257335152398,0.0019801018548199,0.0056574053499051,0.0034075013796188787,0.006706557674921844
2021-11-15,-40.7001953125,33.580078125,-0.7999954223632812,-0.0500030517578267,16.290000915527344,0.02,0.0,137.08,0.0017200000000001,0.0,0.0,0.0,-0.0052800562078426,-0.006039053271878,0.0012257335152398,0.0019801018548199,0.005254207429456783,0.006214897311423246
2021-11-16,-75.0,-0.05029296875,0.089996337890625,0.2800064086914204,16.489999771118164,0.0499999999999998,0.0,-94.84,-0.0005700000000001,0.0,0.0,0.0,0.0053030345614636,-0.0052800562078426,-0.006039053271878,0.0012257335152398,0.005014288608678894,0.006328423924777502
2021-11-17,-1.2998046875,18.10009765625,-0.1199951171875,0.5099945068359517,16.3700008392334,0.0,0.0,4.419999999999988,-0.0076399999999998,0.0,0.0,0.0,0.0036913296572328,0.0053030345614636,-0.0052800562078426,-0.006039053271878,0.00490701208172623,0.006385377886933541
2021-11-18,88.7998046875,-12.22998046875,-2.4000015258789062,-0.0899963378906534,17.110000610351562,-0.0299999999999998,0.0,2.5600000000000023,0.0014499999999997,0.0,0.0,0.0,-0.0059095954718362,0.0036913296572328,0.0053030345614636,-0.0052800562078426,0.005180687827497184,0.006439041587509505
2021-11-19,-50.400390625,15.8701171875,0.6500015258789062,-0.2900009155273295,17.59000015258789,-0.01,0.0,26.920000000000016,-0.00015,0.0,0.0,0.0,0.0125472371522815,-0.0059095954718362,0.0036913296572328,0.0053030345614636,0.005644902420697375,0.006533740843028484
2021-11-22,-19.099609375,-6.580078125,-2.910003662109375,0.529998779296875,17.90999984741211,-0.05,0.0,-21.430000000000007,0.00414,0.0,0.0,0.0,0.0004646129685459,0.0125472371522815,-0.0059095954718362,0.0036913296572328,0.007754853158998637,0.0071058336459911015
2021-11-23,60.3994140625,-15.02001953125,0.6500015258789062,0.4300003051757812,19.170000076293945,0.0899999999999998,0.0,-28.25,0.00034,0.0,0.0,0.0,-0.0067919615562856,0.0004646129685459,0.0125472371522815,-0.0059095954718362,0.006754631862859121,0.007063744931983278
2021-11-24,-5.5,7.76025390625,1.75,-0.0100021362304829,19.3799991607666,0.04,0.0,6.519999999999996,-0.0021599999999999,0.0,0.0,0.0,0.0008084450897772,-0.0067919615562856,0.0004646129685459,0.0125472371522815,0.007891869289033255,0.00719010723152151
2021-11-25,12.900390625,10.759765625,-0.1100006103515625,0.3499984741211079,18.57999992370605,-0.03,0.0,32.480000000000004,0.00387,0.0,0.0,0.0,0.0024015237676938,0.0008084450897772,-0.0067919615562856,0.0004646129685459,0.007731532096356119,0.0069122577488503105
2021-11-26,30.900390625,0.0,0.0,0.0,18.57999992370605,0.0,0.0,-72.78,-0.0051899999999998,0.0,0.0,0.0,-0.0207825915867807,0.0024015237676938,0.0008084450897772,-0.0067919615562856,0.00693570877449237,0.006258271819988654
2021-11-29,16.599609375,-106.83984375,-10.239997863769531,-0.75,28.6200008392334,-0.1599999999999999,0.0,-0.3700000000000045,0.0013899999999997,0.0,0.0,0.0,0.0070975806890178,-0.0207825915867807,0.0024015237676938,0.0008084450897772,0.009623433562590296,0.00762596758316783
2021-11-30,88.2001953125,60.64990234375,1.7999954223632812,0.25,22.959999084472656,0.04,0.0,45.83,0.00292,0.0,0.0,0.0,-0.0113160016132405,0.0070975806890178,-0.0207825915867807,0.0024015237676938,0.010899696368606417,0.0076728140408481105
2021-12-01,-31.2001953125,-88.27001953125,-3.7699966430664062,-0.3499984741211079,27.190000534057617,-0.09,-0.0099999999999999,13.439999999999998,-0.0002299999999997,0.0,0.0,0.0,-0.0040264060657985,-0.0113160016132405,0.0070975806890178,-0.0207825915867807,0.011421412351137455,0.007829415426179313
2021-12-02,-44.0,-53.9599609375,-0.6100006103515625,0.0600051879882812,31.1200008392334,0.0,0.0099999999999999,-8.819999999999993,0.0066199999999998,0.0,0.0,0.0,0.01163257761208,-0.0040264060657985,-0.0113160016132405,0.0070975806890178,0.01107401535744,0.007605817000848697
2021-12-03,43.0,64.06005859375,0.9300003051757812,0.0799942016601562,27.950000762939453,0.01,0.0,-18.02,-0.00957,0.0,0.0,0.0,-0.0069064197999771,0.01163257761208,-0.0040264060657985,-0.0113160016132405,0.013241566811381113,0.007978472087647357
2021-12-06,67.7998046875,-38.669921875,-0.2399978637695312,-0.009994506835909,30.670000076293945,-0.0899999999999998,0.0,129.17,0.0034,0.0,0.0,0.0,0.001316002060719,-0.0069064197999771,0.01163257761208,-0.0040264060657985,0.009684766127177957,0.00812563911620672
2021-12-07,70.2001953125,53.23974609375,3.2299957275390625,0.1699981689452983,27.18000030517578,0.0799999999999998,0.0,-129.51999999999998,-0.0020299999999999,0.0,0.09,0.0,0.0084341130888647,0.001316002060719,-0.0069064197999771,0.01163257761208,0.008827687611211521,0.00791932657339199
2021-12-08,-24.0,95.080078125,2.560005187988281,0.0800018310547017,21.88999938964844,0.05,0.0,31.730000000000004,-0.0006400000000001,0.0,0.0,0.0,0.0001861229417279,0.0084341130888647,0.001316002060719,-0.0069064197999771,0.00790970327434128,0.00805876694490042
2021-12-09,-96.7001953125,14.4599609375,0.30999755859375,-0.4800033569336079,19.89999961853028,0.04,0.0,-27.55,0.00516,0.0,0.0,0.0,0.006059060712696,0.0001861229417279,0.0084341130888647,0.001316002060719,0.007295873703640667,0.008039582463588536
2021-12-10,-58.2998046875,-33.759765625,-1.4199981689453125,0.3799972534179687,21.57999992370605,-0.03,0.0,-34.760000000000005,-0.0073799999999999,0.0,0.0,0.0,0.0013521615655555,0.006059060712696,0.0001861229417279,0.0084341130888647,0.00593274964988168,0.008168867070515505
2021-12-13,-37.599609375,44.56982421875,0.7299957275390625,-0.2199935913086079,18.690000534057617,-0.01,0.0,19.460000000000008,0.0072800000000001,0.0,0.0,0.0,0.0014943489471183,0.0013521615655555,0.006059060712696,0.0001861229417279,0.0035796105980191294,0.008064736598297961
2021-12-14,54.5,-43.0498046875,-0.3799972534179687,0.2699966430664204,20.309999465942383,-0.06,0.0,135.54,-0.0075800000000003,0.0,0.0,0.0,-0.007114366293883,0.0014943489471183,0.0013521615655555,0.006059060712696,0.0035535812128690684,0.007972415614501991
2021-12-15,-27.2001953125,-34.88037109375,-0.55999755859375,0.25,21.88999938964844,0.02,0.0,-138.31,0.0032499999999999,0.0,0.0,0.0,0.0016039444430676,-0.007114366293883,0.0014943489471183,0.0013521615655555,0.004760265770012059,0.00804975297803874
2021-12-16,17.7998046875,75.76025390625,0.1399993896484375,-0.0599975585937357,19.290000915527344,0.03,0.0,27.64,0.00678,0.0,0.0,0.0,-0.0047589310369924,0.0016039444430676,-0.007114366293883,0.0014943489471183,0.004786832827667343,0.008009144439074096
2021-12-17,-45.0,-41.18017578125,1.5099945068359375,-0.4700012207031392,20.56999969482422,-0.03,0.0,48.35000000000001,-0.0100499999999996,0.0,0.0,0.0,0.0010812190670457,-0.0047589310369924,0.0016039444430676,-0.007114366293883,0.00414957744971517,0.007971318992416472
2021-12-20,82.5,-48.02978515625,-1.5199966430664062,0.529998779296875,21.56999969482422,-0.03,0.0,-21.22,0.0018099999999998,0.0,0.0,0.0,-0.0083383446517458,0.0010812190670457,-0.0047589310369924,0.0016039444430676,0.004104799582962341,0.0073885993799621425
2021-12-21,5.7001953125,-52.6201171875,-2.6299972534179688,-0.0199966430664204,22.8700008392334,0.02,0.0,-12.210000000000008,-0.0009999999999998,0.0,0.0,0.0,0.0010987001188349,-0.0083383446517458,0.0010812190670457,-0.0047589310369924,0.004612369424374548,0.007563888289032259
2021-12-22,3.0,81.2099609375,2.889999389648437,-0.0600051879882812,21.01000022888184,0.05,0.0,45.44999999999999,2.9999999999752447e-05,0.0,0.0,0.0,-0.0037781295315972,0.0010987001188349,-0.0083383446517458,0.0010812190670457,0.004465879020573061,0.007469104212109665
2021-12-23,-124.7998046875,47.330078125,1.6399993896484375,-0.4099960327148437,18.6299991607666,-0.02,0.0,-33.379999999999995,0.0040599999999999,0.0,0.0,0.0,0.0039675593554721,-0.0037781295315972,0.0010987001188349,-0.0083383446517458,0.004050752817933197,0.007483192457444209
2021-12-24,-70.1005859375,29.22998046875,1.029998779296875,-0.060005187988267,17.959999084472656,0.04,0.0,40.75,-0.0020299999999999,0.0,0.0,0.0,0.0011204252757916,0.0039675593554721,-0.0037781295315972,0.0010987001188349,0.004868115044739367,0.007530499405566563
2021-12-27,-26.0,0.0,0.0,0.0,17.959999084472656,0.0,0.0,-72.63999999999999,0.0003999999999999,0.0,0.0,0.0,0.0019095175712749,0.0011204252757916,0.0039675593554721,-0.0037781295315972,0.00487272500078901,0.005939771681234047
2021-12-28,21.5,65.39990234375,1.779998779296875,0.0699996948242187,17.68000030517578,-0.02,0.0,80.50999999999999,0.00137,0.0,0.0,0.0,0.0034764414366536,0.0019095175712749,0.0011204252757916,0.0039675593554721,0.002845847482645944,0.00572330479827828
2021-12-29,30.7001953125,-4.83984375,0.410003662109375,0.1100006103515767,17.540000915527344,0.01,0.0,-65.57,-0.00638,0.0,0.0,0.0,0.0003536602690527,0.0034764414366536,0.0019095175712749,0.0011204252757916,0.003083677183986313,0.005144398688001368
2021-12-30,18.2001953125,6.7099609375,0.5799942016601562,-0.2699966430664204,16.950000762939453,0.06,0.0,-29.66,0.0005200000000002,0.0,0.0,0.0,-0.0029122449872306,0.0003536602690527,0.0034764414366536,0.0019095175712749,0.001533497372222742,0.0050340374693197895
2022-01-03,-1.2001953125,-14.330078125,0.4300003051757812,0.0400009155273437,17.329999923706055,-0.03,0.0,47.47999999999999,0.0044999999999997,0.0,0.0,0.0,0.0126562420884975,-0.0029122449872306,0.0003536602690527,0.0034764414366536,0.0023704681703062753,0.0043812667038723024
2022-01-04,-22.0,17.830078125,-0.9099960327148438,0.269996643066392,16.600000381469727,0.1099999999999998,0.0,14.939999999999998,-0.0084499999999998,0.0,0.0,0.0,0.0045005178717591,0.0126562420884975,-0.0029122449872306,0.0003536602690527,0.005843161332745148,0.004913762570783568
2022-01-05,68.599609375,-3.02001953125,0.9099960327148438,0.0500030517578267,16.90999984741211,0.03,0.0,45.48000000000002,-0.0033500000000001,0.0,0.0,0.0,-0.0049521034279485,0.0045005178717591,0.0126562420884975,-0.0029122449872306,0.00582641962988628,0.004977080483047605
2022-01-06,101.900390625,-92.9599609375,0.8600006103515625,-0.0999984741211079,19.729999542236328,0.05,0.0,-81.00000000000001,0.0020700000000002,0.0,0.1200000000000001,0.0,-0.0013439457057899,-0.0049521034279485,0.0045005178717591,0.0126562420884975,0.006981320781927011,0.004839852314789247
2022-01-07,61.0,-4.5302734375,1.6100006103515625,0.0599975585937642,19.61000061035156,0.02,0.0,124.02,0.0045199999999998,0.0,0.0,0.0,0.0071832641014328,-0.0013439457057899,-0.0049521034279485,0.0045005178717591,0.007117060354596474,0.0048563126603470026
2022-01-10,-38.5,-19.02001953125,-0.55999755859375,-0.510002136230483,18.76000022888184,0.03,0.0,-177.69,0.0029799999999999,0.0,0.0,0.0,-0.0015220372902,0.0071832641014328,-0.0013439457057899,-0.0049521034279485,0.006950664001531052,0.004931505218953139
2022-01-11,-89.5,-6.73974609375,-0.6699981689453125,0.25,19.39999961853028,0.02,0.0,62.84,-0.0033699999999998,0.0,0.0,0.0,-0.0064702982638483,-0.0015220372902,0.0071832641014328,-0.0013439457057899,0.004937391512302408,0.00494507798451065
2022-01-12,-5.5,42.77978515625,2.9899978637695312,-0.3699951171874716,18.40999984741211,-0.03,0.0,-42.7,0.0023399999999997,0.0,0.0,0.0,-0.0001361821805298,-0.0064702982638483,-0.0015220372902,0.0071832641014328,0.00529182414198394,0.00515875534657072
2022-01-13,-36.0,13.2802734375,1.4199981689453125,-0.6200027465820455,17.6200008392334,-0.01,0.0,14.420000000000002,0.00258,0.0,0.0,0.0,0.0016972057361443,-0.0001361821805298,-0.0064702982638483,-0.0015220372902,0.004913178431793939,0.00488916264098408
2022-01-14,21.900390625,-67.3203125,-0.5199966430664062,-0.2099990844726562,20.309999465942383,-0.04,0.0,-34.69,-0.0067499999999998,0.0,0.0,0.0,0.0052494967941612,0.0016972057361443,-0.0001361821805298,-0.0064702982638483,0.00496403582760303,0.004890579294251037
2022-01-17,-22.900390625,3.8203125,1.6999969482421875,0.3799972534179829,19.190000534057617,0.08,0.0,16.349999999999994,0.0052699999999998,0.0,0.0,0.0,-0.0072502042972032,0.0052494967941612,0.0016972057361443,-0.0001361821805298,0.004311562628256501,0.0048639506513284145
2022-01-18,38.5,0.0,0.0,0.0,19.190000534057617,0.0,0.0,101.31,-0.0011999999999998,0.0,0.0,0.0,-0.0046743458832559,-0.0072502042972032,0.0052494967941612,0.0016972057361443,0.005369751405589395,0.005179883837739268
2022-01-19,35.2001953125,-85.740234375,1.6100006103515625,0.560005187988267,22.790000915527344,0.09,0.0,-97.94,0.0015199999999997,0.0,0.0,0.0,-0.0033436435909714,-0.0046743458832559,-0.0072502042972032,0.0052494967941612,0.004991006437951064,0.004915378197556105
2022-01-20,32.599609375,-44.35009765625,1.529998779296875,-0.2200012207031108,23.850000381469727,-0.04,0.0,-5.75,0.0014100000000003,0.0,0.0,0.0,0.0052788574388106,-0.0033436435909714,-0.0046743458832559,-0.0072502042972032,0.00505428543066243,0.004987159507052396
2022-01-21,-19.5,-50.02978515625,-0.05999755859375,0.229995727539034,25.59000015258789,0.0,0.0,1.6800000000000068,-0.0016600000000002,0.0,0.0,0.0,0.0149033139450307,0.0052788574388106,-0.0033436435909714,-0.0046743458832559,0.005842201231814677,0.005009797376541811
2022-01-24,-19.7998046875,-84.7900390625,-1.7600021362304688,-0.0999984741210795,28.850000381469727,-0.08,0.0,53.11,-0.0004900000000001,0.0,0.0,0.0,-0.0106426776517909,0.0149033139450307,0.0052788574388106,-0.0033436435909714,0.009093137404924083,0.005898612838491199
2022-01-25,-13.2998046875,12.18994140625,-1.8300018310546875,0.2799987792968892,29.89999961853028,0.0,0.0,147.44,0.0001000000000002,0.0,0.0,0.0,-0.0131577085019728,-0.0106426776517909,0.0149033139450307,0.0052788574388106,0.00994746395899231,0.006474366752105264
2022-01-26,35.2998046875,-53.6796875,2.290000915527344,0.029998779296875,31.15999984741211,0.03,0.0,-82.60000000000002,-0.0006499999999998,0.0,0.0,0.0,0.0049580201301034,-0.0131577085019728,-0.0106426776517909,0.0149033139450307,0.011595833746676703,0.007165686314252788
2022-01-27,-34.5,-6.52001953125,1.75,0.5400009155273153,31.959999084472656,0.07,0.0,-44.1,0.0023899999999996,0.0,0.0,0.0,0.0015655923312053,0.0049580201301034,-0.0131577085019728,-0.0106426776517909,0.011838390208936,0.007211630344191418
2022-01-28,35.900390625,-23.42041015625,-0.7399978637695312,0.7700042724609659,30.489999771118164,-0.04,0.0,18.109999999999985,-0.0009299999999998,0.0,0.0,0.0,0.0051823223191679,0.0015655923312053,0.0049580201301034,-0.0131577085019728,0.011558622624370896,0.007219679709083028
2022-01-31,22.7998046875,105.34033203125,0.2099990844726562,0.0099945068359232,27.65999984741211,-0.03,0.0,-35.54999999999998,-0.0003099999999998,0.0,0.0,0.0,-0.0021632481182854,0.0051823223191679,0.0015655923312053,0.0049580201301034,0.008817967982994177,0.007269859246500378
2022-02-02,-7.6005859375,83.69970703125,1.3300018310546875,-0.7299957275390625,24.82999992370605,0.01,0.0,55.47,0.0002899999999996,0.0,0.0,0.0,0.0114705670184145,-0.0021632481182854,0.0051823223191679,0.0015655923312053,0.007567707156753609,0.006696551724443772
2022-02-03,-59.2998046875,73.830078125,0.1100006103515625,-0.599998474121108,22.09000015258789,-0.01,0.0,-83.8,-0.0021899999999996,0.0,0.0,0.0,-0.0035546131656388,0.0114705670184145,-0.0021632481182854,0.0051823223191679,0.005045584497208735,0.00712483993219307
2022-02-04,41.5,-111.93994140625,2.009994506835937,-0.5600051879882812,24.350000381469727,0.04,0.0,-7.450000000000003,-0.0003900000000003,0.0,0.0,0.0,0.0070874960590143,-0.0035546131656388,0.0114705670184145,-0.0021632481182854,0.006061007896144818,0.007079480281741218
2022-02-07,13.2001953125,23.08984375,2.040000915527358,0.1000061035156392,23.21999931335449,0.1099999999999998,0.0,78.00999999999999,5.000000000032756e-05,0.0,0.0,0.0,0.0108665542768801,0.0070874960590143,-0.0035546131656388,0.0114705670184145,0.006344596418024838,0.007234459196863333
2022-02-08,23.400390625,-16.65966796875,-0.9899978637695456,-0.0800018310546875,22.86000061035156,-0.01,0.0,-74.3,0.0048299999999996,0.0,0.31,0.0,-0.0022678424624306,0.0108665542768801,0.0070874960590143,-0.0035546131656388,0.007155441469003116,0.007454845951616005
2022-02-09,5.19921875,37.669921875,-1.959999084472656,0.2399978637695312,21.440000534057617,0.04,0.0,18.55,-0.0032399999999999,0.0,0.0,0.0,0.0066182803288749,-0.0022678424624306,0.0108665542768801,0.0070874960590143,0.007180781408110946,0.0074687522174629725
2022-02-10,-26.099609375,65.64013671875,0.3000030517578125,-0.1500015258789204,19.959999084472656,-0.02,0.0,-32.33999999999999,0.0056000000000002,0.0,0.0,1.5000000000000004,-0.0016054576699462,0.0066182803288749,-0.0022678424624306,0.0108665542768801,0.006316309408267253,0.00737751452596244
2022-02-11,-45.2998046875,-83.10009765625,0.2199935913085937,0.0600051879882812,23.90999984741211,0.0899999999999998,0.0,0.8999999999999915,-0.0012100000000003,0.0,0.0,0.0,-0.001178240409829,-0.0016054576699462,0.0066182803288749,-0.0022678424624306,0.005791089438065759,0.007400731541518317
2022-02-14,-6.2001953125,-85.43994140625,3.220001220703125,0.529998779296875,27.36000061035156,-0.1099999999999998,0.0,-16.69999999999999,-0.0028199999999998,0.0,0.0,0.0,-0.0119736542453987,-0.001178240409829,-0.0016054576699462,0.0066182803288749,0.005917666988297914,0.007420735131410263
2022-02-15,16.7001953125,-16.97021484375,2.3600006103515625,0.2900009155273721,28.32999992370605,0.06,0.0,134.13,-0.00787,0.0,0.0,0.0,0.0107830497786151,-0.0119736542453987,-0.001178240409829,-0.0016054576699462,0.006607157312668796,0.007905565639669916
2022-02-16,-41.7001953125,69.39990234375,-3.389999389648437,-0.3800048828125284,25.700000762939453,0.0699999999999998,0.0,-92.35,0.00489,0.0,0.0,0.0,0.0062530771167435,0.0107830497786151,-0.0119736542453987,-0.001178240409829,0.008746596682691586,0.00802586270032394
2022-02-17,-42.400390625,3.93994140625,1.5900039672851562,-0.2900009155273153,24.290000915527344,-0.02,0.0,-35.55,-0.0014699999999998,0.0,0.0,0.0,-0.0022039770832739,0.0062530771167435,0.0107830497786151,-0.0119736542453987,0.008684335236927848,0.007976159916605616
2022-02-18,13.80078125,-94.75,-1.900001525878892,0.1000061035155965,28.11000061035156,-0.0599999999999998,0.0,33.19,-0.00123,0.0,0.0,0.0,0.0084063660181282,-0.0022039770832739,0.0062530771167435,0.0107830497786151,0.008723884540629097,0.007941821607937091
2022-02-21,73.599609375,-31.3896484375,-0.6900024414062642,0.2399978637695454,27.75,-0.05,0.0,73.15,0.0039299999999999,0.0,0.0,0.0,0.0014710255584264,0.0084063660181282,-0.0022039770832739,0.0062530771167435,0.009339280154992144,0.008043833601109043
2022-02-22,17.900390625,0.0,0.0,0.0,27.75,0.0,0.0,-66.05,0.0025299999999996,0.0,0.0,0.0,-0.0059529162654331,0.0014710255584264,0.0084063660181282,-0.0022039770832739,0.005266670429135917,0.007445408591424998
2022-02-23,-10.900390625,-44.1103515625,1.279998779296875,-0.0100021362304687,28.809999465942383,0.02,0.0,66.07000000000001,-0.0039399999999996,0.0,0.0,0.0,0.008425793548655,-0.0059529162654331,0.0014710255584264,0.0084063660181282,0.005905739275143859,0.007116199161345945
2022-02-24,40.0,-79.259765625,-0.25,0.1600036621093608,31.020000457763672,0.05,0.0,-90.63,0.0007599999999996,0.0,0.0,0.0,-0.0148841372166284,0.008425793548655,-0.0059529162654331,0.0014710255584264,0.006393946012301623,0.006368864229890478
2022-02-25,-30.0,63.2001953125,0.7099990844726705,0.9499969482422016,30.31999969482422,-0.03,0.0,67.04,-0.00143,0.0,0.0,0.0,0.0102658309761977,-0.0148841372166284,0.008425793548655,-0.0059529162654331,0.009993942636987054,0.007439258786193713
2022-03-01,87.5,95.94970703125,-1.2200012207031392,-0.519996643066392,27.59000015258789,0.01,0.0,4.909999999999997,0.0090700000000003,0.0,0.0,0.0,0.0048183952369584,0.0102658309761977,-0.0148841372166284,0.008425793548655,0.010433467634346022,0.007686346501891238
2022-03-02,-92.5,-78.39013671875,11.82000732421875,0.7900009155273295,33.31999969482422,-0.25,0.0,26.460000000000008,-0.0066999999999999,0.0,0.0,0.0,-0.0076925204905479,0.0048183952369584,0.0102658309761977,-0.0148841372166284,0.010667052289832765,0.007678973887895113
2022-03-04,65.0,80.2802734375,7.189994812011719,-0.0200042724609375,30.739999771118164,0.1400000000000001,0.0,-53.170000000000016,0.0016499999999997,0.0,0.0,0.0,0.0086870796889847,-0.0076925204905479,0.0048183952369584,0.0102658309761977,0.010956007421180814,0.007933364338657318
2022-03-07,-66.599609375,-57.669921875,5.080001831054688,1.2600021362304688,31.979999542236328,-0.1200000000000001,0.0,84.21000000000001,0.0043299999999999,0.0,0.0,0.0,-0.0085904006632038,0.0086870796889847,-0.0076925204905479,0.0048183952369584,0.011005641134585829,0.0077768752857674105
2022-03-08,23.2998046875,-127.7802734375,3.720001220703125,0.6399993896484375,36.45000076293945,0.04,0.0,-54.390000000000015,-0.00387,0.0,-0.1200000000000001,0.0,-0.0080219408010153,-0.0085904006632038,0.0086870796889847,-0.0076925204905479,0.009025301181097303,0.008030561307832343
2022-03-09,24.7001953125,-30.3896484375,4.299995422363296,-0.2300033569335795,35.130001068115234,0.08,0.0,0.3600000000000136,-0.0027499999999998,0.0,0.0,0.0,0.0073484055954637,-0.0080219408010153,-0.0085904006632038,0.0086870796889847,0.008256487198099358,0.00817348858986281
2022-03-10,-43.7001953125,107.1796875,-15.0,-1.0899963378906392,32.45000076293945,0.0799999999999998,0.0,-22.47,0.00163,0.0,0.0,0.0,0.0086401692116987,0.0073484055954637,-0.0080219408010153,-0.0085904006632038,0.008847447223379708,0.007976647847303113
2022-03-11,-111.7001953125,-18.35986328125,-2.6800003051757955,0.540000915527358,30.229999542236328,0.04,0.0,7.939999999999998,-0.0018199999999999,0.0,0.0,0.0,-0.0002030477838922,0.0086401692116987,0.0073484055954637,-0.0080219408010153,0.00907276221285715,0.008153057980360227
2022-03-14,24.0,-55.2099609375,3.310005187988267,0.6100006103515625,30.75,0.02,0.0,82.43,0.0027099999999999,0.0,0.0,0.0,0.0042670283636729,-0.0002030477838922,0.0086401692116987,0.0073484055954637,0.008165516066823131,0.008046795082363186
2022-03-15,50.5,-31.2001953125,-6.31999969482419,-0.0600051879882812,31.770000457763672,0.1400000000000001,0.0,-10.420000000000016,-0.0039600000000001,0.0,0.0,0.0,-0.0049052857550398,0.0042670283636729,-0.0002030477838922,0.0086401692116987,0.0067510137204187404,0.008067675691665456
2022-03-16,22.0,89.34033203125,-6.569999694824247,0.0100021362304545,29.82999992370605,0.0099999999999997,0.0,-68.20999999999998,0.0014000000000002,0.0,0.0,0.0,0.0106696722259353,-0.0049052857550398,0.0042670283636729,-0.0002030477838922,0.0055918293325941774,0.008161514755006967
2022-03-17,-42.2001953125,95.40966796875,-1.400001525878892,-0.6900024414062642,26.670000076293945,0.04,0.0,62.329999999999984,-0.0025600000000003,0.0,0.0,0.0,-0.0040138616419712,0.0106696722259353,-0.0049052857550398,0.0042670283636729,0.006375493135402943,0.007869355165922238
2022-03-18,-41.7998046875,53.81005859375,7.94000244140625,-0.3699951171874716,25.670000076293945,0.0100000000000002,0.25,-78.84,0.00259,0.0,0.0,0.0,-0.0013535004978587,-0.0040138616419712,0.0106696722259353,-0.0049052857550398,0.0064323767741353,0.007681512383103074
2022-03-21,62.5,51.4501953125,1.719993591308608,0.2200012207031108,23.8700008392334,-0.06,0.0,33.45000000000002,-0.0010799999999999,0.0,0.0,0.0,3.1100837306584775e-05,-0.0013535004978587,-0.0040138616419712,0.0106696722259353,0.006513517409484173,0.007602895597058055
2022-03-22,16.2998046875,-1.93994140625,7.420005798339844,0.2699966430664062,23.530000686645508,0.1799999999999997,0.0,68.56,-0.0002900000000001,0.0,0.0,0.0,0.0065406675449869,3.1100837306584775e-05,-0.0013535004978587,-0.0040138616419712,0.006241215659953726,0.007573421809702496
2022-03-23,2.7001953125,50.4296875,-0.3600006103515625,-0.0100021362304829,22.940000534057617,0.06,0.0,-102.3,-0.0024699999999997,0.0,0.0,0.0,-0.0006725104417052,0.0065406675449869,3.1100837306584775e-05,-0.0013535004978587,0.006049121952582771,0.007486710083277434
2022-03-24,0.5,-55.36962890625,3.1699981689452983,0.1300048828125284,23.56999969482422,-0.06,0.0,-20.97,0.00103,0.0,0.0,0.0,0.0076279147998958,-0.0006725104417052,0.0065406675449869,3.1100837306584775e-05,0.003908965200035308,0.00749159887818184
2022-03-25,43.5,63.919921875,-2.590003967285156,0.1699981689452983,21.670000076293945,0.02,0.0,11.669999999999987,-0.0023600000000003,0.0,0.0,0.0,-0.0067111129938818,0.0076279147998958,-0.0006725104417052,0.0065406675449869,0.004289841433792439,0.007475148896235001
2022-03-28,-51.900390625,22.89990234375,1.5600051879882812,0.0199966430664204,20.809999465942383,0.1400000000000001,0.0,80.78,0.00407,0.0,0.0,0.0,0.0066994767680666,-0.0067111129938818,0.0076279147998958,-0.0006725104417052,0.005855893552814932,0.007487233458926014
2022-03-29,-3.099609375,32.4599609375,-7.94000244140625,0.2799987792968608,19.6299991607666,-0.02,0.0,113.09000000000005,0.0011000000000001,0.0,0.0,0.0,-0.0053926985376899,0.0066994767680666,-0.0067111129938818,0.0076279147998958,0.006224421898816128,0.006647497793717047
2022-03-30,39.0,56.080078125,-1.7200012207031392,-0.6899948120117188,18.89999961853028,-0.0499999999999998,0.0,-128.17000000000002,-4.999999999988347e-05,0.0,0.0,0.0,0.0059013799241064,-0.0053926985376899,0.0066994767680666,-0.0067111129938818,0.006655062268906232,0.006502544656432708
2022-03-31,-39.0,-29.14990234375,3.5800018310547017,-0.6100006103515625,19.32999992370605,-0.06,0.0,-88.74000000000001,0.0006300000000001,0.0,0.0,0.0,0.0025844161456453,0.0059013799241064,-0.0053926985376899,0.0066994767680666,0.007050028340937653,0.006541384734784797
2022-04-01,-6.5,-72.0400390625,-7.540000915527344,0.5199966430664205,20.559999465942383,-0.0300000000000002,0.0,-23.340000000000003,0.0031699999999998,0.0,0.0,0.0,0.0010343134213763,0.0025844161456453,0.0059013799241064,-0.0053926985376899,0.0062970158640235354,0.0062232582733792625
2022-04-04,23.5,15.44970703125,-1.0100021362304688,0.3199996948241903,19.6299991607666,0.0700000000000002,0.0,32.44000000000001,-0.0021300000000001,0.0,0.0,0.0,0.005277654671102,0.0010343134213763,0.0025844161456453,0.0059013799241064,0.004824292254144944,0.005986040355369515
2022-04-05,10.0,36.7802734375,4.010002136230469,0.3600006103515625,18.56999969482422,0.0299999999999998,0.0,1.3799999999999957,-0.0022699999999997,0.0,0.0,0.0,0.0044980295754779,0.005277654671102,0.0010343134213763,0.0025844161456453,0.004522695008000896,0.005598282492746074
2022-04-06,-38.7001953125,-57.52001953125,-1.3199996948242188,0.4800033569336079,21.030000686645508,0.1200000000000001,0.0,11.22,-0.00129,0.0,0.5800000000000001,0.0,-0.0061860169206795,0.0044980295754779,0.005277654671102,0.0010343134213763,0.0020121924467980104,0.005126104144732056
2022-04-07,43.2001953125,-43.97021484375,-5.729995727539063,0.1299972534179687,22.100000381469727,0.0699999999999998,0.0,41.32000000000001,0.0038599999999999,0.0,0.0,0.0,0.0032535224784216,-0.0061860169206795,0.0044980295754779,0.005277654671102,0.004574645564045008,0.005326979499222398
2022-04-08,16.5,19.06005859375,-0.2000045776367187,0.1500015258789062,21.549999237060547,0.0500000000000002,0.0,2.829999999999984,-0.0020899999999999,0.0,0.0,0.0,0.0116428427287552,0.0032535224784216,-0.0061860169206795,0.0044980295754779,0.004625930057547058,0.005089379998780578
2022-04-11,3.0,-11.93017578125,2.230003356933608,0.0500030517577982,21.15999984741211,0.06,0.0,-46.3,0.00163,0.0,0.0,0.0,-0.0009769264586387,0.0116428427287552,0.0032535224784216,-0.0061860169206795,0.006405997771493872,0.005555186392600585
2022-04-12,-30.0,-75.75,-3.970001220703139,0.1299972534179829,24.3700008392334,0.0699999999999998,0.0,116.51,0.0008399999999997,0.0,0.0,0.0,0.0015239812194913,-0.0009769264586387,0.0116428427287552,0.0032535224784216,0.0066270841127165905,0.005568262530045598
2022-04-13,5.7001953125,-15.07958984375,6.30999755859375,0.3600006103515625,24.26000022888184,-0.0699999999999998,0.0,-138.13,-0.00312,0.0,0.0,0.0,0.0066304373783848,0.0015239812194913,-0.0009769264586387,0.0116428427287552,0.00652964398902786,0.005343189811926255
2022-04-14,3.5,49.1396484375,3.650001525878906,-0.4100036621093892,21.81999969482422,-0.02,0.0,-12.689999999999998,0.0036300000000002,0.0,0.0,0.0,-0.0037583225493766,0.0066304373783848,0.0015239812194913,-0.0009769264586387,0.004897187039152882,0.005071618307106575
2022-04-18,-4.0,-54.0,2.6999969482422017,0.4400024414062642,22.700000762939453,0.1299999999999999,0.0,51.85999999999999,0.0046299999999996,0.0,0.0,0.0,0.0054796258081735,-0.0037583225493766,0.0066304373783848,0.0015239812194913,0.006155232247163517,0.005056241990821193
2022-04-19,-23.2001953125,-0.89990234375,1.2600021362304543,0.4599990844726562,22.170000076293945,0.02,0.0,-49.25999999999999,-0.0066799999999997,0.0,0.0,0.0,-0.0105092015031952,0.0054796258081735,-0.0037583225493766,0.0066304373783848,0.004346066594265799,0.005054997250363569
2022-04-20,16.7998046875,70.52001953125,-5.650001525878892,0.1800003051757812,21.3700008392334,0.08,0.0,183.05,-0.0022000000000002,0.0,0.0,0.0,0.003899731142315,-0.0105092015031952,0.0054796258081735,-0.0037583225493766,0.007085188122256316,0.005794076075325367
2022-04-21,11.1005859375,-2.759765625,0.1900024414062358,-0.5699996948242188,20.31999969482422,-0.08,0.0,-181.01,0.0009200000000002,0.0,0.0,0.0,0.0067336925671182,0.003899731142315,-0.0105092015031952,0.0054796258081735,0.007299967556184789,0.00570798978286411
2022-04-22,-13.900390625,-65.7900390625,1.0400009155273438,0.1900024414062358,22.68000030517578,0.0499999999999998,0.0,-6.019999999999996,0.0011399999999999,0.0,0.0,0.0,-0.0069766681844672,0.0067336925671182,0.003899731142315,-0.0105092015031952,0.0073222935160354805,0.005792932906149959
2022-04-25,31.0,-121.88037109375,-1.720001220703125,0.6399993896484517,28.209999084472656,0.0,0.0,59.510000000000005,-0.0013299999999998,0.0,0.0,0.0,-0.0013332268690766,-0.0069766681844672,0.0067336925671182,0.003899731142315,0.007894889260076123,0.005959311481698606
2022-04-26,-32.0,24.34033203125,-3.529998779296875,0.529998779296875,27.020000457763672,-0.0899999999999998,0.0,-21.66,0.0111599999999998,0.0,0.0,0.0,0.0022388825164011,-0.0013332268690766,-0.0069766681844672,0.0067336925671182,0.007211868337218975,0.005697604984875987
2022-04-27,128.0,-120.919921875,3.159996032714858,0.5500030517577983,33.52000045776367,-0.04,0.0,3.1599999999999966,0.00157,0.0,0.0,0.0,-0.0049052528132026,0.0022388825164011,-0.0013332268690766,-0.0069766681844672,0.005287990809197488,0.005569274303128381
2022-04-28,-12.0,8.759765625,0.3199996948242045,0.6499938964844034,31.600000381469727,0.0499999999999998,0.0,-60.67,0.01634,0.0,0.0,0.0,0.0044573232642939,-0.0049052528132026,0.0022388825164011,-0.0013332268690766,0.005506092619737957,0.00553953142433803
2022-05-09,-18.5,103.5400390625,3.340003967285156,0.6700057983398438,29.989999771118164,0.0300000000000002,0.0,10.819999999999991,0.6801200000000001,0.0,0.0,0.0,-0.045155227059263,0.0044573232642939,-0.0049052528132026,0.0022388825164011,0.004766914684112286,0.005485584581736154
2022-05-10,42.5,-296.260009765625,-2.270004272460937,0.0299987792968607,34.75,0.1999999999999997,0.4999999999999999,17.60000000000001,-0.7118000000000002,0.0,0.8300000000000001,0.0,-0.0131043409044417,-0.045155227059263,0.0044573232642939,-0.0049052528132026,0.020555659421404686,0.011715002720120056
2022-05-11,62.2001953125,9.81005859375,-3.329994201660142,0.2699966430664204,32.9900016784668,-0.0599999999999996,0.0,37.94,0.0030299999999998,0.0,0.0,-0.0100000000000006,-0.0005266678156332,-0.0131043409044417,-0.045155227059263,0.0044573232642939,0.020136529096156475,0.011998990107610753
2022-05-12,-31.400390625,-65.8701171875,5.949996948242173,-0.0699996948242329,32.560001373291016,-0.08,0.0,-33.730000000000004,-0.0013299999999998,0.0,0.0,0.0,-0.0322572076465507,-0.0005266678156332,-0.0131043409044417,-0.045155227059263,0.0197052507451598,0.011886848868012842
2022-05-13,22.6005859375,-5.099853515625,0.4199981689452983,1.0,31.770000457763672,-0.0700000000000002,0.0,42.71,0.0022600000000001,0.0,0.0,0.0,-0.0002798458956798,-0.0322572076465507,-0.0005266678156332,-0.0131043409044417,0.021047325217286677,0.013531786043713542
2022-05-17,88.69921875,93.809814453125,4.3600006103515625,-0.2900009155273295,28.8700008392334,0.0900000000000003,0.0,-4.72999999999999,0.00705,0.0,0.0,0.0,0.0070189109490967,-0.0002798458956798,-0.0322572076465507,-0.0005266678156332,0.019897316305706188,0.0135458115238654
2022-05-18,12.900390625,64.960205078125,1.9100036621093888,-1.1999969482422017,26.100000381469727,0.0499999999999998,0.0,-38.77,-0.01045,0.0,0.0,0.0,0.0221691749498241,0.0070189109490967,-0.0002798458956798,-0.0322572076465507,0.015454293817644285,0.013673056113202608
2022-05-19,-14.400390625,-165.170166015625,-2.810005187988281,0.4499969482422017,30.959999084472656,-0.0899999999999998,0.0,-3.4000000000000057,0.0018699999999998,0.0,0.0,0.0,0.0043947268974017,0.0221691749498241,0.0070189109490967,-0.0002798458956798,0.01986590330623791,0.014466518926155804
2022-05-20,109.400390625,-22.889892578125,2.6200027465820312,-1.0899963378906392,29.350000381469727,-0.0500000000000002,0.0,59.760000000000005,-0.0008300000000001,0.0,0.0,0.0,0.0137991822337812,0.0043947268974017,0.0221691749498241,0.0070189109490967,0.020002737873629443,0.014555287532673428
2022-05-23,-113.2001953125,0.570068359375,1.0200042724609375,0.4300003051757812,29.43000030517578,-0.06,0.0,27.53,0.0043800000000002,0.0,0.0,0.0,-0.0112465167399022,0.0137991822337812,0.0043947268974017,0.0221691749498241,0.008758200540067223,0.01499550281230829
2022-05-24,18.2001953125,72.389892578125,-2.94000244140625,-1.069999694824233,28.479999542236328,0.08,0.0,-49.35,-0.0030000000000001,0.0,0.0,0.0,0.0106677360461807,-0.0112465167399022,0.0137991822337812,0.0043947268974017,0.0124076394231506,0.014980555921530513
2022-05-25,-25.7998046875,-32.27001953125,-0.5200042724609375,-0.2200012207031108,29.450000762939453,-0.1,0.0,0.0199999999999818,-0.0007199999999998,0.0,0.0,0.0,-0.0044409400792647,0.0106677360461807,-0.0112465167399022,0.0137991822337812,0.012499299427461192,0.015285958920131815
2022-05-27,16.599609375,37.25,0.560005187988267,0.1999969482422017,28.3700008392334,-0.0099999999999997,0.0,-34.89999999999999,0.0037599999999997,0.0,0.0,0.0,0.0205261582592414,-0.0044409400792647,0.0106677360461807,-0.0112465167399022,0.010428637098920258,0.015181794449865456
2022-05-30,-51.599609375,179.51025390625,4.7399978637695455,-0.3899993896484375,25.71999931335449,-0.0099999999999997,0.0,44.13000000000001,-0.0018099999999998,0.0,0.0,0.0,0.0016082520716099,0.0205261582592414,-0.0044409400792647,0.0106677360461807,0.013228599828486703,0.015917169586730034
2022-05-31,-14.2001953125,0.0,0.0,0.0,25.71999931335449,0.0,0.0,-62.030000000000015,-0.00068,0.0,0.0,0.0,0.0157060991054543,0.0016082520716099,0.0205261582592414,-0.0044409400792647,0.01250333763237187,0.015886625507435633
2022-06-02,-31.599609375,-26.09033203125,-0.400001525878892,0.0800018310546732,26.190000534057617,0.1099999999999998,0.0,-10.08999999999999,0.0044900000000001,0.0,0.0,0.0,-3.456086325452087e-05,0.0157060991054543,0.0016082520716099,0.0205261582592414,0.010194707655912176,0.01624889226561757
2022-06-03,-6.900390625,44.669921875,2.2000045776367188,0.0199966430664062,24.71999931335449,0.0699999999999998,0.0,71.22999999999999,-0.0083600000000001,0.0,0.0,0.0,0.0047779253165332,-3.456086325452087e-05,0.0157060991054543,0.0016082520716099,0.010812834753227484,0.016185872078743176
2022-06-06,-104.7001953125,-68.27978515625,2.0,0.3700027465820312,24.790000915527344,0.04,0.0,19.72,0.00733,0.0,0.0,0.0,-0.0120984208046479,0.0047779253165332,-3.456086325452087e-05,0.0157060991054543,0.009093180114987958,0.0162276367883308
2022-06-07,4.2001953125,12.89013671875,-0.3700027465820454,0.3000030517577983,25.06999969482422,0.08,0.0,-36.58,-0.0035600000000002,0.0,0.0799999999999996,0.0,0.0062458491594252,-0.0120984208046479,0.0047779253165332,-3.456086325452087e-05,0.009982886154579033,0.01642830298363837
2022-06-08,4.2001953125,39.25,0.910003662109375,-0.120002746582017,24.020000457763672,-0.06,0.0,40.38000000000001,-7.999999999963592e-05,0.0,0.0,0.0,0.0072928653518759,0.0062458491594252,-0.0120984208046479,0.0047779253165332,0.010152338165118426,0.01647602275508266
2022-06-09,23.599609375,-44.91015625,2.6999969482421875,0.220001220703125,23.959999084472656,0.0499999999999998,0.0,-57.52000000000001,0.0044699999999999,0.0,0.0,0.0,-0.0014585118994228,0.0072928653518759,0.0062458491594252,-0.0120984208046479,0.007964774665128358,0.01653202191581751
2022-06-10,36.5,-97.949951171875,-0.5999984741210795,0.6800003051757812,26.09000015258789,0.0100000000000002,0.0,1.980000000000004,-0.00428,0.0,0.0,0.0,-0.0134810236758252,-0.0014585118994228,0.0072928653518759,0.0062458491594252,0.008046632333460197,0.012736359485711305
2022-06-13,116.5,-116.9599609375,-0.8400039672851562,0.9300003051757812,27.75,0.1099999999999998,0.0,-18.459999999999997,0.0044300000000001,0.0,0.0,0.0,-0.0129536639860877,-0.0134810236758252,-0.0014585118994228,0.0072928653518759,0.009823284237371627,0.012760030889640417
2022-06-14,-65.7998046875,-151.230224609375,0.2600021362304545,0.930000305175767,34.02000045776367,0.2800000000000002,0.0,1.7199999999999989,2.9999999999752447e-05,0.0,0.0,0.0,0.0077520767879751,-0.0129536639860877,-0.0134810236758252,-0.0014585118994228,0.010033057055627848,0.01318102038014421
2022-06-15,249.0,-14.14990234375,-2.0,0.4399948120117329,32.689998626708984,0.06,0.0,25.25,-0.0020699999999997,0.0,0.0,0.0,-0.0060940986131375,0.0077520767879751,-0.0129536639860877,-0.0134810236758252,0.010391435208705424,0.010604685956408594
2022-06-16,-54.2001953125,54.510009765625,-3.620002746582017,-0.3599929809570312,29.6200008392334,-0.1600000000000001,0.0,20.19999999999999,-0.0020900000000003,0.0,0.0,0.0,0.0061571240574998,-0.0060940986131375,0.0077520767879751,-0.0129536639860877,0.008820969776149573,0.010786081091820348
2022-06-17,-59.7998046875,-123.219970703125,2.279998779296861,-1.5300064086914205,32.95000076293945,-0.0500000000000002,0.7500000000000001,48.72,0.0007000000000001,0.0,0.0,0.0,-0.0162092632574367,0.0061571240574998,-0.0060940986131375,0.0077520767879751,0.010189952487518323,0.010770923447470484
2022-06-20,95.099609375,8.070068359375,-8.02999877929686,1.0699996948242472,31.1299991607666,-0.0299999999999998,0.0,-81.24999999999999,0.0055800000000001,0.0,0.0,0.0,0.0056651028478188,-0.0162092632574367,0.0061571240574998,-0.0060940986131375,0.010891907644720127,0.0105865090514366
2022-06-21,39.900390625,0.0,0.0,0.0,31.1299991607666,0.0,0.0,57.12999999999998,-0.0097,0.0,0.0,0.0,0.0096565209431539,0.0056651028478188,-0.0162092632574367,0.0061571240574998,0.010349963321323975,0.010611443412125774
2022-06-22,11.7001953125,89.949951171875,1.090003967285142,-0.2599945068359659,30.190000534057617,0.06,0.0,-25.30999999999997,0.0034100000000001,0.0,0.0,0.0,-0.0085198888671271,0.0096565209431539,0.0056651028478188,-0.0162092632574367,0.010758650232020522,0.010388793987033918
2022-06-23,4.0,-4.900146484375,-4.459999084472671,-0.240005493164034,28.950000762939453,-0.1499999999999999,0.0,-43.140000000000015,0.0099199999999997,0.0,0.0,0.0,0.0019962068793217,-0.0085198888671271,0.0096565209431539,0.0056651028478188,0.011140777124227641,0.010237773008222793
2022-06-24,11.2998046875,35.840087890625,-1.920005798339829,0.2300033569335795,29.049999237060547,-0.0700000000000002,0.0,-0.0100000000000051,0.0013499999999999,0.0,0.0,0.0,0.0063627125214661,0.0019962068793217,-0.0085198888671271,0.0096565209431539,0.010649763065725544,0.009989097027749107
2022-06-27,-1.2001953125,116.010009765625,3.350006103515639,-0.2399978637695454,27.229999542236328,0.04,0.0,14.900000000000006,0.0008300000000001,0.0,0.0,0.0,-0.0038241530174144,0.0063627125214661,0.0019962068793217,-0.0085198888671271,0.007007677181773571,0.00999399718440343
2022-06-28,-0.7998046875,-11.6298828125,1.9499969482421733,-0.25,26.950000762939453,0.0700000000000002,0.0,29.08,-0.0104600000000001,0.0,0.0,0.0,-0.0027973763663297,-0.0038241530174144,0.0063627125214661,0.0019962068793217,0.007390822852923457,0.00893582304477455
2022-06-29,-50.0,-78.56005859375,2.190002441406264,0.5699996948242472,28.36000061035156,0.0,0.0,-10.97999999999999,0.0020900000000003,0.0,0.0,0.0,-0.0077632543017328,-0.0027973763663297,-0.0038241530174144,0.0063627125214661,0.0057075927839434475,0.008946501892898837
2022-06-30,66.0,-2.719970703125,-1.980003356933608,0.5999984741210795,28.15999984741211,-0.1,0.0,5.3700000000000045,-0.0085600000000001,0.0,0.0,0.0,-0.0044419289924104,-0.0077632543017328,-0.0027973763663297,-0.0038241530174144,0.005475498211333102,0.008249576056397407
2022-07-01,20.0,-33.4501953125,-4.019996643066392,-0.4199981689453267,28.709999084472656,-0.1200000000000001,0.0,23.039999999999992,0.0142099999999998,0.0,0.0,0.0,-0.0171103947944463,-0.0044419289924104,-0.0077632543017328,-0.0027973763663297,0.0052882455033181255,0.008268160350381503
2022-07-04,44.900390625,39.9501953125,2.6699981689452983,0.4499969482422017,26.700000762939453,-0.1,0.0,19.359999999999985,-0.0097800000000001,0.0,0.0,0.0,-0.0231009267730372,-0.0171103947944463,-0.0044419289924104,-0.0077632543017328,0.005850614982390595,0.008799008503839557
2022-07-05,9.099609375,0.0,0.0,0.0,26.700000762939453,0.0,0.0,132.1,-0.0028499999999995,0.0,0.0,0.0,0.0096076491215882,-0.0231009267730372,-0.0171103947944463,-0.0044419289924104,0.008725366135669552,0.009709075857646977
2022-07-06,77.0,6.059814453125,-8.930000305175781,1.3600006103515625,27.540000915527344,-0.06,0.0,-193.24,-0.0025400000000002,0.0,0.7999999999999998,0.0,-0.0085180044301991,0.0096076491215882,-0.0231009267730372,-0.0171103947944463,0.012571839304685101,0.009910617560874871
2022-07-07,29.0,13.690185546875,-0.970001220703125,0.5999984741210938,26.729999542236328,0.1100000000000003,0.0,-25.070000000000007,-0.0004900000000001,0.0,0.0,0.0,0.0009289058752303,-0.0085180044301991,0.0096076491215882,-0.0231009267730372,0.012564383498920863,0.009660095778704775
2022-07-08,-27.0,57.5400390625,4.200004577636719,0.0299987792968607,26.07999992370605,0.0799999999999996,0.0,2.1500000000000057,-0.0002999999999997,0.0,0.0,0.0,0.0130866636735065,0.0009289058752303,-0.0085180044301991,0.0096076491215882,0.013232602386639947,0.009707188623663581
2022-07-11,-45.400390625,-3.240234375,2.05999755859375,-0.1199951171874715,24.63999938964844,0.08,0.0,10.659999999999997,0.0099799999999996,0.0,0.0,0.0,-0.0026851493933012,0.0130866636735065,0.0009289058752303,-0.0085180044301991,0.014644567997523818,0.010126392821957637
2022-07-12,5.400390625,-44.949951171875,-0.7000045776367188,1.0099945068359233,26.170000076293945,-0.0999999999999996,0.0,95.97,-0.0059399999999998,0.0,0.0,0.0,-0.000573057819646,-0.0026851493933012,0.0130866636735065,0.0009289058752303,0.008850782146926889,0.009824617530230619
2022-07-13,19.099609375,-35.6298828125,-8.25,0.0500030517578125,27.290000915527344,-0.0300000000000002,0.0,-73.63000000000001,-3.0000000000196536e-05,0.0,0.0,0.0,-0.0115731610648496,-0.000573057819646,-0.0026851493933012,0.0130866636735065,0.007924889738421315,0.009562895674190452
2022-07-14,20.900390625,-17.02001953125,0.4600067138671733,-0.1100006103515625,26.81999969482422,-0.0499999999999998,0.0,-73.85,-0.0002999999999997,0.0,0.0,0.0,0.0073657816420857,-0.0115731610648496,-0.000573057819646,-0.0026851493933012,0.008852499735628348,0.009750663261691295
2022-07-15,20.400390625,-11.400146484375,-0.5200042724609233,0.5800018310546875,26.39999961853028,0.0499999999999998,0.0,150.21,0.0016599999999997,0.0,0.0,0.0,-0.0057236181828865,0.0073657816420857,-0.0115731610648496,-0.000573057819646,0.009495692226627694,0.009811888332470448
2022-07-18,6.69921875,72.780029296875,1.80999755859375,-0.4800033569335795,24.229999542236328,-0.0299999999999998,0.0,7.740000000000009,0.0032700000000001,0.0,0.0,0.0,0.0011040580293735,-0.0057236181828865,0.0073657816420857,-0.0115731610648496,0.006958807353184289,0.009315256675007655
2022-07-19,-51.099609375,-32.309814453125,5.010002136230469,-0.6899948120117188,25.299999237060547,0.0299999999999998,0.0,-27.830000000000013,0.0030200000000002,0.0,0.0,0.0,0.0114725991084029,0.0011040580293735,-0.0057236181828865,0.0073657816420857,0.007155905786892346,0.009169895711165155
2022-07-20,-9.0,105.83984375,1.6200027465820312,-0.6900024414062642,24.5,0.0499999999999998,0.0,-5.759999999999991,0.0070999999999998,0.0,0.0,0.0,0.0203743802509877,0.0114725991084029,0.0011040580293735,-0.0057236181828865,0.00938605578634701,0.009302825888055406
2022-07-21,-16.2001953125,23.2099609375,-1.959999084472642,0.400001525878892,23.8799991607666,0.0300000000000002,0.0,-63.85000000000001,-0.0027300000000001,0.0,0.0,0.0,-0.0015448583020698,0.0203743802509877,0.0114725991084029,0.0011040580293735,0.00994524359137372,0.010448539155440821
2022-07-22,61.2001953125,39.050048828125,-5.910003662109389,-0.1699981689452983,23.11000061035156,-0.1299999999999999,0.0,19.429999999999996,0.0026600000000001,0.0,0.0,0.0,0.0033206198289221,-0.0015448583020698,0.0203743802509877,0.0114725991084029,0.010620527887157654,0.01042881400875301
2022-07-25,-17.7998046875,-37.320068359375,-1.650001525878892,-0.1800003051757812,23.030000686645508,-0.1400000000000001,0.0,6.060000000000002,-0.0055100000000001,0.0,0.0,0.0,-0.0041548143647389,0.0033206198289221,-0.0015448583020698,0.0203743802509877,0.008946756894019806,0.010338062929268203
2022-07-26,6.7998046875,5.210205078125,2.0,-0.25,23.36000061035156,0.04,0.0,-18.19999999999999,0.00651,0.0,0.0,0.0,0.0019125914124161,-0.0041548143647389,0.0033206198289221,-0.0015448583020698,0.01004663809248845,0.01034287881934625
2022-07-27,-33.0,-45.7900390625,-1.719993591308608,0.709999084472642,24.690000534057617,0.0,0.0,-25.94,-4.999999999988347e-05,0.0,0.0,0.0,0.0038749779253799,0.0019125914124161,-0.0041548143647389,0.0033206198289221,0.009620082065101572,0.010356678558164537
2022-07-28,4.7998046875,102.56005859375,2.279998779296889,-0.7400054931640341,23.239999771118164,-0.0300000000000002,0.0,87.31,0.0014699999999998,0.0,0.0,0.0,0.008459225593304,0.0038749779253799,0.0019125914124161,-0.0041548143647389,0.003428755186439566,0.010277459454532312
2022-07-29,-68.599609375,48.81982421875,-0.8400039672851562,-0.0999984741211079,22.32999992370605,-0.0999999999999996,0.75,-70.99000000000001,-0.0073199999999999,0.0,0.0,0.0,-0.0008187909925327,0.008459225593304,0.0038749779253799,0.0019125914124161,0.004542614501925108,0.010409082602391774
2022-08-01,-65.1005859375,57.860107421875,2.2000045776367188,-0.4499969482421875,21.32999992370605,-0.0100000000000002,-0.0100000000000002,19.22999999999999,0.00496,0.0,0.0,0.0,0.0025373972220881,-0.0008187909925327,0.008459225593304,0.0038749779253799,0.004768816666425263,0.00957693838635643
2022-08-02,-23.099609375,-11.66015625,-4.730003356933608,-0.4500045776367045,22.84000015258789,-0.0699999999999998,0.0100000000000002,11.090000000000003,0.0013999999999998,0.0,0.0,0.0,0.0027762583037524,0.0025373972220881,-0.0008187909925327,0.008459225593304,0.003404480649798945,0.0076916311106707946
2022-08-03,12.0,-27.43994140625,0.5299987792968892,0.7900009155273153,23.93000030517578,0.1499999999999999,0.0,-44.66,0.0007399999999999,0.0,0.0,0.0,0.008333273126022,0.0027762583037524,0.0025373972220881,-0.0008187909925327,0.0033446546451818444,0.0075051922205158226
2022-08-04,52.099609375,63.97998046875,-3.759994506835952,0.2700042724609659,21.950000762939453,-0.02,0.0,19.03,0.0005300000000003,0.0,0.0,0.0,0.001519199368718,0.008333273126022,0.0027762583037524,0.0025373972220881,0.004036953842399048,0.00719203018007423
2022-08-05,9.900390625,-3.22998046875,-2.1200027465820312,-0.8199996948242472,21.440000534057617,-0.0499999999999998,0.0,-37.25999999999999,0.00096,0.0,0.0,0.0,0.0038617831854405,0.001519199368718,0.008333273126022,0.0027762583037524,0.0033689243564075425,0.007184620645606278
2022-08-08,-15.2998046875,-6.75,0.470001220703125,0.9300003051758096,21.14999961853028,0.1499999999999999,0.0,29.0,0.0005899999999998,0.0,0.5900000000000007,0.0,0.0003096828635201,0.0038617831854405,0.001519199368718,0.008333273126022,0.0026645117256786765,0.006784812091665621
2022-08-09,1.2998046875,-5.1298828125,1.7500000000000142,-0.1800003051758096,21.290000915527344,-0.06,0.0,120.45,-0.0004500000000002,0.0,0.0,0.0,0.0022594890338608,0.0003096828635201,0.0038617831854405,0.001519199368718,0.0030829761557877875,0.006697019758852691
2022-08-10,-54.7998046875,-17.58984375,-0.2600021362304829,-0.0699996948241903,21.770000457763672,0.0299999999999998,0.0,-38.829999999999984,0.0019400000000002,0.0,0.0,0.4400000000000004,-0.0023460307080372,0.0022594890338608,0.0003096828635201,0.0038617831854405,0.0031159255656026084,0.006655278018631046
2022-08-11,25.5,87.77001953125,1.4300003051757812,-1.1700057983398438,19.739999771118164,-0.02,0.0,-104.75,-0.0019900000000001,0.0,0.0,0.0,0.0104094293481806,-0.0023460307080372,0.0022594890338608,0.0003096828635201,0.002326217410299231,0.005882654157534668
2022-08-12,-99.7998046875,-2.97021484375,2.409996032714844,-0.1100006103515767,20.200000762939453,0.0900000000000003,0.0,15.060000000000002,0.0081999999999999,0.0,0.0,0.0,-0.0043539112573318,0.0104094293481806,-0.0023460307080372,0.0022594890338608,0.00479472066469935,0.006032342061272262
2022-08-15,-32.7001953125,72.8798828125,-2.25,0.5400009155273295,19.530000686645508,-0.0300000000000002,0.0,-50.81,-0.00828,0.0,0.0,0.0,-0.0050625304928819,-0.0043539112573318,0.0104094293481806,-0.0023460307080372,0.005703803651364689,0.005930258890880646
2022-08-16,-63.2001953125,16.990234375,-2.67999267578125,0.9200057983398438,19.950000762939453,-0.0499999999999998,0.0,97.08,0.0057300000000002,0.0,0.0,0.0,0.0056481504487141,-0.0050625304928819,-0.0043539112573318,0.0104094293481806,0.0063911422984761455,0.006213054478117809
2022-08-18,115.400390625,8.06005859375,-2.8800048828125,-0.0500030517577982,19.690000534057617,0.0299999999999998,0.0,-41.69,0.0014099999999999,0.0,0.0,0.0,0.0074169248975232,0.0056481504487141,-0.0050625304928819,-0.0043539112573318,0.006831139212223552,0.00593295563034347
2022-08-19,-12.30078125,-21.4599609375,3.970001220703125,0.9800033569335938,19.559999465942383,0.06,0.0,-11.269999999999996,0.0007999999999999,0.0,0.0,0.0,-0.001967272884929,0.0074169248975232,0.0056481504487141,-0.0050625304928819,0.0070768730605581,0.004440046473517621
2022-08-22,81.6005859375,-55.26025390625,0.2699966430664062,0.689994812011733,20.600000381469727,0.1,0.0,5.819999999999993,0.00021,0.0,0.0,0.0,-0.0090265724772335,-0.001967272884929,0.0074169248975232,0.0056481504487141,0.005805232650172255,0.004459848027812166
2022-08-23,-14.7001953125,-90.48974609375,-0.5399932861328125,0.8800048828124716,23.799999237060547,0.0499999999999998,0.0,70.53000000000002,0.0023599999999999,0.0,0.0,0.0,0.0077473957279383,-0.0090265724772335,-0.001967272884929,0.0074169248975232,0.0070018067482953495,0.0051041400904540775
2022-08-24,102.5,-9.26025390625,3.5099945068359237,-0.4300003051757528,24.11000061035156,0.02,0.0,-75.71000000000001,0.0310900000000002,0.25,0.0,0.0,0.0043795836897338,0.0077473957279383,-0.0090265724772335,-0.001967272884929,0.0072973044699411425,0.005094227666753772
2022-08-25,-83.5,12.0400390625,1.1500015258789205,0.0599975585937357,22.81999969482422,0.06,0.0,43.97999999999999,0.2350699999999999,0.0,0.0,0.0,-0.0028531120293114,0.0043795836897338,0.0077473957279383,-0.0090265724772335,0.007157900189067646,0.00511736612515451
2022-08-26,-5.0,58.35009765625,-2.3700027465820312,-0.2099990844726562,21.780000686645508,-0.08,0.0,-70.91999999999999,0.0284999999999997,0.0,0.0,0.0,-0.0054453582384096,-0.0028531120293114,0.0043795836897338,0.0077473957279383,0.006559356876952856,0.005228179959441104
2022-08-29,-72.0,-141.460205078125,0.540000915527358,0.3300018310546733,25.559999465942383,0.0100000000000002,0.0,55.50999999999999,-0.00983,0.0,0.0,0.0,-0.0004490165108171,-0.0054453582384096,-0.0028531120293114,0.0043795836897338,0.006947483477363195,0.005243126284235469
2022-08-30,38.0,-27.0498046875,3.950004577636719,0.0399932861328267,26.209999084472656,0.08,0.0,-24.36,0.02787,0.0,0.0,0.0,0.0038383964816686,-0.0004490165108171,-0.0054453582384096,-0.0028531120293114,0.005359862176037528,0.00523603404787361
2022-08-31,84.0,-44.4501953125,-5.3700027465820455,-0.0699996948242187,26.209999084472656,-0.0100000000000002,0.0,-14.289999999999992,0.0232400000000003,0.0,0.0,0.0,0.0026665680799351,0.0038383964816686,-0.0004490165108171,-0.0054453582384096,0.004238270750550049,0.005260440169093191
2022-09-01,-45.0,-31.159912109375,-2.089996337890625,-0.0699996948242045,25.8700008392334,0.04,0.0,43.22999999999999,-0.01479,0.0,0.0,0.0,-0.0035565742583288,0.0026665680799351,0.0038383964816686,-0.0004490165108171,0.0038350971995547226,0.005258931627313071
2022-09-02,5.0,11.85009765625,-2.94000244140625,0.990005493164034,25.559999465942383,0.1099999999999998,0.0,-50.52999999999999,0.0596999999999998,0.0,0.0,0.0,0.0033600477564648,-0.0035565742583288,0.0026665680799351,0.0038383964816686,0.003956351558913414,0.005096827496984613
2022-09-05,47.099609375,-42.590087890625,0.2600021362304687,-0.1600036621093608,25.46999931335449,-0.0599999999999996,0.0,-10.700000000000005,-0.0130400000000001,0.0,0.0,0.0,0.0075929822575805,0.0033600477564648,-0.0035565742583288,0.0026665680799351,0.003127221846365303,0.005127979496860608
2022-09-06,-12.099609375,0.0,0.0,0.0,25.46999931335449,0.0,0.0,93.46,0.0622700000000002,0.0,-0.25,0.0,0.0001758685590605,0.0075929822575805,0.0033600477564648,-0.0035565742583288,0.004024502964724924,0.00530832995624983
2022-09-07,-7.7001953125,-16.070068359375,0.0099945068359375,0.6800003051757812,26.90999984741211,0.1299999999999999,0.0,-67.14,0.01113,0.0,0.0,0.0,-0.0064352834553391,0.0001758685590605,0.0075929822575805,0.0033600477564648,0.004116037309280639,0.0053093677660199946
2022-09-08,21.7001953125,71.68017578125,-4.939994812011719,-0.3700027465820312,24.63999938964844,-0.06,0.0,-3.890000000000001,0.0201999999999999,0.0,0.0,0.0,0.0062779821353578,-0.0064352834553391,0.0001758685590605,0.0075929822575805,0.005540256119126747,0.005553061082200379
2022-09-09,-38.7001953125,26.309814453125,1.5999984741210938,-0.1299972534179687,23.61000061035156,0.02,0.0,-40.04,0.0192599999999996,0.0,0.0,0.0,0.0014699708794502,0.0062779821353578,-0.0064352834553391,0.0001758685590605,0.005606357414248637,0.005647353644980464
2022-09-12,27.0,61.18017578125,3.25,-0.7099990844726562,22.790000915527344,0.04,0.0,18.410000000000004,-0.0377599999999995,0.0,0.0,0.0,0.0016290281631535,0.0014699708794502,0.0062779821353578,-0.0064352834553391,0.005571719978483396,0.005201074802077019
2022-09-13,-69.2998046875,43.050048828125,0.9899978637695312,-0.6699981689453267,23.8700008392334,0.04,0.0,96.34,0.0604799999999996,0.0,0.0,0.0,0.0087222832476363,0.0016290281631535,0.0014699708794502,0.0062779821353578,0.004575138408593275,0.005073381312935305
2022-09-14,35.7001953125,-177.72021484375,-0.470001220703125,1.4899978637695457,27.270000457763672,0.0499999999999998,0.0,-67.02000000000001,0.0319899999999999,0.0,0.0,0.0,-0.0054724349267139,0.0087222832476363,0.0016290281631535,0.0014699708794502,0.005798901073097781,0.005160565273488679
2022-09-15,96.2001953125,13.320068359375,1.1700057983398438,-0.1599960327148437,26.15999984741211,-0.0099999999999997,0.0,21.38000000000001,-0.0018099999999998,0.0,0.0,0.0,0.0037744908563727,-0.0054724349267139,0.0087222832476363,0.0016290281631535,0.005439807240955095,0.005294222948833118
2022-09-16,-39.900390625,-44.659912109375,-3.3800048828125,0.079994201660142,26.270000457763672,0.04,0.0,1.8499999999999943,0.0087800000000002,0.0,0.0,0.0,-0.0188932669716573,0.0037744908563727,-0.0054724349267139,0.0087222832476363,0.00511347978640386,0.0051218348565346804
2022-09-19,18.599609375,-28.02001953125,0.0100021362304687,0.0200042724609659,26.299999237060547,0.0,0.0,4.719999999999999,-0.0590800000000002,0.0,0.0,0.0,0.003706076723218,-0.0188932669716573,0.0037744908563727,-0.0054724349267139,0.010711100679098941,0.0067473161689708995
2022-09-20,12.400390625,26.559814453125,0.6200027465820312,-0.0200042724609659,25.76000022888184,0.04,0.0,-58.21,0.09362,0.0,0.0,0.0,0.0002033538464005,0.003706076723218,-0.0188932669716573,0.0037744908563727,0.010927450117968005,0.006447284413456712
2022-09-21,39.7998046875,-43.9599609375,-1.2800064086914062,0.4800033569336079,27.15999984741211,0.0799999999999996,0.0,13.519999999999996,-0.0138699999999998,0.0,0.0,0.0,-0.0012008409976569,0.0002033538464005,0.003706076723218,-0.0188932669716573,0.009477207653546546,0.006224680261549506
2022-09-22,22.7998046875,-66.0,-1.5099945068359375,0.4199981689453125,27.989999771118164,-0.06,0.0,-7.730000000000004,-0.0430000000000001,0.0,0.0,0.0,0.004246737876143,-0.0012008409976569,0.0002033538464005,0.003706076723218,0.009428920254276484,0.00615376887523617
2022-09-23,10.400390625,-31.93994140625,0.5499954223632812,0.7099990844726562,27.350000381469727,0.1900000000000004,0.75,68.32,0.2127599999999998,0.5,0.0,0.0,-0.0056013739590531,0.004246737876143,-0.0012008409976569,0.0002033538464005,0.009509282517680583,0.006187907387349795
2022-09-26,7.599609375,-64.760009765625,-4.75,1.840003967285142,29.920000076293945,-0.0100000000000002,0.0,-5.329999999999984,0.11037,0.0,0.0,0.0,-0.0071410580665863,-0.0056013739590531,0.004246737876143,-0.0012008409976569,0.004008176373820191,0.006195638989333327
2022-09-27,4.400390625,-38.18994140625,-2.029998779296875,0.909996032714858,32.2599983215332,0.1899999999999999,0.0,-47.91000000000001,0.0828899999999999,0.0,0.0,0.0,-0.0021142931364349,-0.0071410580665863,-0.0056013739590531,0.004246737876143,0.0045788687679079315,0.006415191095528698
2022-09-28,173.0,-7.75,1.7900009155273438,0.0100021362304687,32.599998474121094,0.0900000000000003,0.0,109.02,0.0282900000000001,0.0,0.0,0.0,-0.0049922239065966,-0.0021142931364349,-0.0071410580665863,-0.0056013739590531,0.004427697052298511,0.006364063860983396
2022-09-29,-36.7998046875,71.75,3.650001525878906,-1.5100021362304688,30.18000030517578,-0.25,0.0,-39.19,0.0268600000000001,0.0,0.0,0.0,-0.005786433912778,-0.0049922239065966,-0.0021142931364349,-0.0071410580665863,0.004503099468957617,0.006404590401136422
2022-09-30,8.099609375,-78.570068359375,-0.9199981689453124,-0.3499984741210937,31.84000015258789,0.0399999999999995,0.0,-62.66999999999999,0.03417,0.0,0.0,0.0,0.0006534930475305,-0.005786433912778,-0.0049922239065966,-0.0021142931364349,0.0018581496741195058,0.006475722059129426
2022-10-03,-0.099609375,-54.849853515625,-1.7400054931640625,-0.1299972534179545,31.6200008392334,0.0700000000000002,0.0,99.72,0.0137899999999997,0.0,0.0,0.0,-0.0044240552655557,0.0006534930475305,-0.005786433912778,-0.0049922239065966,0.003129546133644799,0.0064116482907075716
2022-10-04,45.7998046875,92.809814453125,4.1399993896484375,-0.3700027465820454,30.100000381469727,-0.1600000000000001,0.0,-46.81,0.0046699999999999,0.0,0.0,0.0,0.0088820642203999,-0.0044240552655557,0.0006534930475305,-0.005786433912778,0.0026143898104657058,0.006124666485786006
2022-10-05,69.0,112.5,2.889999389648437,-1.6800003051757812,29.06999969482422,-0.0499999999999998,0.0,2.759999999999991,-0.0082999999999997,0.0,0.0,0.0,0.0004423219933202,0.0088820642203999,-0.0044240552655557,0.0006534930475305,0.006141501626656169,0.006549224736160714
2022-10-06,-110.0,-7.64990234375,1.2400054931640625,1.0,28.549999237060547,0.1399999999999996,0.0,4.450000000000017,0.0011000000000001,0.0,1.2599999999999998,0.0,0.0001749972540386,0.0004423219933202,0.0088820642203999,-0.0044240552655557,0.005756692359097969,0.006435280893544977
2022-10-07,26.7001953125,-38.760009765625,0.6899948120117188,1.1900024414062642,30.520000457763672,0.0700000000000002,0.0,15.72999999999999,-0.0024200000000003,0.0,0.0,0.0,-0.0070678033860288,0.0001749972540386,0.0004423219933202,0.0088820642203999,0.0048102176970898905,0.0062241780518726576
2022-10-10,9.099609375,-104.860107421875,4.19000244140625,0.5400009155273153,31.36000061035156,0.06,0.0,-29.15000000000001,-0.01688,0.0,0.0,0.0,-0.0046199029333834,-0.0070678033860288,0.0001749972540386,0.0004423219933202,0.0060796680794395295,0.006331503389175194
2022-10-11,30.2001953125,-27.27001953125,-1.510002136230483,0.3399963378906392,32.45000076293945,0.0,0.0,41.58000000000001,0.0437700000000003,0.0,0.0,0.0,-0.0079305459226053,-0.0046199029333834,-0.0070678033860288,0.0001749972540386,0.006112629017796592,0.006322472368322935
2022-10-12,97.0,-23.5498046875,-1.7799987792968608,0.0800018310546875,33.630001068115234,0.04,0.0,-25.55000000000001,-0.0121500000000001,0.0,0.0,0.0,-0.0043234137108166,-0.0079305459226053,-0.0046199029333834,-0.0070678033860288,0.0039436686061074784,0.005945600089879352
2022-10-13,-4.5,-11.81005859375,-2.0800018310546875,0.0999984741210937,33.56999969482422,-0.02,0.0,31.0,-0.0070100000000001,0.0,0.0,0.0,-0.0041456663431503,-0.0043234137108166,-0.0079305459226053,-0.0046199029333834,0.0031600050788777897,0.005922480253382619
2022-10-14,-19.900390625,92.8798828125,1.840003967285156,-0.9599990844726562,31.940000534057617,0.06,0.0,-17.829999999999984,0.0046500000000002,0.0,0.0,0.0,-0.0096524251168098,-0.0041456663431503,-0.0043234137108166,-0.0079305459226053,0.0017528344823879746,0.005735617862791212
2022-10-17,45.400390625,-86.83984375,-3.5,0.9499969482422016,32.02000045776367,0.0299999999999998,0.0,11.909999999999997,-0.0361199999999999,0.0,0.0,0.0,0.0024308792090373,-0.0096524251168098,-0.0041456663431503,-0.0043234137108166,0.0025065451900804308,0.004658750163019381
2022-10-18,56.0,94.8798828125,-0.1500015258789062,-1.2699966430664205,31.3700008392334,0.0199999999999995,0.0,-51.77000000000001,0.0497499999999999,0.0,0.0,0.0,0.0004945123523051,0.0024308792090373,-0.0096524251168098,-0.0041456663431503,0.00464377395823584,0.004576851759282568
2022-10-19,21.400390625,42.030029296875,-2.639999389648437,0.0899963378906107,30.5,-0.0099999999999997,0.0,-55.81,-0.0105300000000001,0.0,0.0,0.0,0.0037856262890909,0.0004945123523051,0.0024308792090373,-0.0096524251168098,0.004717443921462469,0.0045866847293309695
2022-10-20,24.7998046875,-24.820068359375,2.7300033569335938,0.8500061035156392,30.76000022888184,0.1299999999999999,0.0,-2.6899999999999977,-0.0275699999999998,0.0,0.0,0.0,0.0173742178732799,0.0037856262890909,0.0004945123523051,0.0024308792090373,0.005495343942628811,0.004796540139205883
2022-10-21,153.7998046875,-29.3798828125,0.4300003051757812,-0.1000061035156392,29.979999542236328,0.1000000000000005,0.0,7.689999999999998,0.3285,0.5,0.0,0.0,0.0053033442435589,0.0173742178732799,0.0037856262890909,0.0004945123523051,0.009667681153423504,0.006381022829392834
2022-10-24,-58.0,86.969970703125,-0.9300003051757812,-0.8699951171874716,29.690000534057617,-0.0300000000000002,0.0,28.99000000000001,0.0293999999999998,0.0,0.0,0.0,0.0050136432399249,0.0053033442435589,0.0173742178732799,0.0037856262890909,0.006665880717720429,0.0064930466303976375
2022-10-25,64.0,44.590087890625,-0.470001220703125,-0.0200042724609659,29.850000381469727,0.04,0.0,60.94999999999999,0.0946499999999996,0.0,0.0,0.0,-0.0006615023740758,0.0050136432399249,0.0053033442435589,0.0173742178732799,0.0064278236376832856,0.006469876113562284
2022-10-26,-39.5,61.77001953125,0.7399978637695312,-1.040000915527315,28.459999084472656,-0.1500000000000003,0.0,-63.33999999999999,0.0030999999999998,0.0,0.0,0.0,-0.0006302608057287,-0.0006615023740758,0.0050136432399249,0.0053033442435589,0.006707778573735654,0.006459241170513326
2022-10-27,-37.5,-28.510009765625,2.590003967285156,-1.25,27.280000686645508,-0.0599999999999996,0.0,-20.14,0.0126000000000008,0.0,0.0,0.0,0.006766194445492,-0.0006302608057287,-0.0006615023740758,0.0050136432399249,0.007358230596317927,0.006370924131930128
2022-10-28,-46.2998046875,-23.300048828125,1.1699981689453125,0.8899993896484233,27.38999938964844,-0.08,0.0,65.97999999999999,-0.0023800000000004,0.0,0.0,0.0,-0.0050497270399061,0.006766194445492,-0.0006302608057287,-0.0006615023740758,0.0035356929599779916,0.006413342430607088
2022-10-31,51.5,93.760009765625,-1.1800003051757812,0.0800018310547017,25.75,0.0599999999999996,0.0,53.5,-0.0687999999999995,0.0,0.0,0.0,0.0060544598975106,-0.0050497270399061,0.006766194445492,-0.0006302608057287,0.004778531114045562,0.006526950637347513
2022-11-01,-5.0,-29.080078125,-1.3700027465820312,0.8600006103515483,25.8799991607666,0.08,0.0,-43.16,0.0306299999999994,0.0,0.0,0.0,-0.0065841913371721,0.0060544598975106,-0.0050497270399061,0.006766194445492,0.005009404047118916,0.006564453263963479
2022-11-02,99.7998046875,-15.8798828125,1.840003967285156,-0.0499954223632812,25.809999465942383,-0.0299999999999993,0.0,-33.64999999999999,0.0190200000000002,0.0,0.0,0.0,-0.0052052006977838,-0.0065841913371721,0.0060544598975106,-0.0050497270399061,0.006156794751111927,0.00645143826678918
2022-11-03,41.0,-96.41015625,1.6299972534179688,-0.1300048828125,25.86000061035156,0.0299999999999993,0.0,-29.28,0.0020600000000001,0.0,0.0,0.0,0.0026879656137501,-0.0052052006977838,-0.0065841913371721,0.0060544598975106,0.006617282168889128,0.006547431141484987
2022-11-04,6.0,-39.800048828125,-1.8300018310546875,1.5800018310546875,25.299999237060547,0.04,0.75,42.52999999999999,0.0011599999999996,0.0,0.0,0.0,0.0015559002301134,0.0026879656137501,-0.0052052006977838,-0.0065841913371721,0.00562840535820216,0.006583536883782041
2022-11-07,84.0,50.66015625,4.44000244140625,-2.0500030517578267,24.549999237060547,0.0300000000000002,0.0,-18.66,0.0210499999999997,0.0,0.0,0.0,0.0080392644924594,0.0015559002301134,0.0026879656137501,-0.0052052006977838,0.005392205101988999,0.006396562891147442
2022-11-08,-170.5,36.25,-0.8199996948242188,-0.7599945068359091,24.350000381469727,0.0499999999999998,0.0,123.45000000000002,-0.0116999999999993,0.0,-0.2400000000000002,0.0,-0.0073867056770913,0.0080392644924594,0.0015559002301134,0.0026879656137501,0.0060139981005389205,0.006526486841862872
2022-11-09,65.5,21.31005859375,-2.8799972534179688,-0.5,25.540000915527344,-0.08,0.0,-121.92000000000002,0.0112699999999996,0.0,0.0,0.0,0.0028268731355174,-0.0073867056770913,0.0080392644924594,0.0015559002301134,0.006243280883923817,0.006489373187637174
2022-11-10,-30.0,-79.5400390625,-3.0800018310546875,0.9300003051757528,26.09000015258789,-0.0199999999999995,0.0,23.0,0.0028699999999997,0.0,0.0,0.2700000000000004,-0.0147110513866974,0.0028268731355174,-0.0073867056770913,0.0080392644924594,0.005587945171650692,0.006388826592299805
2022-11-11,26.5,207.800048828125,0.6399993896484375,-2.340003967285142,23.530000686645508,-0.3000000000000002,0.0,-27.03,-0.0061099999999996,0.0,0.0,0.0,0.017412045841216,-0.0147110513866974,0.0028268731355174,-0.0073867056770913,0.009045666864065579,0.007231112146046775
2022-11-14,-171.5,36.559814453125,2.4899978637695312,-1.9199981689453125,22.520000457763672,0.0,0.0,64.41,0.0195099999999994,0.0,0.0,0.0,-0.009896735870884,0.017412045841216,-0.0147110513866974,0.0028268731355174,0.012640601698813016,0.007722749176419084
2022-11-15,-26.099609375,-35.679931640625,-3.089996337890625,0.3700027465820312,23.729999542236328,0.06,0.0,31.54000000000002,-0.0173399999999999,0.0,0.0,0.0,0.0022921438465352,-0.009896735870884,0.017412045841216,-0.0147110513866974,0.012771606034920474,0.008163874540382183
2022-11-16,56.19921875,34.47998046875,1.0499954223632812,-0.2600021362304687,24.540000915527344,-0.08,0.0,-120.43,-0.0060699999999993,0.0,0.0,0.0,-0.0030058934513577,0.0022921438465352,-0.009896735870884,0.017412045841216,0.01254912678674304,0.008163746522268483
2022-11-17,26.900390625,-32.93994140625,-1.3300018310546875,-0.1200027465820312,24.11000061035156,-0.1299999999999999,0.0,12.739999999999997,0.0095499999999999,0.0,0.0,0.0,0.0043532675955042,-0.0030058934513577,0.0022921438465352,-0.009896735870884,0.012443040860135191,0.008202607691563613
2022-11-18,98.0,-12.22998046875,-3.949996948242188,0.4100036621093608,23.93000030517578,0.1,0.0,-16.61,0.2562099999999994,0.5,0.0,0.0,0.0052657972356979,0.0043532675955042,-0.0030058934513577,0.0022921438465352,0.010117793009333595,0.007312147926959554
2022-11-21,65.0,18.780029296875,-1.55999755859375,0.2399978637695454,23.1200008392334,0.0499999999999998,0.0,42.16999999999999,0.0871500000000002,0.0,0.0,0.0,-0.0026770618804974,0.0052657972356979,0.0043532675955042,-0.0030058934513577,0.006299160183287289,0.007310843329867351
2022-11-22,-90.599609375,-15.400146484375,-0.3499984741210937,0.9099960327148438,22.36000061035156,0.0100000000000002,0.0,-11.159999999999982,0.1366500000000003,0.0,0.0,0.0,-0.0046345424414523,-0.0026770618804974,0.0052657972356979,0.0043532675955042,0.0038851419055032405,0.007260634005466891
2022-11-23,125.599609375,53.64013671875,1.2199935913085938,-0.6199951171875,21.290000915527344,-0.0700000000000002,0.0,3.280000000000001,0.0222899999999999,0.0,0.0,0.0,0.0033419469180464,-0.0046345424414523,-0.0026770618804974,0.0052657972356979,0.00458974500830868,0.007335730144815641
2022-11-24,-84.0,23.679931640625,-3.009994506835937,-1.1399993896484517,20.350000381469727,-0.0499999999999998,0.0,57.86999999999999,0.0169899999999998,0.0,0.0,0.0,0.0037343892602278,0.0033419469180464,-0.0046345424414523,-0.0026770618804974,0.004475227692148814,0.0073750368995453555
2022-11-25,-51.400390625,0.0,0.0,0.0,20.350000381469727,0.0,0.0,42.870000000000005,-0.00645,0.0,0.0,0.0,-0.0038723527824898,0.0037343892602278,0.0033419469180464,-0.0046345424414523,0.004371135214161398,0.00726047308794695
2022-11-28,-14.599609375,-1.139892578125,-1.660003662109375,-0.120002746582017,20.5,-0.0299999999999998,0.0,-36.99000000000001,-0.0010099999999999,0.0,0.0,0.0,-0.0050875305802278,-0.0038723527824898,0.0037343892602278,0.0033419469180464,0.004042911155375001,0.0072227266975304905
2022-11-29,70.099609375,-62.18017578125,0.9599990844726562,0.720001220703125,22.209999084472656,0.0099999999999997,0.0,-6.20999999999998,-0.0003700000000002,0.0,0.0,0.0,-0.0007539955611697,-0.0050875305802278,-0.0038723527824898,0.0037343892602278,0.004443372620941654,0.0071589129447869465
2022-11-30,70.900390625,-6.31005859375,0.9599990844726562,0.1399993896484375,21.88999938964844,0.06,0.0,-92.53000000000002,-0.0130999999999996,0.0,0.0,0.0,0.0098265552755988,-0.0007539955611697,-0.0050875305802278,-0.0038723527824898,0.004036382625136992,0.007018782627857666
2022-12-01,-19.5,122.480224609375,2.350006103515625,-0.870002746582017,20.57999992370605,-0.0699999999999998,0.0,-0.6199999999999903,0.0107999999999996,0.0,0.0,0.0,-0.0085817101599071,0.0098265552755988,-0.0007539955611697,-0.0050875305802278,0.006103143897817421,0.007264813016786642
2022-12-02,-92.0,-3.5400390625,0.6699981689453125,-1.219993591308608,19.84000015258789,-0.1500000000000003,0.0,87.21000000000001,0.0104500000000005,0.0,0.0,0.0,-0.0001658156446825,-0.0085817101599071,0.0098265552755988,-0.0007539955611697,0.007023329408251708,0.007516071724608012
2022-12-05,-279.0,-4.8701171875,-1.2399978637695312,-0.1800003051757954,19.059999465942383,-0.02,0.0,-129.08,0.0004699999999999,0.0,0.0,0.0,-0.0046135743462973,-0.0001658156446825,-0.0085817101599071,0.0098265552755988,0.00693090243916689,0.007505985158983692
2022-12-06,65.5,-72.85986328125,-3.0500030517578125,0.7399978637695455,20.75,0.0900000000000003,0.0,139.11,-0.0066100000000002,0.0,-0.29,0.0,-0.0136542463552985,-0.0046135743462973,-0.0001658156446825,-0.0085817101599071,0.006863120544277271,0.007306987922837991
2022-12-07,99.2998046875,-57.580078125,-2.680000305175781,0.2900009155273295,22.170000076293945,-0.0900000000000003,0.0,-81.45999999999998,0.00652,0.0,0.0,0.0,-0.0107675372942012,-0.0136542463552985,-0.0046135743462973,-0.0001658156446825,0.008928424212414672,0.007725974396119186
2022-12-08,102.7001953125,-7.340087890625,-2.2399978637695312,-0.4800033569335795,22.68000030517578,-0.0899999999999998,0.0,45.69,-0.0017500000000003,0.0,0.0,0.0,-0.002132412865576,-0.0107675372942012,-0.0136542463552985,-0.0046135743462973,0.00528742266146702,0.00795416402023194
2022-12-09,-27.0,29.590087890625,-0.5500030517578125,-0.3300018310546875,22.290000915527344,0.06,0.0,-69.56,0.0203300000000004,0.0,0.0,0.0,-0.0131826173168147,-0.002132412865576,-0.0107675372942012,-0.0136542463552985,0.005741936127144134,0.007355114013127077
2022-12-12,-6.0,-29.130126953125,-0.44000244140625,0.0400009155273579,22.82999992370605,0.0899999999999998,0.0,32.5,-0.0724600000000004,0.0,0.0,0.0,0.0028750357436547,-0.0131826173168147,-0.002132412865576,-0.0107675372942012,0.005210579833417761,0.006404770046465919
2022-12-13,-8.0,56.18017578125,2.1500015258789062,0.3199996948241903,25.0,0.04,0.0,55.38999999999999,0.0684599999999999,0.0,0.0,0.0,0.0112020467942746,0.0028750357436547,-0.0131826173168147,-0.002132412865576,0.007369100702020544,0.006286172310529406
2022-12-14,94.2998046875,29.08984375,2.220001220703125,-1.1499938964843608,22.549999237060547,-0.1,0.0,-47.35,0.0051300000000003,0.0,0.0,0.0,-0.0012587209507487,0.0112020467942746,0.0028750357436547,-0.0131826173168147,0.009989917323466574,0.006897706217598301
2022-12-15,-121.599609375,-24.329833984375,1.8899993896484373,-0.2100067138671875,21.13999938964844,-0.0199999999999995,0.0,-1.4499999999999886,0.0032300000000002,0.0,0.0,0.0,-0.0073617862059717,-0.0012587209507487,0.0112020467942746,0.0028750357436547,0.008837674672619767,0.006890377037936097
2022-12-16,-73.7001953125,-99.570068359375,-1.1699981689453125,0.790000915527358,22.82999992370605,-0.0500000000000002,0.5,-5.950000000000003,-0.0230200000000007,0.0,0.0,0.0,0.0088960735984005,-0.0073617862059717,-0.0012587209507487,0.0112020467942746,0.009372499826702246,0.006860983928193779
2022-12-19,145.0,-43.389892578125,-1.8199996948242188,0.1399993896484375,22.6200008392334,0.04,0.0,-15.88000000000001,-0.0175399999999994,0.0,0.0,0.0,-0.0047814819210404,0.0088960735984005,-0.0073617862059717,-0.0012587209507487,0.0075410936939624635,0.007110294483645807
2022-12-20,-10.099609375,-34.7001953125,0.9000015258789062,0.0200042724609232,22.420000076293945,0.0899999999999998,0.0,-11.799999999999995,0.0095099999999996,0.0,0.0,0.0,-0.0016802945084432,-0.0047814819210404,0.0088960735984005,-0.0073617862059717,0.008281020270285043,0.007137243000906269
2022-12-21,-48.400390625,3.960205078125,0.899993896484375,-0.75,21.479999542236328,0.1200000000000001,0.0,-14.429999999999993,-0.0006899999999996,0.0,0.0,0.0,0.0077043944048148,-0.0016802945084432,-0.0047814819210404,0.0088960735984005,0.00618369873611556,0.007111431748626066
2022-12-22,-11.5,56.81982421875,2.2000045776367188,0.19000244140625,20.06999969482422,-0.0099999999999997,0.0,74.78999999999999,-0.0041799999999998,0.0,0.0,0.0,0.000552439247255,0.0077043944048148,-0.0016802945084432,-0.0047814819210404,0.00736270047379998,0.007343810393414244
2022-12-23,-43.0,-56.050048828125,-0.8000030517578125,0.2699966430664062,21.96999931335449,-0.0100000000000002,0.0,-48.94,0.1008399999999998,0.25,0.0,0.0,-0.0034875770073249,0.000552439247255,0.0077043944048148,-0.0016802945084432,0.005950397278439879,0.007254195587101085
2022-12-26,50.0,22.43017578125,2.0699996948242188,-0.120002746582017,20.8700008392334,0.08,0.0,-14.549999999999995,0.0594700000000001,0.0,0.0,0.0,0.0051531376412743,-0.0034875770073249,0.000552439247255,0.0077043944048148,0.0049228830475866875,0.007249035552415877
2022-12-27,2.900390625,0.0,0.0,0.0,20.8700008392334,0.0,0.0,86.14999999999999,0.0246499999999993,0.0,0.0,0.0,0.012678387167309,0.0051531376412743,-0.0034875770073249,0.000552439247255,0.004680220376360238,0.0073669966953209525
2022-12-28,41.099609375,-15.570068359375,-0.029998779296875,-0.1299972534179829,21.64999961853028,0.0899999999999998,0.0,-100.66,-0.0203699999999997,0.0,0.0,0.0,-0.0105285162019772,0.012678387167309,0.0051531376412743,-0.0034875770073249,0.006264250551796968,0.008005066788532328
2022-12-29,10.5,-46.030029296875,-0.5699996948242188,0.279998779296875,22.13999938964844,0.04,0.0,16.27000000000001,0.0225299999999997,0.0,0.0,0.0,0.0013941231497191,-0.0105285162019772,0.012678387167309,0.0051531376412743,0.008757835141844783,0.007897699962666599
2022-12-30,171.5,66.06005859375,-0.55999755859375,-0.6200027465820312,21.440000534057617,-0.0499999999999998,0.0,37.78999999999999,-0.0133700000000001,0.0,0.0,0.0,-0.0013796541201599,0.0013941231497191,-0.0105285162019772,0.012678387167309,0.008758208474503199,0.007750980573878773
2023-01-02,-169.0,-9.780029296875,1.8600006103515625,-0.3199996948242187,21.670000076293945,0.0499999999999998,0.0,75.61000000000001,0.0455400000000008,0.0,0.0,0.0,5.324137520386318e-05,-0.0013796541201599,0.0013941231497191,-0.0105285162019772,0.008533520832371915,0.007747554643602068
2023-01-03,-111.2001953125,0.0,0.0,0.0,21.670000076293945,0.0,0.0,-13.97,-0.0638700000000005,0.0,0.0,0.0,0.0054985052525945,5.324137520386318e-05,-0.0013796541201599,0.0013941231497191,0.008283379151119048,0.0077101115836674524
2023-01-04,41.2001953125,-15.360107421875,-3.3300018310546875,1.0,22.89999961853028,-0.0899999999999998,0.0,-67.82000000000001,0.0163299999999999,0.0,0.0,0.0,-0.0110231829663454,0.0054985052525945,5.324137520386318e-05,-0.0013796541201599,0.005916252774792725,0.007228112734228393
2023-01-05,21.7998046875,28.830078125,-4.090003967285156,-0.2699966430664062,22.01000022888184,-0.1,0.0,-3.3100000000000023,0.0087299999999999,0.0,0.0,0.0,-0.0236733424393211,-0.0110231829663454,0.0054985052525945,5.324137520386318e-05,0.00611633639877573,0.00724830271671879
2023-01-06,-11.7998046875,-44.869873046875,0.8300018310546875,0.7900009155273438,22.459999084472656,0.02,0.0,61.80999999999999,0.0019200000000001,0.0,0.0899999999999998,0.0,0.00460585106651,-0.0236733424393211,-0.0110231829663454,0.0054985052525945,0.011486180221877104,0.008971173042773053
2023-01-09,60.0,86.97998046875,0.0999984741210937,-1.1600036621093892,21.1299991607666,-0.1600000000000001,0.0,-17.129999999999995,-0.0384399999999995,0.0,0.0,0.0,0.0005544126737962,0.00460585106651,-0.0236733424393211,-0.0110231829663454,0.012378975816055538,0.008585559497531082
2023-01-10,-17.7001953125,-2.989990234375,0.8600006103515625,-0.8799972534179545,21.96999931335449,-0.02,0.0,-6.419999999999988,0.04204,0.0,0.0,0.0,-0.0098817239419795,0.0005544126737962,0.00460585106651,-0.0236733424393211,0.01243110771169994,0.008557048721113958
2023-01-11,-22.2998046875,27.159912109375,0.4900054931640625,0.239997863769517,20.57999992370605,0.08,0.0,233.94,0.0262999999999999,0.0,0.0,0.0,-0.0057615115515442,-0.0098817239419795,0.0005544126737962,0.00460585106651,0.011071945319319767,0.008356104566217737
2023-01-12,-51.099609375,50.360107421875,2.290000915527344,-0.0499954223632812,21.09000015258789,-0.0699999999999998,0.0,-22.85999999999996,0.0069599999999994,0.0,0.0,0.0,0.0068835786187251,-0.0057615115515442,-0.0098817239419795,0.0005544126737962,0.010948300133916728,0.008412614875897497
2023-01-13,-114.900390625,13.559814453125,0.9799957275390624,-0.9400024414062358,18.82999992370605,-0.1099999999999998,0.0,-174.42000000000002,-0.03777,0.0,0.0,0.0,0.0017926779192331,0.0068835786187251,-0.0057615115515442,-0.0098817239419795,0.007020634752225917,0.00850375613533122
2023-01-16,-242.0,15.920166015625,1.470001220703125,-0.0500030517577982,18.350000381469727,0.06,0.0,-47.22,0.0119000000000006,0.0,0.0,0.0,0.0069358780582654,0.0017926779192331,0.0068835786187251,-0.0057615115515442,0.006586425515702599,0.008216061097494372
2023-01-17,-57.2001953125,0.0,0.0,0.0,18.350000381469727,0.0,0.0,24.5,0.0076299999999998,0.0,0.0,0.0,0.0117846589819765,0.0069358780582654,0.0017926779192331,0.0068835786187251,0.007575404991357045,0.008368564494052566
2023-01-18,-32.7998046875,-8.1201171875,0.3199996948242187,0.1900024414062358,19.36000061035156,0.0399999999999995,0.0,-92.92,0.0100499999999996,0.0,0.0,0.0,-0.0002296159729862,0.0117846589819765,0.0069358780582654,0.0017926779192331,0.006655070814177569,0.008813681958360933
2023-01-19,80.0,-62.10986328125,-0.6999969482421875,-0.029998779296875,20.34000015258789,-0.1599999999999997,0.0,236.74,0.0004100000000004,0.0,0.0,0.0,0.0079674078630779,-0.0002296159729862,0.0117846589819765,0.0069358780582654,0.004744037209257702,0.008624847768292988
2023-01-20,-66.0,-30.010009765625,0.8499984741210938,-0.3000030517577983,20.520000457763672,0.02,0.0,-204.13,0.11456,0.25,0.0,0.0,0.0080357606784283,0.0079674078630779,-0.0002296159729862,0.0117846589819765,0.004850430904351355,0.008825165204679793
2023-01-24,45.0,73.760009765625,0.9799957275390624,-0.0499954223632812,19.850000381469727,0.0899999999999998,0.0,13.799999999999995,0.0569399999999999,0.0,0.0,0.0,-0.0020497049430931,0.0080357606784283,0.0079674078630779,-0.0002296159729862,0.004390954036590716,0.008962854543058976
2023-01-25,-134.0,44.33984375,-1.1800003051757812,-0.0900039672851562,19.200000762939453,-0.02,0.0,3.390000000000001,0.0440199999999997,0.0,0.0,0.0,-0.0045174739896757,-0.0020497049430931,0.0080357606784283,0.0079674078630779,0.005938191160612223,0.008912431368860814
2023-01-26,-51.5,-0.72998046875,0.0200042724609375,-0.2799987792968892,19.07999992370605,0.0,0.0,-9.900000000000006,0.0405299999999995,0.0,0.0,0.0,0.0050950584363673,-0.0045174739896757,-0.0020497049430931,0.0080357606784283,0.005825872461047938,0.008461576735930454
2023-01-27,-16.7998046875,44.2099609375,0.8600006103515625,0.1999969482421875,18.729999542236328,0.0300000000000002,0.0,-40.85,0.0522500000000007,0.0,0.0,0.0,0.0049642045080367,0.0050950584363673,-0.0045174739896757,-0.0020497049430931,0.005839333188620877,0.008222000907478294
2023-01-30,3.7998046875,10.130126953125,-1.3300018310546875,0.0900039672851562,18.51000022888184,0.0299999999999998,0.0,38.36,-0.0420300000000004,0.0,0.0,0.0,-0.0038485431501189,0.0049642045080367,0.0050950584363673,-0.0045174739896757,0.0053199393208493585,0.008289952099730859
2023-01-31,27.900390625,-52.7900390625,-1.779998779296875,0.3499984741210937,19.940000534057617,0.0299999999999998,0.0,80.08999999999999,0.0793400000000001,0.0,0.0,0.0,-0.0048336716823128,-0.0038485431501189,0.0049642045080367,0.0050950584363673,0.004743355358382722,0.008334273061406432
2023-02-01,24.599609375,58.830078125,0.970001220703125,-0.1800003051757812,19.39999961853028,-0.0299999999999998,0.0,-32.78999999999999,0.0298499999999997,0.0,0.0,0.0,0.0033450162967609,-0.0048336716823128,-0.0038485431501189,0.0049642045080367,0.005177203141829007,0.00840885038234844
2023-02-02,-4.2998046875,42.60986328125,-2.459999084472656,-0.8799972534179688,17.8700008392334,-0.1299999999999999,0.0,-20.97999999999999,0.0112500000000004,0.0,0.0,0.0,0.0041175533605304,0.0033450162967609,-0.0048336716823128,-0.0038485431501189,0.004886414041704843,0.008347151951168842
2023-02-03,-135.7001953125,60.5498046875,-0.5300064086914062,0.529998779296875,18.729999542236328,0.0099999999999997,0.25,-20.220000000000013,0.0632999999999999,0.0,0.0,0.0,0.003066179859708,0.0041175533605304,0.0033450162967609,-0.0048336716823128,0.00469462531761661,0.007992237017009757
2023-02-06,26.0,-43.27978515625,-2.4899978637695312,1.1699981689453267,18.32999992370605,0.1299999999999999,0.0,-1.1799999999999926,-0.0786699999999998,0.0,0.0,0.0,-0.0055044721780662,0.003066179859708,0.0041175533605304,0.0033450162967609,0.0043312402056728625,0.005603973817937262
2023-02-07,197.7998046875,-25.39990234375,0.720001220703125,0.7000045776367188,19.43000030517578,0.1,0.0,103.22,0.0941899999999993,0.0,-0.2299999999999995,0.0,0.0089086484954153,-0.0055044721780662,0.003066179859708,0.0041175533605304,0.004774965141828819,0.0057997543268316085
2023-02-08,121.2001953125,52.919921875,3.029998779296875,-0.1900024414062642,18.65999984741211,0.04,0.0,-28.69,-0.0038899999999992,0.0,0.0,0.0,0.0006952208598527,0.0089086484954153,-0.0055044721780662,0.003066179859708,0.005205352681312059,0.006032156931478982
2023-02-09,-53.0,-46.14013671875,1.3300018310546875,-0.0199966430664062,19.6299991607666,-0.04,0.0,-50.71000000000001,-0.0171000000000001,0.0,0.0,0.0,-0.0061801565820282,0.0006952208598527,0.0089086484954153,-0.0055044721780662,0.005268786917159197,0.005381401815829052
2023-02-10,-30.0,-36.35986328125,-0.410003662109375,-0.19000244140625,20.709999084472656,0.04,-0.0099999999999997,-10.569999999999991,0.0502199999999994,0.0,0.0,-0.7200000000000006,-0.0024730032586728,-0.0061801565820282,0.0006952208598527,0.0089086484954153,0.006275909249539679,0.005415290250838666
2023-02-13,23.0,8.9599609375,1.660003662109375,0.4099960327148295,20.530000686645508,0.0700000000000002,0.0099999999999997,-29.24000000000001,-0.1079999999999996,0.0,0.0,0.0,0.0028752357357084,-0.0024730032586728,-0.0061801565820282,0.0006952208598527,0.006130034535682528,0.00540456795766698
2023-02-14,42.2001953125,46.830078125,0.4199981689453125,-0.2799987792968608,20.34000015258789,-0.02,0.0,-29.77,0.1802999999999999,0.0,0.0,0.0,0.0060273059891943,0.0028752357357084,-0.0024730032586728,-0.0061801565820282,0.005689833909678444,0.005409344807240395
2023-02-15,28.7998046875,-1.16015625,-1.0800018310546875,-0.1199951171875,18.90999984741211,0.0499999999999998,0.0,35.68000000000001,-0.1152699999999997,0.0,0.0,0.0,-0.0039428630221077,0.0060273059891943,0.0028752357357084,-0.0024730032586728,0.004722561690815295,0.005368556278870151
2023-02-16,-32.0,11.47021484375,-0.470001220703125,0.689994812011733,18.229999542236328,0.04,0.0,94.87,0.0051999999999994,0.0,0.0,0.0,-0.0027333466933467,-0.0039428630221077,0.0060273059891943,0.0028752357357084,0.005042898143601463,0.004976179478980862
2023-02-17,31.0,-57.190185546875,-0.0999984741210937,-0.0599975585937642,20.170000076293945,0.0499999999999998,0.0,22.569999999999997,0.0679300000000004,0.0,0.0,0.0,7.222583233486983e-06,-0.0027333466933467,-0.0039428630221077,0.0060273059891943,0.004292910631400737,0.005041811802742493
2023-02-20,-68.0,-11.31982421875,-2.1500015258789062,0.0,20.020000457763672,-0.04,0.0,-125.35,-0.0914000000000001,0.0,0.0,0.0,-0.0001446032163209,7.222583233486983e-06,-0.0027333466933467,-0.0039428630221077,0.004080902165037071,0.004765365593718315
2023-02-21,17.0,0.0,0.0,0.0,20.020000457763672,0.0,0.0,-9.0,0.2005499999999997,0.0,0.0,0.0,-0.0030958513277918,-0.0001446032163209,7.222583233486983e-06,-0.0027333466933467,0.0038484764544440106,0.0044284352274624105
2023-02-22,3.5,-81.75,-0.17999267578125,0.3199996948242187,22.8700008392334,0.1300000000000003,0.0,-19.919999999999987,-0.0421899999999997,0.0,0.0,0.0,-0.0092721974701852,-0.0030958513277918,-0.0001446032163209,7.222583233486983e-06,0.0018016106536563221,0.004461759500778997
2023-02-23,70.5,-6.2900390625,-2.2100067138671875,0.4099960327148437,22.290000915527344,-0.02,0.0,71.43,-0.0465299999999997,0.0,0.0,0.0,0.0043205308273751,-0.0092721974701852,-0.0030958513277918,-0.0001446032163209,0.003761848887775245,0.0048316030150275585
2023-02-24,-41.0,21.27001953125,1.44000244140625,0.0100021362304687,21.13999938964844,-0.0500000000000002,0.0,48.0,-0.0151799999999999,0.0,0.0,0.0,0.0025002980996,0.0043205308273751,-0.0092721974701852,-0.0030958513277918,0.0050211397417703404,0.004790308355323377
2023-02-27,18.0,-42.280029296875,0.9300003051757812,0.6100006103515625,21.670000076293945,0.0700000000000002,0.0,-105.98000000000002,-0.0458400000000001,0.0,0.0,0.0,-0.000262456434896,0.0025002980996,0.0043205308273751,-0.0092721974701852,0.005338959605245103,0.004681355032938891
2023-02-28,47.7001953125,12.199951171875,-0.6399993896484375,-0.5400009155273295,20.950000762939453,-0.0300000000000002,-0.0099999999999997,48.27000000000001,0.0797299999999996,0.0,0.0,0.0,-0.0016846365170148,-0.000262456434896,0.0025002980996,0.0043205308273751,0.005333733078515873,0.004606701140439031
2023-03-01,-48.7001953125,-12.090087890625,1.3700027465820312,0.2000045776367187,20.700000762939453,0.0,0.0,-42.24000000000001,0.0393800000000004,0.0,0.0,0.0,0.000247990058268,-0.0016846365170148,-0.000262456434896,0.0025002980996,0.005242368596663564,0.004489767752117038
2023-03-02,31.0,-18.760009765625,0.6399993896484375,-0.3899993896484517,20.57999992370605,0.0899999999999998,0.0099999999999997,-9.049999999999995,-0.03404,0.0,0.0,0.0,0.0018214403190712,0.000247990058268,-0.0016846365170148,-0.000262456434896,0.0023790987972727063,0.0044222611258656185
2023-03-03,3.0,29.960205078125,0.470001220703125,0.5499954223632812,19.59000015258789,0.0700000000000002,-0.0099999999999997,79.50000000000001,0.0555499999999993,0.0,0.0,0.0,-0.0064046220554816,0.0018214403190712,0.000247990058268,-0.0016846365170148,0.0016704695931871905,0.0043352347623230965
2023-03-06,79.0,64.289794921875,1.5199966430664062,-0.5100021362304688,18.489999771118164,-0.1099999999999998,0.0,-68.78000000000002,-0.1675799999999991,0.0,0.0,0.0,-0.000974294275704,-0.0064046220554816,0.0018214403190712,0.000247990058268,0.003138940550511329,0.0044701089960668796
2023-03-07,-66.900390625,2.780029296875,0.779998779296875,-0.1699981689453125,18.61000061035156,0.0099999999999997,0.0,-1.3100000000000025,0.1389699999999996,0.0,0.1899999999999995,0.0,-0.0059295708137515,-0.000974294275704,-0.0064046220554816,0.0018214403190712,0.003098468463658624,0.00432711830348146
2023-03-08,96.900390625,-62.0498046875,-2.8799972534179688,1.2700042724609517,19.59000015258789,-0.0099999999999997,0.0,8.540000000000006,-0.0517799999999999,0.0,0.0,0.0,0.0014195105224551,-0.0059295708137515,-0.000974294275704,-0.0064046220554816,0.003716318996816791,0.003880138466803202
2023-03-09,85.0,5.639892578125,-0.9199981689453124,0.0400009155273295,19.11000061035156,0.0099999999999997,0.0,-25.599999999999994,0.0251000000000001,0.0,0.0,0.0,0.0034508755405327,0.0014195105224551,-0.0059295708137515,-0.000974294275704,0.003943026773930314,0.003902370315540151
2023-03-10,13.0,-73.68994140625,-0.94000244140625,-0.3500061035156108,22.61000061035156,-0.0499999999999998,0.0,27.33,-0.0315799999999999,0.0,0.0,0.0,-0.0050855868142931,0.0034508755405327,0.0014195105224551,-0.0059295708137515,0.0043821080883033325,0.0038485458544758266
2023-03-13,39.0,-56.72998046875,0.9599990844726562,-0.7299957275390909,24.799999237060547,-0.2299999999999999,0.0,68.32000000000001,-0.0136400000000005,0.0,0.0,0.0,0.0031955325228223,-0.0050855868142931,0.0034508755405327,0.0014195105224551,0.004054614193954395,0.003954336794016902
2023-03-14,-16.400390625,-5.830078125,-1.8799972534179688,-0.9800033569335797,26.520000457763672,-0.1500000000000003,0.0099999999999997,59.1,0.1570300000000006,0.0,0.0,0.0,-0.0216172852321111,0.0031955325228223,-0.0050855868142931,0.0034508755405327,0.004566683186936135,0.003970802228208659
2023-03-15,-63.599609375,63.530029296875,-3.470001220703125,0.0,23.729999542236328,0.0900000000000003,0.0,19.94999999999999,-0.1197500000000006,0.0,0.0,0.0,-0.0020613131846652,-0.0216172852321111,0.0031955325228223,-0.0050855868142931,0.010581091477462445,0.0058337641925668895
2023-03-16,-37.0,-27.360107421875,-3.720001220703125,1.0500030517578125,26.13999938964844,-0.1300000000000003,0.0,-80.85,-0.04962,0.0,0.0,0.0,-0.0094604036107173,-0.0020613131846652,-0.0216172852321111,0.0031955325228223,0.01026766749108535,0.005819488780618447
2023-03-17,107.0,68.35009765625,0.7399978637695312,-0.2300033569335795,22.989999771118164,0.0500000000000002,0.0,26.139999999999983,0.11186,0.0,0.0,0.0,0.0169906062074101,-0.0094604036107173,-0.0020613131846652,-0.0216172852321111,0.009377138867480947,0.0060470562239562705
2023-03-20,-57.0,-43.64013671875,-1.6100006103515625,-0.7099990844726705,25.51000022888184,-0.1699999999999999,0.0,44.860000000000014,-0.0797400000000001,0.0,0.0,0.0,-0.0098936827277072,0.0169906062074101,-0.0094604036107173,-0.0020613131846652,0.014373517864545089,0.007442050924835034
2023-03-21,-53.5,34.93017578125,0.9000015258789062,-0.4300003051757812,24.14999961853028,0.08,0.0,-77.85,0.1325600000000006,0.0,0.0,0.0,0.0118943080515183,-0.0098936827277072,0.0169906062074101,-0.0094604036107173,0.014247657312022833,0.007657704072289784
2023-03-24,-28.5,51.300048828125,1.69000244140625,-0.019996643066392,21.3799991607666,0.1199999999999996,0.0,-55.99000000000001,-0.0763600000000002,0.0,0.0,0.0,0.0105016241759892,0.0118943080515183,-0.0098936827277072,0.0169906062074101,0.01235546174452207,0.008263664192200777
2023-03-27,-293.0,-31.880126953125,-0.0699996948242187,-0.1399993896484375,21.739999771118164,-0.2099999999999999,0.25,61.03,-0.1375200000000003,0.0,0.0,0.0,-0.0079163149013898,0.0105016241759892,0.0118943080515183,-0.0098936827277072,0.012723636868521161,0.00844561137639578
2023-03-28,101.0,6.5400390625,3.549995422363281,-0.2600021362304829,20.600000381469727,0.1499999999999999,0.0,-21.91,0.1959900000000001,0.0,0.0,0.0,0.0076314904117223,-0.0079163149013898,0.0105016241759892,0.0118943080515183,0.012327641203398028,0.008532133756607687
2023-03-29,-40.5,-6.260009765625,0.3899993896484375,-0.4300003051757812,19.96999931335449,0.02,0.0,-24.040000000000006,-0.0872899999999994,0.0,0.0,0.0,0.011633849156573,0.0076314904117223,-0.0079163149013898,0.0105016241759892,0.010496406825923793,0.008716914267512432
2023-03-30,-46.5,56.5400390625,-0.2299957275390625,0.2099990844726562,19.1200008392334,0.02,0.0,9.240000000000007,0.0169999999999994,0.0,0.0,0.0,-0.0044671818749586,0.011633849156573,0.0076314904117223,-0.0079163149013898,0.008370609071582642,0.009144242672426018
2023-03-31,-29.5,23.02001953125,1.4000015258789062,-0.5,19.020000457763672,-0.02,0.0,-44.23,-0.04265,0.0,0.0,0.0,-0.0005397759591042,-0.0044671818749586,0.011633849156573,0.0076314904117223,0.009028523871495898,0.009190479823006574
2023-04-03,-11.5,58.47998046875,1.2999954223632812,0.3700027465820454,18.700000762939453,-0.0699999999999998,0.0,62.21000000000001,0.0565100000000002,0.0,0.0,0.0,0.0032126236129219,-0.0005397759591042,-0.0044671818749586,0.011633849156573,0.00819232633883086,0.009189916102071838
2023-04-04,-32.0,15.19970703125,4.75,-0.4200057983398579,18.549999237060547,-0.0499999999999998,0.0,5.389999999999986,-0.0166700000000004,0.0,0.0,0.0,0.0008789550816488,0.0032126236129219,-0.0005397759591042,-0.0044671818749586,0.006385665764083136,0.009211981686977106
2023-04-05,-73.0,-23.90966796875,0.2900009155273437,-0.5,19.0,-0.08,0.0,4.150000000000006,-0.0425299999999992,0.0,0.0,0.0,-0.0019781099737693,0.0008789550816488,0.0032126236129219,-0.0005397759591042,0.005993953428254337,0.009097921789684915
2023-04-06,43.0,-10.22021484375,-0.0999984741210937,0.2600021362304687,19.07999992370605,-0.0500000000000002,0.0,-46.02,0.0353399999999997,0.0,-0.5,0.0,-0.0039536928189504,-0.0019781099737693,0.0008789550816488,0.0032126236129219,0.0028973715554990002,0.009107175348562858
2023-04-10,-2.0,14.64013671875,0.089996337890625,-0.029998779296875,18.39999961853028,0.0,0.0,-68.11000000000001,-0.02001,0.0,0.0,0.0,-0.0031746227543129,-0.0039536928189504,-0.0019781099737693,0.0008789550816488,0.002729312941031475,0.009048935217837544
2023-04-11,-50.0,4.08984375,-0.9599990844726562,0.7600021362304545,18.96999931335449,0.1100000000000003,0.0,76.25,0.0478899999999997,0.0,0.0,0.0,0.0059015753809521,-0.0031746227543129,-0.0039536928189504,-0.0019781099737693,0.0029869135545859665,0.009074404669208058
2023-04-12,49.0,-0.169921875,1.7900009155273438,-0.3800048828124716,19.100000381469727,0.02,0.0,38.72999999999999,0.0010200000000004,0.0,0.0,0.0,-0.0018148198292976,0.0059015753809521,-0.0031746227543129,-0.0039536928189504,0.004004436041161315,0.009140301515838325
2023-04-13,-42.0,-16.989990234375,1.7300033569335938,-0.6999969482422017,19.09000015258789,-0.02,0.0,-45.56,-0.0708600000000005,0.0,0.0,0.0,-0.0019677818037235,-0.0018148198292976,0.0059015753809521,-0.0031746227543129,0.003959342787146598,0.00907193183697385
2023-04-14,-89.5,54.270263671875,-1.0999984741210938,-0.489997863769517,17.799999237060547,0.04,0.0,148.23000000000002,0.0393100000000004,0.0,0.0,0.0,0.0048479448691691,-0.0019677818037235,-0.0018148198292976,0.0059015753809521,0.00395871013245331,0.009057098071025798
2023-04-17,-103.5,-8.580078125,0.3599929809570312,0.5400009155273153,17.06999969482422,0.0699999999999998,0.0,-219.85,-0.0381799999999996,0.0,0.0,0.0,-0.0045556203428334,0.0048479448691691,-0.0019677818037235,-0.0018148198292976,0.004263180318771988,0.007540395743709733
2023-04-18,-27.0,13.6796875,-1.6899948120117188,0.5499954223632955,16.950000762939453,0.08,0.0,13.14,0.0980799999999995,0.0,0.0,0.0,0.0050296408462764,-0.0045556203428334,0.0048479448691691,-0.0019677818037235,0.00461214978361452,0.007619361572531534
2023-04-26,167.0,3.55029296875,0.029998779296875,-0.3499984741210937,16.829999923706055,-0.02,0.0,135.18,0.32484,0.0,0.0,0.0,0.0128664954442412,0.0050296408462764,-0.0045556203428334,0.0048479448691691,0.004365928918924262,0.0072325815588961916
2023-04-27,75.0,-98.880126953125,-6.55999755859375,-0.279998779296875,18.84000015258789,-0.1499999999999999,0.0,-51.45000000000002,-0.3829099999999998,0.0,0.0,0.0,0.0050997565516843,0.0128664954442412,0.0050296408462764,-0.0045556203428334,0.0068255094666885546,0.006827534584913741
2023-04-28,-93.5,79.360107421875,0.4599990844726562,0.029998779296875,17.030000686645508,0.0999999999999996,0.0,21.94,0.0078899999999997,0.0,0.0,0.0,-0.0042941868681436,0.0050997565516843,0.0128664954442412,0.0050296408462764,0.00617736880612103,0.00628862289232617
2023-05-02,-157.5,34.1298828125,2.0199966430664062,0.1699981689453267,15.779999732971191,-0.0899999999999998,0.0,-62.96,0.1082100000000005,0.0,0.0,0.0,-0.0076078450455613,-0.0042941868681436,0.0050997565516843,0.0128664954442412,0.007348858393911333,0.006047119886587917
2023-05-03,-12.5,-49.89990234375,-5.1199951171875,0.2900009155273295,17.780000686645508,0.0,0.0,155.51,-0.0854300000000005,0.0,0.0,0.0,-0.0073968604813437,-0.0076078450455613,-0.0042941868681436,0.0050997565516843,0.008193840765802405,0.006007184341928864
2023-05-04,81.0,-28.830078125,-3.060005187988281,-0.6200027465820312,18.34000015258789,-0.06,0.0,-109.64,-0.0130999999999996,0.0,0.0,0.0,0.0045845086961304,-0.0073968604813437,-0.0076078450455613,-0.0042941868681436,0.008975409849872105,0.005968780832339282
2023-05-05,-72.0,-29.530029296875,-0.0400009155273437,0.0600051879882812,20.09000015258789,-0.0099999999999997,0.25,-34.91999999999999,-0.03017,0.0,0.0,0.0,-0.0082743154255286,0.0045845086961304,-0.0073968604813437,-0.0076078450455613,0.00631604935682801,0.005821430881693755
2023-05-08,19.5,75.030029296875,2.779998779296875,-0.19000244140625,17.190000534057617,0.0699999999999998,0.0,-4.069999999999993,-0.0764300000000002,0.0,-0.6399999999999997,0.0,-0.0026554050442012,-0.0082743154255286,0.0045845086961304,-0.0073968604813437,0.0053576779096787975,0.005533105595375467
2023-05-09,-32.0,1.8701171875,1.82000732421875,0.1600036621093892,16.979999542236328,0.08,0.0,210.41,0.1151400000000002,0.0,0.0,0.0,0.0015275897187859,-0.0026554050442012,-0.0082743154255286,0.0045845086961304,0.005430521364585212,0.005477219708268286
2023-05-10,82.0,-18.9501953125,0.5499954223632812,0.269996643066392,17.709999084472656,0.0099999999999997,0.0,-148.27999999999997,0.0171799999999997,0.0,0.0,0.0,0.0046976359713347,0.0015275897187859,-0.0026554050442012,-0.0082743154255286,0.005561958969171567,0.005491738165009965
2023-05-11,17.0,18.47021484375,-1.1500015258789062,-0.1599960327148437,16.940000534057617,-0.0999999999999996,0.0,-93.55,-0.0287100000000002,0.0,0.0,0.0300000000000002,-0.0082499650450248,0.0046976359713347,0.0015275897187859,-0.0026554050442012,0.005498445835662974,0.0055498420433579086
2023-05-12,-76.0,-7.02001953125,-1.6899948120117188,0.5799942016601705,16.93000030517578,-0.04,0.0,85.71,0.0539300000000002,0.0,0.0,0.0,-0.007156280382005,-0.0082499650450248,0.0046976359713347,0.0015275897187859,0.005796876381995481,0.005832272195100384
2023-05-15,79.5,-6.5400390625,-0.8300018310546875,0.620002746582017,17.030000686645508,0.0699999999999998,0.0,35.06,-0.0675999999999996,0.0,0.0,0.0,0.0005927269845711,-0.007156280382005,-0.0082499650450248,0.0046976359713347,0.005538649922298564,0.006010362775239618
2023-05-16,-27.5,12.19970703125,1.0699996948242188,-0.25,17.1200008392334,0.04,0.0,-91.18,-0.0177200000000006,0.0,0.0,0.0,-0.0052547880524254,0.0005927269845711,-0.007156280382005,-0.0082499650450248,0.005684961675692842,0.005971747139007848
2023-05-17,52.0,-26.3798828125,-0.25,0.1299972534179829,17.989999771118164,0.04,0.0,-31.959999999999997,-0.03099,0.0,0.0,0.0,-0.0020165704357067,-0.0052547880524254,0.0005927269845711,-0.007156280382005,0.005523917906581982,0.006036710348133241
2023-05-19,90.0,48.8701171875,1.970001220703125,0.3199996948241903,16.8700008392334,0.0299999999999998,0.0,46.400000000000006,-0.0440399999999998,0.0,0.0,0.0,0.0056043512262268,-0.0020165704357067,-0.0052547880524254,0.0005927269845711,0.0036659444014622796,0.005837041125697702
2023-05-22,31.0,33.2099609375,-1.279998779296875,0.3199996948242471,16.809999465942383,0.1300000000000003,0.0,-2.0400000000000063,0.0105200000000005,0.0,0.0,0.0,0.0043314270273603,0.0056043512262268,-0.0020165704357067,-0.0052547880524254,0.005027508202272907,0.006022037187081942
2023-05-23,2.0,0.64990234375,0.4399948120117187,0.0,17.209999084472656,0.02,0.0,287.21,0.0441099999999998,0.0,0.0,0.0,0.0010451413955272,0.0043314270273603,0.0056043512262268,-0.0020165704357067,0.004474340477833982,0.00611780144473774
2023-05-24,-32.0,-47.0498046875,0.9200057983398438,0.2900009155273153,18.530000686645508,-0.02,0.0,-241.72,-0.0281700000000002,0.0,0.0,0.0,0.0013528835906684,0.0010451413955272,0.0043314270273603,0.0056043512262268,0.004477430018815702,0.006003685058137485
2023-05-25,9.0,-30.33984375,1.42999267578125,0.4000015258789204,20.030000686645508,0.0299999999999998,0.0,144.55,-0.0656799999999995,0.0,0.0,0.0,-0.0061818982777235,0.0013528835906684,0.0010451413955272,0.0043314270273603,0.00299458365563012,0.005944083900419233
2023-05-26,50.900390625,36.03955078125,-2.509994506835937,0.3199996948242187,19.13999938964844,0.1,0.0,-63.70000000000002,0.0240999999999997,0.0,0.0,0.0,-0.0025733241067385,-0.0061818982777235,0.0013528835906684,0.0010451413955272,0.004575459176150556,0.005942806854625858
2023-05-29,24.099609375,54.17041015625,0.839996337890625,0.0,17.950000762939453,-0.0300000000000002,0.0,-17.55000000000001,-0.0696399999999997,0.0,0.0,0.0,-0.0008825375076867,-0.0025733241067385,-0.0061818982777235,0.0013528835906684,0.004052807323177553,0.0049912289024824415
2023-05-30,-22.0,0.0,0.0,0.0,17.950000762939453,0.0,0.0,-139.89999999999998,0.1352299999999999,0.0,0.0,0.0,-0.006709860454703,-0.0008825375076867,-0.0025733241067385,-0.0061818982777235,0.003084501498288093,0.004738863878537777
2023-05-31,12.0,0.06982421875,-3.209999084472656,-0.0400009155273295,17.459999084472656,-0.1099999999999998,0.0,30.709999999999997,-0.0454000000000007,0.0,0.0,0.0,-0.000476517923717,-0.006709860454703,-0.0008825375076867,-0.0025733241067385,0.0034460423307381446,0.004831887080132788
2023-06-05,19.0,-25.68994140625,-1.3700027465820312,0.150001525878892,17.940000534057617,-0.0499999999999998,0.0,153.69000000000003,0.11918,0.0,0.0,0.0,2.6499622860414743e-05,-0.000476517923717,-0.006709860454703,-0.0008825375076867,0.0029264187444163078,0.004661139678396698
2023-06-06,4.0,93.9599609375,4.060005187988281,-0.3199996948242187,14.729999542236328,0.0499999999999998,0.0,-131.78000000000003,-0.0594099999999997,0.0,-0.33,0.0,-0.0021904273818696,2.6499622860414743e-05,-0.000476517923717,-0.006709860454703,0.0027437237275932795,0.004475887710423184
2023-06-07,-133.5,10.06005859375,-0.410003662109375,0.1299972534179545,13.960000038146973,0.0100000000000002,0.0,-70.38,-0.0255499999999999,0.0,0.0,0.0,0.0001256970322549,-0.0021904273818696,2.6499622860414743e-05,-0.000476517923717,0.0027333416196051717,0.00425536959003489
2023-06-08,22.5,-16.330078125,0.7900009155273438,-0.0299987792968607,13.9399995803833,0.0899999999999998,0.0,56.37,-0.0272199999999998,0.0,0.0,0.0,0.0070111528321293,0.0001256970322549,-0.0021904273818696,2.6499622860414743e-05,0.002874242861769512,0.003974732197332118
2023-06-09,17.0,26.41015625,-1.2399978637695312,-0.7600021362304688,13.649999618530272,-0.06,0.0,-22.17,0.0543599999999999,0.0,0.0,0.0,0.0041456816656068,0.0070111528321293,0.0001256970322549,-0.0021904273818696,0.0035409842326430303,0.004363804219087221
2023-06-12,-53.0,4.9296875,-1.1200027465820312,0.2200012207031392,13.829999923706056,0.02,0.0,-38.69,-0.0416100000000003,0.0,0.0,0.0,0.0042260471784216,0.0041456816656068,0.0070111528321293,0.0001256970322549,0.0036921412368287267,0.004474190550875314
2023-06-13,-3.0,40.0703125,-3.049995422363281,0.0699996948241903,15.010000228881836,-0.02,0.0,146.24,0.0978500000000002,0.0,0.0,0.0,-0.0004997827585695,0.0042260471784216,0.0041456816656068,0.0070111528321293,0.003658604794525197,0.004445743754187964
2023-06-14,38.5,30.07958984375,2.299995422363281,-0.2900009155273295,14.609999656677246,0.1099999999999998,0.0,-93.42,-0.0453000000000001,0.0,0.0,0.0,-0.0028761850350923,-0.0004997827585695,0.0042260471784216,0.0041456816656068,0.003139076561631811,0.004071509692055779
2023-06-15,-2.5,3.580078125,-1.1500015258789062,-0.329994201660142,13.880000114440918,-0.0099999999999997,0.0,36.46,0.0034,0.0,0.0,0.0,0.0020990968606054,-0.0028761850350923,-0.0004997827585695,0.0042260471784216,0.003996606129823989,0.003793737341205662
2023-06-16,40.0,53.25,2.350006103515625,-0.8899993896484375,14.5,-0.1099999999999998,-0.0099999999999997,-76.41999999999999,0.0067399999999997,0.0,0.0,0.0,-0.0022737346952719,0.0020990968606054,-0.0028761850350923,-0.0004997827585695,0.0030784403625648484,0.0038222248218139506
2023-06-19,-12.0,-16.25,1.1599960327148438,0.1800003051757528,13.539999961853027,0.0499999999999998,0.0099999999999997,-14.420000000000002,-0.04448,0.0,0.0,0.0,-0.001865993908571,-0.0022737346952719,0.0020990968606054,-0.0028761850350923,0.002994433617283335,0.00366060205859141
2023-06-20,31.0,0.0,0.0,0.0,13.539999961853027,0.0,0.0,220.49,0.0996800000000002,0.0,0.0,0.0,-0.0038368123704789,-0.001865993908571,-0.0022737346952719,0.0020990968606054,0.0019819386604241836,0.00365603241856013
2023-06-21,80.0,-20.8798828125,-1.279998779296875,0.2399978637695454,13.880000114440918,-0.0299999999999998,-0.0099999999999997,-63.98999999999998,4.999999999988347e-05,0.0,0.0,0.0,0.0063114284449207,-0.0038368123704789,-0.001865993908571,-0.0022737346952719,0.0022763114477639835,0.0035248448277749134
2023-06-22,8.0,-23.02001953125,2.029998779296875,-0.470001220703125,13.199999809265137,-0.02,0.0,-147.69,-0.02008,0.0,0.0,0.0,-0.0075424091855902,0.0063114284449207,-0.0038368123704789,-0.001865993908571,0.004110218974190404,0.003685902176064775
2023-06-23,-73.0,16.2001953125,-3.0199966430664062,0.3199996948242187,12.90999984741211,0.0799999999999996,0.0,7.359999999999999,0.00028,0.0,0.0,0.0,-0.0018850932207737,-0.0075424091855902,0.0063114284449207,-0.0038368123704789,0.005077876180289109,0.004018279170087032
2023-06-26,-8.0,-33.56005859375,-0.3499984741210937,0.5100021362304688,13.4399995803833,-0.0599999999999996,0.0,1.269999999999996,-0.0192299999999994,0.0,0.0,0.0,0.0037483969427095,-0.0018850932207737,-0.0075424091855902,0.0063114284449207,0.005072577611113732,0.003999344871690308
2023-06-27,52.0,-19.51025390625,0.2099990844726562,-0.2099990844726704,14.25,-0.02,0.0,76.88000000000001,0.0409399999999999,0.0,0.0,0.0,-0.0004185724279337,0.0037483969427095,-0.0018850932207737,-0.0075424091855902,0.0056345696407644075,0.003910465055726281
2023-07-03,52.0,49.59033203125,-1.6700057983398438,-0.2000045776367187,13.739999771118164,0.0499999999999998,0.0,-22.94000000000001,0.2670099999999999,0.0,0.0,0.0,0.0052156673285572,-0.0004185724279337,0.0037483969427095,-0.0018850932207737,0.005350051084965625,0.0038739303338397404
2023-07-04,-53.0,77.1796875,2.090003967285156,0.5,13.56999969482422,0.0899999999999998,0.0099999999999997,-62.64,-0.3286199999999999,0.0,0.0,0.0,-0.002236716247231,0.0052156673285572,-0.0004185724279337,0.0037483969427095,0.005042687588155315,0.00405228730645355
2023-07-05,70.0,0.0,0.0,0.0,13.56999969482422,0.0,0.0,-4.509999999999991,0.0359899999999999,0.0,0.0,0.0,0.0055554044602324,-0.002236716247231,0.0052156673285572,-0.0004185724279337,0.0033938013741892734,0.0037692361414162026
2023-07-06,-46.0,-8.77001953125,2.0,0.3800048828125284,14.18000030517578,0.0900000000000003,0.0,76.47,0.06095,0.0,-0.48,0.0,0.0056920793382121,0.0055554044602324,-0.002236716247231,0.0052156673285572,0.003505086760883838,0.003937977981950343
2023-07-07,67.0,-35.22998046875,0.0100021362304687,-0.2000045776367187,15.4399995803833,0.0999999999999996,0.0,-96.51,0.0104999999999995,0.0,0.0,0.0,-0.0060669188937197,0.0056920793382121,0.0055554044602324,-0.002236716247231,0.0037918386352050366,0.004092133873218586
2023-07-10,112.2998046875,-12.6396484375,2.05999755859375,-0.9000015258789205,14.829999923706056,0.0099999999999997,0.0,52.76,-0.11111,0.0,0.0,0.0,0.0021683004946234,-0.0060669188937197,0.0056920793382121,0.0055554044602324,0.005453446978740298,0.004332236719779414
2023-07-11,-61.2998046875,10.57958984375,-0.8700027465820312,-0.2999954223632812,15.06999969482422,-0.0499999999999998,-0.0099999999999997,-54.35,0.0853299999999999,0.0,0.0,0.0,0.0097407523105415,0.0021683004946234,-0.0060669188937197,0.0056920793382121,0.005112421236243098,0.004341272745191588
2023-07-12,88.0,29.72998046875,1.840003967285156,-0.2399978637695312,14.84000015258789,-0.0199999999999995,0.0099999999999997,-1.3599999999999994,-0.0299100000000001,0.0,0.0,0.0,0.0016589560710236,0.0097407523105415,0.0021683004946234,-0.0060669188937197,0.0059422757990628804,0.004581939732039447
2023-07-13,-59.2001953125,32.900390625,0.9199981689453124,-1.2100067138671875,13.539999961853027,-0.1300000000000003,0.0,51.4,0.0121700000000002,0.0,0.0,0.0,0.0002942934626135,0.0016589560710236,0.0097407523105415,0.0021683004946234,0.005846606848560401,0.004524610695063972
2023-07-14,-228.7998046875,37.8798828125,1.1399993896484375,-0.75,13.609999656677246,-0.1,0.0,-13.269999999999996,-0.0753500000000002,0.0,0.0,0.0,0.0086783908822563,0.0002942934626135,0.0016589560710236,0.0097407523105415,0.005636409112853412,0.004454886551445539
2023-07-17,26.0,-4.6201171875,-1.470001220703125,0.1400070190429687,13.34000015258789,0.0700000000000002,0.0,130.7,0.0583300000000006,0.0,0.0,0.0,-0.0003534664954904,0.0086783908822563,0.0002942934626135,0.0016589560710236,0.004362350989606528,0.004790405775462538
2023-07-18,-3.0,17.3701171875,-1.2699966430664062,-0.07000732421875,13.479999542236328,-0.02,0.0,-50.70000000000002,-0.0056200000000004,0.0,0.0,0.0,-0.0053938922740567,-0.0003534664954904,0.0086783908822563,0.0002942934626135,0.004822056740741121,0.0047125567284380466
2023-07-20,31.5,32.18994140625,1.5999984741210938,0.1000061035156107,13.300000190734863,-0.0100000000000002,0.0,-51.74,-0.05701,0.0,0.0,0.0,0.0049634783923252,-0.0053938922740567,-0.0003534664954904,0.0086783908822563,0.005064607170856118,0.004932871648396669
2023-07-21,9.5,-20.10986328125,-0.1200027465820312,0.9399948120117188,13.989999771118164,0.0500000000000002,0.0,155.97000000000003,0.0167600000000005,0.0,0.0,0.0,0.0024172880714719,0.0049634783923252,-0.0053938922740567,-0.0003534664954904,0.0053815635516524345,0.004956323999548653
2023-07-24,59.5,1.4697265625,1.44000244140625,0.1900024414062642,13.600000381469728,-0.0100000000000002,0.0,-179.4,-0.0316499999999999,0.0,0.0,0.0,0.0026986912522396,0.0024172880714719,0.0049634783923252,-0.0053938922740567,0.005332594165316373,0.0049082043958548986
2023-07-25,-33.5,18.30029296875,1.6699981689453125,0.279998779296875,13.90999984741211,0.02,0.0,24.89,0.0552899999999993,0.0,0.0,0.0,0.0026510545544534,0.0026986912522396,0.0024172880714719,0.0049634783923252,0.003975799605664322,0.00475384226146272
2023-07-26,3.5,12.81982421875,0.8899993896484375,0.0,13.859999656677246,0.0500000000000002,0.0,-67.91,-0.0945799999999996,0.0,0.0,0.0,0.0044090499376846,0.0026510545544534,0.0026986912522396,0.0024172880714719,0.003972382766265046,0.004638549730126165
2023-07-27,10.5,-0.7099609375,-0.8499984741210938,-0.4599990844726562,13.1899995803833,-0.0500000000000002,0.0,182.75,0.04624,0.0,0.0,0.0,-0.0074562915736441,0.0044090499376846,0.0026510545544534,0.0026986912522396,0.001170173802537627,0.004145175652129335
2023-07-28,-25.0,-29.33984375,1.30999755859375,0.8799972534179688,14.40999984741211,0.1499999999999999,0.25,-125.18,-0.0018400000000005,0.0,0.0,0.0,0.0005170576583509,-0.0074562915736441,0.0044090499376846,0.0026510545544534,0.004762746685694082,0.004595268413439407
2023-07-31,88.0,44.81982421875,0.4900054931640625,-0.1499938964843608,13.329999923706056,-0.0499999999999998,0.0,-12.980000000000004,0.0091299999999998,0.0,0.0,0.0,0.004501139978282,0.0005170576583509,-0.0074562915736441,0.0044090499376846,0.00469106578908912,0.0045835875427970695
2023-08-01,-7.0,6.72998046875,1.220001220703125,0.239997863769517,13.630000114440918,0.0100000000000002,0.0,-1.1599999999999966,0.1236500000000004,0.0,0.0,0.0,-0.0064934753866679,0.004501139978282,0.0005170576583509,-0.0074562915736441,0.004957799639121384,0.004593832666857908
2023-08-02,16.0,-12.22998046875,-0.4300003051757812,0.4400024414062358,13.93000030517578,0.0799999999999996,0.0,70.6,-0.0906700000000002,0.0,0.0,0.0,-0.0046556105465434,-0.0064934753866679,0.004501139978282,0.0005170576583509,0.005780099510135263,0.004896299979592981
2023-08-03,27.0,-63.33984375,-1.8800048828125,0.2899932861328267,16.09000015258789,0.0300000000000002,0.0,-30.19999999999999,0.0225400000000002,0.0,0.0,0.0,0.0063359030313145,-0.0046556105465434,-0.0064934753866679,0.004501139978282,0.005075468809640555,0.005019122467399713
2023-08-04,89.0,-11.5,2.060005187988281,-0.0499954223632812,15.920000076293944,0.1200000000000001,0.0,-59.38,-0.0099099999999996,0.0,0.0,0.0,-0.0065792715260419,0.0063359030313145,-0.0046556105465434,-0.0064934753866679,0.00557904120119275,0.005057035659034153
2023-08-07,-59.0,-23.8603515625,1.2699966430664062,-0.5200042724609375,17.100000381469727,-0.1500000000000003,0.0,-1.6300000000000026,-0.0275700000000007,0.0,0.0,0.0,0.004880118355724,-0.0065792715260419,0.0063359030313145,-0.0046556105465434,0.0062855515137741425,0.005239215994842803
2023-08-08,2.0,40.41015625,-0.8799972534179688,0.030006408691392,15.770000457763672,0.04,0.0,-1.2800000000000011,0.1044400000000003,0.0,-0.4399999999999999,0.0,-0.0025522360603759,0.004880118355724,-0.0065792715260419,0.0063359030313145,0.006375811009909547,0.005063750600831968
2023-08-09,69.0,-19.06005859375,0.9799957275390624,0.4799957275390767,15.989999771118164,-0.0700000000000002,0.0,-9.409999999999997,-0.0363699999999997,0.0,0.0,0.0,0.000916598228746,-0.0025522360603759,0.004880118355724,-0.0065792715260419,0.005790348585687034,0.005128255608373114
2023-08-10,-24.7998046875,-31.669921875,1.4800033569335938,-0.0400009155273579,15.960000038146973,-0.0199999999999995,0.0,27.36,-0.0258200000000003,0.0,0.0,0.1299999999999999,0.0026385185309727,0.000916598228746,-0.0025522360603759,0.004880118355724,0.0053103380951626455,0.004699524933447189
2023-08-11,-0.2001953125,1.1201171875,-1.5800018310546875,0.0299987792968892,15.850000381469728,0.0899999999999998,0.0,-30.51,0.0073699999999998,0.0,0.0,0.0,-0.0019308259731092,0.0026385185309727,0.000916598228746,-0.0025522360603759,0.004508914813111989,0.004716524274812234
2023-08-14,52.0,-4.7802734375,0.3700027465820312,0.3199996948242187,14.84000015258789,0.0700000000000002,0.0,123.56,-0.0284199999999996,0.0,0.0,0.0,0.0043789106593829,-0.0019308259731092,0.0026385185309727,0.000916598228746,0.0031118945575592622,0.004750752583327479
2023-08-15,58.0,25.67041015625,-0.6800003051757812,0.3500061035156108,14.81999969482422,0.0300000000000002,0.0,66.22999999999999,0.0546300000000004,0.0,0.0,0.0,0.0007130708298806,0.0043789106593829,-0.0019308259731092,0.0026385185309727,0.0029511419968317383,0.004449373641419455
2023-08-16,30.0,-51.8603515625,-1.5200042724609375,0.0199966430664204,16.459999084472656,0.0199999999999995,0.0,-183.2,-0.0687600000000001,0.0,0.0,0.0,-0.0021081896401827,0.0007130708298806,0.0043789106593829,-0.0019308259731092,0.0023554026834180716,0.0044475881339771355
2023-08-18,-35.5,-33.52978515625,-1.6100006103515625,0.2099990844726704,16.780000686645508,0.0700000000000002,0.0,75.22000000000001,0.0501300000000002,0.0,0.0,0.0,-0.0059047624206057,-0.0021081896401827,0.0007130708298806,0.0043789106593829,0.002832501089215811,0.00428193113339057
2023-08-21,51.0,-34.6201171875,1.8700027465820312,-0.0400009155273721,17.299999237060547,-0.0200000000000004,0.0,-91.62,-0.1027600000000008,0.0,0.0,0.0,0.0008919012886052,-0.0059047624206057,-0.0021081896401827,0.0007130708298806,0.003808349851654381,0.004375905371640074
2023-08-22,-84.5,30.06005859375,-0.529998779296875,-0.0499954223632812,17.1299991607666,0.08,0.0,93.20999999999998,0.1494400000000002,0.0,0.0,0.0,0.0073161295557179,0.0008919012886052,-0.0059047624206057,-0.0021081896401827,0.0038394685456353645,0.004344162465994083
2023-08-23,40.900390625,-12.22021484375,-0.3700027465820312,0.2299957275390909,16.969999313354492,0.0,0.0,-77.44999999999999,-0.0403199999999994,0.0,0.0,0.0,0.0007168682186259,0.0073161295557179,0.0008919012886052,-0.0059047624206057,0.004847046658837565,0.004615375384184709
2023-08-24,-1.900390625,48.4599609375,-1.4599990844726562,-0.1999969482422017,15.979999542236328,-0.1499999999999994,0.0,88.52000000000001,-0.06257,0.0,0.0,0.0,-0.0031862238734796,0.0007168682186259,0.0073161295557179,0.0008919012886052,0.0048471510437411115,0.004579751628769544
2023-08-25,-22.900390625,-59.69970703125,0.160003662109375,0.6200027465820312,17.200000762939453,0.04,0.0,-64.74000000000001,0.0603899999999999,0.0,0.0,0.0,-0.0005725648576547,-0.0031862238734796,0.0007168682186259,0.0073161295557179,0.004996195163561981,0.0045116359057572435
2023-08-28,-55.099609375,29.39990234375,0.779998779296875,0.0999984741210795,15.68000030517578,0.0199999999999995,0.0,60.88,-0.0467400000000006,0.0,0.0,0.0,0.0038045723604614,-0.0005725648576547,-0.0031862238734796,0.0007168682186259,0.003872249137245601,0.0041925055121278445
2023-08-29,49.0,27.60009765625,0.2699966430664062,-0.020004272460909,15.079999923706056,-0.0499999999999998,0.0,-67.22,0.0659100000000005,0.0,0.0,0.0,0.0052030448200303,0.0038045723604614,-0.0005725648576547,-0.0031862238734796,0.004060201160638634,0.0042777893459412485
2023-08-30,-32.5,64.31982421875,1.0600051879882812,-0.5099945068359659,14.449999809265137,-0.08,0.0,-0.9299999999999926,-0.0829500000000003,0.0,0.0,0.0,0.0012669478743369,0.0052030448200303,0.0038045723604614,-0.0005725648576547,0.0033698031110653438,0.004318007583818186
2023-08-31,-59.0,17.240234375,0.4699935913085937,-0.3899993896484233,13.880000114440918,0.0,0.0,-2.260000000000005,-0.0220599999999997,0.0,0.0,0.0,-0.0019247243566905,0.0012669478743369,0.0052030448200303,0.0038045723604614,0.003359329844983519,0.004024456052261195
2023-09-01,19.5,-7.2099609375,2.0,0.4599990844726704,13.56999969482422,-0.0300000000000002,0.0,100.2,0.0050499999999997,0.0,0.0,0.0,0.0035021490545648,-0.0019247243566905,0.0012669478743369,0.0052030448200303,0.0029617053207225052,0.003881299457980809
2023-09-04,15.0,8.10986328125,1.920005798339844,0.6199951171874716,13.09000015258789,0.0899999999999998,0.0,-109.76,-0.0356399999999998,0.0,0.0,0.0,0.0027330258312668,0.0035021490545648,-0.0019247243566905,0.0012669478743369,0.002785106945500946,0.0037134069875011328
2023-09-05,2.0,0.0,0.0,0.0,13.09000015258789,0.0,0.0,-16.090000000000003,0.0814899999999996,0.0,0.0,0.0,-0.0007208789422007,0.0027330258312668,0.0035021490545648,-0.0019247243566905,0.0026866467548076027,0.003333749871572133
2023-09-06,-6.0,-18.93994140625,1.1399993896484375,0.5699996948242472,14.010000228881836,0.0899999999999998,0.0,25.1,-0.0199199999999999,0.0,0.1899999999999999,0.0,0.0006069802917767,-0.0007208789422007,0.0027330258312668,0.0035021490545648,0.0022829098292552683,0.0032276731491797757
2023-09-07,71.0,-31.35009765625,0.8499984741210938,0.0500030517577982,14.449999809265137,0.0300000000000002,0.0,-25.37,0.03512,0.0,0.0,0.0,-0.0058986227562188,0.0006069802917767,-0.0007208789422007,0.0027330258312668,0.00228062075068171,0.0031330074505155087
2023-09-08,38.0,-14.33984375,-0.6699981689453125,0.1999969482422017,14.399999618530272,-0.0300000000000002,0.0,54.63999999999999,-0.00896,0.0,0.0,0.0,-0.0043269825300647,-0.0058986227562188,0.0006069802917767,-0.0007208789422007,0.0037217739461343716,0.003484021441370982
2023-09-11,6.0,6.35009765625,0.6399993896484375,0.0299987792968607,13.84000015258789,-0.0099999999999997,0.0,-58.61,-0.1150999999999999,0.0,0.0,0.0,0.0055606135029516,-0.0043269825300647,-0.0058986227562188,0.0006069802917767,0.0035462074149802485,0.0036127898360777126
2023-09-12,-24.0,29.9697265625,-0.220001220703125,-0.5199966430664062,13.800000190734863,0.0300000000000002,0.0,45.13000000000001,0.1467800000000005,0.0,0.0,0.0,-0.0042344542000811,0.0055606135029516,-0.0043269825300647,-0.0058986227562188,0.004493258381542862,0.0037624393143342347
2023-09-13,21.099609375,-25.56005859375,1.5499954223632812,0.1399993896484375,14.229999542236328,-0.0200000000000004,0.0,17.529999999999987,-0.0632100000000006,0.0,0.0,0.0,0.000217288566266,-0.0042344542000811,0.0055606135029516,-0.0043269825300647,0.004716539535577765,0.0038002041327147742
2023-09-14,11.1005859375,5.5400390625,-0.3199996948242187,0.05999755859375,13.479999542236328,-0.0199999999999995,0.0,33.2,-0.0316099999999996,0.0,0.0,0.0,0.0034339380838088,0.000217288566266,-0.0042344542000811,0.0055606135029516,0.004672761388495724,0.0037981046301699003
2023-09-15,2.7998046875,37.66015625,1.6400070190429688,0.6400070190429688,12.81999969482422,0.04,0.0,-21.22,0.0324900000000001,0.0,0.0,0.0,0.0033650582807688,0.0034339380838088,0.000217288566266,-0.0042344542000811,0.0044533229974717025,0.0038269647572810716
2023-09-18,42.0,-54.7802734375,0.6099929809570312,-0.0900039672851562,13.789999961853027,0.04,0.0,-48.0,0.01295,0.0,0.0,0.0,-0.006711488739725,0.0033650582807688,0.0034339380838088,0.000217288566266,0.0038109878004495127,0.0035730254138005017
2023-09-19,-49.0,3.2099609375,0.7100067138671875,-0.120002746582017,14.0,-0.0099999999999997,0.0,0.1300000000000025,0.0260299999999995,0.0,0.0,0.0,0.0063576686311418,-0.006711488739725,0.0033650582807688,0.0034339380838088,0.0045565612960870245,0.003956479208009246
2023-09-20,31.0,-9.57958984375,-0.280006408691392,0.0,14.109999656677246,0.0499999999999998,0.0,82.9,-0.0096899999999999,0.0,0.0,0.0,0.0044826185959823,0.0063576686311418,-0.006711488739725,0.0033650582807688,0.004993723719398238,0.0038746272878346258
2023-09-21,7.5,-41.75,-0.9199981689453268,-0.0399932861328267,15.140000343322754,-0.0200000000000004,0.0,-63.86,-0.0541299999999997,0.0,0.0,0.0,-0.0028872575734684,0.0044826185959823,0.0063576686311418,-0.006711488739725,0.005118352003695439,0.003977908486441738
2023-09-22,-23.5,-72.2001953125,-0.6500015258789062,0.1999969482421875,17.540000915527344,0.1400000000000005,0.0,23.629999999999995,0.0625900000000001,0.0,0.0,0.0,0.0036233415205485,-0.0028872575734684,0.0044826185959823,0.0063576686311418,0.0054994004969702625,0.003963277005210442
2023-09-25,39.5,-9.93994140625,0.4000015258789062,0.2200012207031108,17.200000762939453,-0.0499999999999998,0.0,-63.69,-0.09593,0.0,0.0,0.0,-0.0026347617621002,0.0036233415205485,-0.0028872575734684,0.0044826185959823,0.005529225643201033,0.004005271099274924
2023-09-26,-32.5,17.3798828125,-0.3499984741210937,0.4199981689453267,16.899999618530273,0.1099999999999994,0.0,-28.11,0.0983499999999999,0.0,0.0,0.0,-0.0107140928460568,-0.0026347617621002,0.0036233415205485,-0.0028872575734684,0.004269958247390509,0.0040159822042029275
2023-09-27,37.0,-63.91015625,0.7099990844726562,0.2300033569335937,18.940000534057617,0.0099999999999997,0.0,128.78,0.0121099999999998,0.0,0.0,0.0,0.0020240516009964,-0.0107140928460568,-0.0026347617621002,0.0036233415205485,0.006125206324765043,0.004582672404705132
2023-09-29,88.0,0.97998046875,3.290000915527344,0.4399948120117329,18.21999931335449,0.0500000000000007,0.0,6.569999999999993,-0.0284599999999999,0.0,0.0,0.0,0.0002974501325888,0.0020240516009964,-0.0107140928460568,-0.0026347617621002,0.005587289274412649,0.004598919006795929
2023-10-02,-19.0,13.5400390625,-2.889999389648437,-0.5,17.520000457763672,-0.0200000000000004,0.0,-13.95999999999998,0.0156600000000004,0.0,0.0,0.0,0.0031028511861006,0.0002974501325888,0.0020240516009964,-0.0107140928460568,0.0056587044336635535,0.0045820559945784056
2023-10-03,-26.0,0.34033203125,-1.970001220703125,0.7300033569335795,17.610000610351562,0.1000000000000005,0.0,-59.05000000000001,-0.0308299999999999,0.0,0.0,0.0,-0.0029594705922705,0.0031028511861006,0.0002974501325888,0.0020240516009964,0.005544978733115079,0.004566395169632721
2023-10-04,68.0,-58.93994140625,0.410003662109375,0.0999984741210937,19.780000686645508,0.1199999999999992,0.0,23.370000000000005,0.00434,0.0,0.0,0.0,-0.007855571620365,-0.0029594705922705,0.0031028511861006,0.0002974501325888,0.005562223112484477,0.004556853736633998
2023-10-05,106.0,34.2998046875,-5.010002136230469,-0.1999969482422017,18.57999992370605,-0.0799999999999991,0.0,81.54999999999998,-0.0084600000000003,0.0,0.0,0.0,-0.0017076752153442,-0.007855571620365,-0.0029594705922705,0.0031028511861006,0.004429150945907498,0.004852884515352416
2023-10-06,-31.0,-5.56005859375,-1.910003662109375,-0.470001220703125,18.489999771118164,-0.0100000000000006,0.0,-133.95999999999998,0.0526900000000001,0.0,-0.9900000000000002,0.0,0.0019896180478973,-0.0017076752153442,-0.007855571620365,-0.0029594705922705,0.004076061004221923,0.004846226010153833
2023-10-09,40.0,50.31005859375,0.4800033569335937,-0.2900009155273295,17.450000762939453,0.0600000000000005,0.0,47.46999999999999,-0.0680800000000001,0.0,0.0,0.0,0.0004262724944988,0.0019896180478973,-0.0017076752153442,-0.007855571620365,0.00435686739886211,0.00473543774381202
2023-10-10,-28.0,27.16015625,3.589996337890625,0.0400009155273295,17.700000762939453,0.0,0.0,168.67000000000002,0.0633299999999996,0.0,0.0,0.0,0.0044496532473427,0.0004262724944988,0.0019896180478973,-0.0017076752153442,0.003778072411539817,0.004650662743405685
2023-10-11,88.400390625,22.580078125,-0.4099960327148437,-0.25,17.030000686645508,-0.1200000000000001,0.0,-120.86,-0.0279699999999998,0.0,0.0,0.0,0.0013808262908958,0.0044496532473427,0.0004262724944988,0.0019896180478973,0.004666646065875637,0.004583873146977205
2023-10-12,27.099609375,18.7099609375,-2.4800033569335938,-0.0100021362304545,16.09000015258789,-0.08,0.0,49.5,-0.0419799999999996,0.0,0.0,0.0,0.0004900804582857,0.0013808262908958,0.0044496532473427,0.0004262724944988,0.002247867434710509,0.004501216942885217
2023-10-13,-25.5,-27.34033203125,-0.5799942016601562,0.75,16.690000534057617,0.1200000000000001,0.0,-3.0600000000000023,-0.0343900000000001,0.0,0.0,0.0,-0.0012077819418479,0.0004900804582857,0.0013808262908958,0.0044496532473427,0.0016447985237632873,0.004502374167807946
2023-10-16,46.0,-21.830078125,4.779998779296875,0.0800018310546875,19.31999969482422,-0.0700000000000002,0.0,-130.95000000000002,-0.0306899999999998,0.0,0.0,0.0,-0.0044111530195984,-0.0012077819418479,0.0004900804582857,0.0013808262908958,0.002088689983229171,0.004435050899164161
2023-10-17,-63.0,45.85009765625,-1.029998779296875,-0.4100036621093892,17.209999084472656,0.08,0.0,77.54000000000002,0.1325599999999998,0.0,0.0,0.0,0.0062624565295027,-0.0044111530195984,-0.0012077819418479,0.0004900804582857,0.003269741074083967,0.004443736405863367
2023-10-18,-1.0,-0.4296875,0.0,0.0100021362304829,17.8799991607666,0.1200000000000001,0.0,-38.500000000000014,0.00312,0.0,0.0,0.0,-0.0016887626047107,0.0062624565295027,-0.0044111530195984,-0.0012077819418479,0.0039056932839764418,0.004455150657380326
2023-10-19,53.2001953125,-58.60009765625,1.6599960327148438,0.3199996948242187,19.21999931335449,0.08,0.0,-7.469999999999999,-0.0009100000000001,0.0,0.0,0.0,-0.0118306936675666,-0.0016887626047107,0.0062624565295027,-0.0044111530195984,0.003973846603178888,0.00420978408877132
2023-10-20,78.7998046875,-36.60009765625,1.0500030517578125,-0.3199996948242187,21.39999961853028,0.0700000000000002,0.0,189.32,0.03071,0.25,0.0,0.0,0.0004003055038988,-0.0118306936675666,-0.0016887626047107,0.0062624565295027,0.006515264055559745,0.004762754346560706
2023-10-23,49.0,-53.83984375,-0.6200027465820312,-0.089996337890625,21.709999084472656,-0.0500000000000007,0.0,7.840000000000032,0.11409,0.0,0.0,0.0,-0.015775923044263,0.0004003055038988,-0.0118306936675666,-0.0016887626047107,0.00663817054363407,0.004757915159025417
2023-10-24,12.0,-7.1201171875,-3.2600021362304688,-0.6200027465820312,20.3700008392334,-0.0699999999999994,0.0,-136.62,0.0542800000000003,0.0,0.0,0.0,0.0095653028260331,-0.015775923044263,0.0004003055038988,-0.0118306936675666,0.00906405694146852,0.005652950466376124
2023-10-25,6.0,30.64013671875,-1.75,0.7299957275390625,18.96999931335449,-0.0300000000000002,0.0,-71.0,-0.01438,0.0,0.0,0.0,0.0040503936310347,0.0095653028260331,-0.015775923044263,0.0004003055038988,0.010107228020834911,0.0062113071336235386
2023-10-26,-6.0,-60.91015625,1.6500015258789062,0.2600021362304687,20.190000534057617,0.1200000000000001,0.0,44.33999999999999,-0.0041399999999995,0.0,0.0,0.0,-0.0176947507620881,0.0040503936310347,0.0095653028260331,-0.015775923044263,0.010723397897932462,0.005914880145316195
2023-10-27,9.5,-49.5400390625,-2.180000305175781,0.0699996948242187,20.68000030517578,-0.0899999999999998,0.0,-86.3,0.0191399999999992,0.0,0.0,0.0,0.0065721160620137,-0.0176947507620881,0.0040503936310347,0.0095653028260331,0.012189627274091504,0.006991220628132039
2023-10-30,42.5,-19.85986328125,2.3300018310546875,-0.0400009155273295,21.270000457763672,-0.0200000000000004,0.0,52.260000000000005,-0.0609699999999993,0.0,0.0,0.0,-0.0033940622980088,0.0065721160620137,-0.0176947507620881,0.0040503936310347,0.013017204844821516,0.007219601858533056
2023-10-31,-16.5,49.44970703125,-3.2300033569335938,-0.4399948120117187,19.75,0.04,0.0,73.92,0.0373199999999993,0.0,0.0,0.0,0.0024197406537601,-0.0033940622980088,0.0065721160620137,-0.0176947507620881,0.010903610861462621,0.0071559058067633885
2023-11-01,-60.5,26.97998046875,-1.2900009155273438,0.5400009155273295,18.13999938964844,0.0,0.0,-121.71,0.0301,0.0,0.0,0.0,-0.0163939484278529,0.0024197406537601,-0.0033940622980088,0.0065721160620137,0.009709891503587597,0.007204900161023798
2023-11-02,-94.2998046875,44.06005859375,-0.5799942016601562,0.2199935913085795,16.8700008392334,-0.1100000000000003,0.0,89.63,-0.01424,0.0,0.0,0.0,0.0162718021549722,-0.0163939484278529,0.0024197406537601,-0.0033940622980088,0.010955443075098341,0.007834391299970893
2023-11-03,151.2998046875,79.919921875,2.0199966430664062,-0.7599945068359091,15.65999984741211,-0.0999999999999996,0.0,-73.86999999999999,0.0089399999999999,0.0,0.0,0.0,0.0055337236192077,0.0162718021549722,-0.0163939484278529,0.0024197406537601,0.012125428437287762,0.008816165340921315
2023-11-06,-62.0,40.56005859375,-1.9499969482421875,-1.1000061035156392,14.90999984741211,-0.0999999999999996,0.0,13.879999999999995,-0.0255999999999998,0.0,0.0,0.0,0.013167867603843,0.0055337236192077,0.0162718021549722,-0.0163939484278529,0.012016573384294453,0.008912520844945322
2023-11-07,-255.900390625,7.64013671875,0.30999755859375,0.2000045776367187,14.890000343322754,0.0999999999999996,0.0,270.86,0.0314199999999997,0.0,0.2800000000000002,0.0,-0.005107765043046,0.013167867603843,0.0055337236192077,0.0162718021549722,0.012798534197102153,0.009439255262817895
2023-11-08,-12.099609375,12.39990234375,-3.4499969482421875,0.3199996948242187,14.8100004196167,-0.0899999999999998,0.0,-220.29,-0.0143599999999999,0.0,0.0,0.0,-0.0058154302880046,-0.005107765043046,0.013167867603843,0.0055337236192077,0.013484620467246525,0.009439174265344139
2023-11-09,73.599609375,4.39990234375,-2.040000915527344,0.0499954223632812,14.449999809265137,-0.0899999999999998,0.0,-3.25,0.0241100000000002,0.0,0.0,0.0,0.0050031046206002,-0.0058154302880046,-0.005107765043046,0.013167867603843,0.010161354088488403,0.009497891039232043
2023-11-10,-27.599609375,-35.4296875,0.4099960327148437,0.32000732421875,15.289999961853027,0.1299999999999999,0.0,23.370000000000005,-0.0279299999999995,0.0,0.0,-0.2299999999999995,-0.0042454337228317,0.0050031046206002,-0.0058154302880046,-0.005107765043046,0.00800438992474865,0.00958658432548859
2023-11-13,97.7001953125,67.89013671875,1.4300003051757812,-0.0500030517578125,14.170000076293944,-0.0099999999999997,0.0,-14.750000000000014,-0.0087100000000006,0.0,0.0,0.0,0.0042570012002835,-0.0042454337228317,0.0050031046206002,-0.0058154302880046,0.008284823185180352,0.009618999726364165
2023-11-14,-30.7001953125,-3.6904296875,1.0900039672851562,-0.1999969482421875,14.760000228881836,0.0199999999999995,0.0,-11.75,0.02306,0.0,0.0,0.0,0.0034660659101541,0.0042570012002835,-0.0042454337228317,0.0050031046206002,0.005340954651779742,0.009645607334320312
2023-11-15,-16.0,84.150390625,0.0,-1.5500030517578125,14.15999984741211,-0.1899999999999995,0.0,82.23,-0.0176400000000001,0.0,0.0,0.0,0.0139145648362298,0.0034660659101541,0.0042570012002835,-0.0042454337228317,0.005137822783980198,0.009563528189103884
2023-11-16,-386.0,7.1796875,-1.5999984741210938,0.279998779296875,14.18000030517578,0.0899999999999998,0.0,-129.62,0.0397899999999999,0.0,0.0,0.0,-2.835047531441136e-05,0.0139145648362298,0.0034660659101541,0.0042570012002835,0.0064516593240657736,0.010088783456044687
2023-11-17,206.7998046875,5.3603515625,-3.7600021362304688,-0.019996643066392,14.31999969482422,-0.08,0.0,80.41,-0.0022399999999995,0.0,0.0,0.0,0.0028215595141285,-2.835047531441136e-05,0.0139145648362298,0.0034660659101541,0.006735626478139078,0.009683973972521805
2023-11-20,-12.7998046875,5.77978515625,2.9899978637695312,-0.5500030517578267,13.800000190734863,-0.0099999999999997,0.0,19.350000000000023,-0.0157899999999999,0.0,0.0,0.0,0.0024648637478387,0.0028215595141285,-2.835047531441136e-05,0.0139145648362298,0.0052995186169131105,0.009693734379913499
2023-11-21,-75.599609375,33.35986328125,1.7099990844726562,-0.3499984741210937,13.40999984741211,-0.0200000000000004,0.0,-125.68,0.0470199999999998,0.0,0.0,0.0,-0.0047429920001181,0.0024648637478387,0.0028215595141285,-2.835047531441136e-05,0.005412118417968599,0.00886167241797341
2023-11-22,-17.30078125,-9.18994140625,0.1699981689453125,0.1199951171875,13.350000381469728,-0.0099999999999997,0.0,252.53,0.0013899999999997,0.0,0.0,0.0,-0.0079080273087515,-0.0047429920001181,0.0024648637478387,0.0028215595141285,0.0068648690495839715,0.00878250420978113
2023-11-23,119.2001953125,18.43017578125,-0.6699981689453125,0.3300018310547017,12.850000381469728,0.0099999999999997,0.0,-229.48,-0.0163199999999994,0.0,0.0,0.0,0.0140019585376323,-0.0079080273087515,-0.0047429920001181,0.0024648637478387,0.004694126449876001,0.008977828502512218
2023-11-24,111.5,0.0,0.0,0.0,12.850000381469728,0.0,0.0,-50.510000000000005,-0.0173500000000004,0.0,0.0,0.0,0.0007544784841829,0.0140019585376323,-0.0079080273087515,-0.0047429920001181,0.008460401100704793,0.00836869575270431
2023-11-27,-117.7998046875,2.7197265625,-1.55999755859375,-0.5199966430664205,12.460000038146973,0.0499999999999998,0.0,79.2,-0.0633299999999996,0.0,0.0,0.0,0.0005383858770296,0.0007544784841829,0.0140019585376323,-0.0079080273087515,0.008419545837975247,0.008306417835802974
2023-11-28,65.0,-8.90966796875,-0.6800003051757812,-0.2000045776367045,12.6899995803833,-0.08,0.0,-5.560000000000002,0.0821499999999995,0.0,0.0,0.0,0.0039371813357768,0.0005383858770296,0.0007544784841829,0.0140019585376323,0.008374796558274195,0.008222567905429419
2023-11-29,-93.5,4.4599609375,1.5500030517578125,-0.4499969482422017,12.6899995803833,-0.0499999999999998,0.0,12.75,0.03967,0.0,0.0,0.0,-0.000708428159969,0.0039371813357768,0.0005383858770296,0.0007544784841829,0.00789470933803892,0.008233457315546228
2023-11-30,-207.5,-4.31005859375,1.4499969482421875,0.0199966430664062,12.979999542236328,-0.0700000000000002,0.0,-18.069999999999997,-0.0043299999999995,0.0,0.0,0.0,0.0063264134711611,-0.000708428159969,0.0039371813357768,0.0005383858770296,0.006006093431574151,0.0070402508723827455
2023-12-01,148.0,17.2197265625,-1.9000015258789065,0.7300033569335938,12.920000076293944,0.1000000000000005,0.0,63.96,0.0084999999999997,0.0,0.0,0.0,-0.0029468898187239,0.0063264134711611,-0.000708428159969,0.0039371813357768,0.0028874693297722877,0.00636315727006047
2023-12-04,142.2998046875,26.830078125,-1.8899993896484373,-0.2300033569335937,12.630000114440918,-0.1500000000000003,0.0,-109.35,-0.1110600000000001,0.0,0.0,0.0,0.0047612796328855,-0.0029468898187239,0.0063264134711611,-0.000708428159969,0.003700872739247006,0.00642431831970711
2023-12-05,-111.8994140625,-24.85009765625,-1.029998779296875,0.3700027465820312,13.079999923706056,0.0600000000000005,0.0,12.82,0.1110199999999999,0.0,0.0,0.0,0.0010222137312494,0.0047612796328855,-0.0029468898187239,0.0063264134711611,0.003921968742174576,0.005906378629616794
2023-12-06,82.5,-2.599609375,-0.720001220703125,0.4100036621093608,12.850000381469728,-0.1000000000000005,0.0,276.98,0.0164600000000003,0.0,0.2999999999999998,0.0,-0.0018973396966325,0.0010222137312494,0.0047612796328855,-0.0029468898187239,0.0038284535904745754,0.00569880856440182
2023-12-07,-62.900390625,-17.84033203125,-2.94000244140625,0.0999984741211079,12.970000267028809,-0.0599999999999996,0.0,-240.05,-0.0717300000000005,0.0,0.0,0.0,0.0066415610958688,-0.0018973396966325,0.0010222137312494,0.0047612796328855,0.004045499233951035,0.005484992347451079
2023-12-08,23.0,36.25,-0.0400009155273437,-0.6100006103515625,13.0600004196167,0.0199999999999995,0.0,-14.47,-0.0035499999999997,0.0,0.0,0.0,0.0034944363510593,0.0066415610958688,-0.0018973396966325,0.0010222137312494,0.004141718079640457,0.005543508309806814
2023-12-11,20.0,18.7802734375,1.8900070190429688,0.4700012207031392,12.350000381469728,0.0900000000000007,0.0,-8.980000000000004,-0.0364699999999995,0.0,0.0,0.0,-0.0099398745554341,0.0034944363510593,0.0066415610958688,-0.0018973396966325,0.0033283583568285264,0.005342141211558141
2023-12-12,60.2001953125,18.06982421875,0.089996337890625,0.0899963378906107,12.630000114440918,0.0,0.0,52.34,0.0430399999999995,0.0,0.0,0.0,0.0051388512605071,-0.0099398745554341,0.0034944363510593,0.0066415610958688,0.006318131353126326,0.006000254818456255
2023-12-13,86.7998046875,21.26025390625,-2.709999084472656,-0.2299957275390483,12.06999969482422,-0.0300000000000002,0.0,-80.06,0.0252300000000005,0.0,0.0,0.0,-0.0070372161857122,0.0051388512605071,-0.0099398745554341,0.0034944363510593,0.006759562660627811,0.006036271277699052
2023-12-14,-78.0,63.3896484375,0.8600006103515625,-1.0,12.1899995803833,-0.1600000000000001,0.0,58.83,-0.0727600000000006,0.0,0.0,0.0,0.0141287553431283,-0.0070372161857122,0.0051388512605071,-0.0099398745554341,0.007590671968168036,0.005643478026007093
2023-12-15,-294.0,12.4599609375,2.1100006103515625,-0.9100036621093892,12.479999542236328,-0.1200000000000001,0.0,-5.849999999999994,0.0320400000000002,0.0,0.0,0.0,0.0020841763814756,0.0141287553431283,-0.0070372161857122,0.0051388512605071,0.009745139668506623,0.006370548260563395
2023-12-18,193.0,-0.35986328125,-0.1500015258789062,0.590003967285142,12.279999732971191,-0.0099999999999997,0.0,-28.53000000000001,-0.0248699999999999,0.0,0.0,0.0,-0.0099875505773662,0.0020841763814756,0.0141287553431283,-0.0070372161857122,0.009680770144841633,0.006364887799700747
2023-12-19,-185.2001953125,21.3701171875,1.0400009155273438,-0.0400009155273153,12.5600004196167,0.04,0.0,203.35,0.0801199999999999,0.0,0.0,0.0,0.0095505747257911,-0.0099875505773662,0.0020841763814756,0.0141287553431283,0.009694099691506225,0.006856213299597932
2023-12-20,171.6005859375,27.81005859375,0.970001220703125,-0.3400039672851562,12.529999732971191,-0.02,0.0,367.62,-0.0235099999999999,0.0,0.0,0.0,0.0044172581509125,0.0095505747257911,-0.0099875505773662,0.0020841763814756,0.010358323467667909,0.0069826979996988085
2023-12-21,0.599609375,-70.02001953125,0.779998779296875,0.2400054931640483,13.670000076293944,-0.0700000000000002,0.0,-562.88,-0.0410900000000005,0.0,0.0,0.0,-0.0013927027427554,0.0044172581509125,0.0095505747257911,-0.0099875505773662,0.009122625087000846,0.00663482685561294
2023-12-22,63.0,48.39990234375,-0.3300018310546875,-0.57000732421875,13.649999618530272,0.0300000000000002,0.0,26.5,0.0565300000000004,0.0,0.0,0.0,0.0038623479159394,-0.0013927027427554,0.0044172581509125,0.0095505747257911,0.007286891743226242,0.006063699261916462
2023-12-27,-78.0,7.8798828125,-0.3300018310546875,-0.1399993896484233,13.029999732971191,0.0099999999999997,0.0,-43.96999999999999,-0.0205200000000003,0.0,0.0,0.0,0.0011595279107605,0.0038623479159394,-0.0013927027427554,0.0044172581509125,0.007399558317451351,0.006084876943316807
2023-12-28,-40.0,26.9501953125,0.5500030517578125,-0.7099990844726847,12.43000030517578,-0.1099999999999998,0.0,93.7,-0.0013800000000001,0.0,0.0,0.0,0.0079688322887506,0.0011595279107605,0.0038623479159394,-0.0013927027427554,0.004092571952274604,0.006080758821265368
2023-12-29,-27.0,1.77001953125,-2.340003967285156,0.2400054931640767,12.470000267028809,0.0499999999999998,0.0,22.870000000000005,-0.0526499999999998,0.0,0.0,0.0,-0.0042659021057973,0.0079688322887506,0.0011595279107605,0.0038623479159394,0.00353265416511407,0.006226328018321275
2024-01-02,52.0,-13.52001953125,-0.1199951171875,0.0999984741210795,12.449999809265137,0.04,0.0,-61.040000000000006,0.0532599999999998,0.0,0.0,0.0,0.0069594247397108,-0.0042659021057973,0.0079688322887506,0.0011595279107605,0.0047209670219262945,0.006352273194958499
2024-01-03,-42.0,-27.0,-1.2700042724609375,0.8699951171875284,13.199999809265137,0.0700000000000002,0.0,31.02,-0.06393,0.0,0.0,0.0,-0.0060943897921144,0.0069594247397108,-0.0042659021057973,0.0079688322887506,0.004929427428462523,0.0063783004456983835
2024-01-04,115.0,-38.02001953125,2.3199996948242188,0.2600021362304545,14.039999961853027,-0.04,0.0,23.89000000000001,-0.02156,0.0,0.0,0.0,0.0110217889911558,-0.0060943897921144,0.0069594247397108,-0.0042659021057973,0.006365120936333199,0.006535520877028407
2024-01-05,57.0,-16.1298828125,-0.5099945068359375,-0.0400009155273295,14.130000114440918,0.08,0.0,-43.610000000000014,0.0119900000000008,0.0,0.0,0.0,-0.0012432095842166,0.0110217889911558,-0.0060943897921144,0.0069594247397108,0.007748340698480615,0.006841271553822826
2024-01-08,-44.0,8.56005859375,1.6199951171875,-0.0099945068359517,13.350000381469728,0.0599999999999996,0.0,-12.36,-0.0054600000000002,0.0,-0.25,0.0,-0.0091627065802283,-0.0012432095842166,0.0110217889911558,-0.0060943897921144,0.0073936367971466415,0.0068742295660846305
2024-01-09,-33.5,66.2998046875,-3.040000915527344,-0.2000045776367187,13.079999923706056,-0.04,0.0,47.07000000000001,0.0720799999999997,0.0,0.0,0.0,-0.0115126024869034,-0.0091627065802283,-0.0012432095842166,0.0110217889911558,0.00854571759113793,0.007257219735787974
2024-01-10,18.0,-7.0400390625,1.470001220703125,0.3600006103515625,12.760000228881836,0.0099999999999997,0.0,872.8200000000002,-0.0519299999999995,0.0,0.0,0.0,0.0037558526216827,-0.0115126024869034,-0.0091627065802283,-0.0012432095842166,0.008929201663956032,0.0076852443185485885
2024-01-11,39.0,26.9501953125,-0.8699951171875,-0.2099990844726562,12.6899995803833,0.0200000000000004,0.0,-952.78,0.0055299999999993,0.0,0.0,0.0,-0.0010151417037579,0.0037558526216827,-0.0115126024869034,-0.0091627065802283,0.009265913533924253,0.007690901527789827
2024-01-12,20.5,-3.2099609375,0.649993896484375,-0.0699996948242187,12.4399995803833,-0.06,0.0,-16.599999999999994,-0.0062299999999995,0.0,0.0,0.0,0.0029284533729431,-0.0010151417037579,0.0037558526216827,-0.0115126024869034,0.006317041587435914,0.007304277575540789
2024-01-15,1.5,3.58984375,0.660003662109375,0.1100006103515625,12.699999809265137,-0.02,0.0,19.849999999999994,-0.0712200000000002,0.0,0.0,0.0,-0.002369450422742,0.0029284533729431,-0.0010151417037579,0.0037558526216827,0.006985182754223168,0.007253578716267909
2024-01-16,-53.2998046875,0.0,0.0,0.0,12.699999809265137,0.0,0.0,3.240000000000009,0.0895099999999997,0.0,0.0,0.0,0.0025971408802694,-0.002369450422742,0.0029284533729431,-0.0010151417037579,0.006090500475872431,0.007060449973713296
2024-01-17,42.7998046875,-17.85009765625,-0.279998779296875,0.9599990844726562,13.84000015258789,0.1100000000000003,0.0,168.29999999999998,-0.0321199999999999,0.0,0.0,0.0,-0.0058369081496753,0.0025971408802694,-0.002369450422742,0.0029284533729431,0.0026980380661267636,0.006372645915508295
2024-01-18,79.0,-26.77001953125,0.1599960327148437,0.0899963378906392,14.789999961853027,0.0299999999999993,0.0,-178.43,-0.00903,0.0,0.0,0.0,0.0072414144953597,-0.0058369081496753,0.0025971408802694,-0.002369450422742,0.0036504568335908733,0.006511231260995557
2024-01-19,-1.0,41.72998046875,1.5200042724609375,0.090003967285142,14.130000114440918,0.04,0.0,51.45,0.01492,0.0,0.0,0.0,-0.0035309830269745,0.0072414144953597,-0.0058369081496753,0.0025971408802694,0.00508141097163968,0.006245258386838934
2024-01-22,-10.900390625,58.8701171875,-0.6699981689453125,-0.25,13.300000190734863,0.0100000000000006,0.0,25.950000000000017,-0.0312699999999992,0.0,0.0,0.0,0.0028360501397647,-0.0035309830269745,0.0072414144953597,-0.0058369081496753,0.0052586542958066446,0.005973854141255676
2024-01-23,-12.099609375,10.6201171875,1.779998779296875,0.0400009155273295,13.1899995803833,-0.04,0.0,28.19,0.0717999999999996,0.0,0.0,0.0,0.0011446073048703,0.0028360501397647,-0.0035309830269745,0.0072414144953597,0.0052814976801507044,0.005926415028184975
2024-01-24,54.5,14.169921875,-0.8199996948242188,0.2900009155273721,12.550000190734863,0.0299999999999993,0.0,-103.93,-0.0712700000000001,0.0,0.0,0.0,-0.0039223551053741,0.0011446073048703,0.0028360501397647,-0.0035309830269745,0.005187512187820005,0.005917782429884646
2024-01-25,59.5,3.94970703125,0.7199935913085938,-0.3800048828125284,13.140000343322754,0.04,0.0,20.3,0.0330000000000003,0.0,0.0,0.0,-0.0069112750040404,-0.0039223551053741,0.0011446073048703,0.0028360501397647,0.0046584179175468325,0.005928683460259741
2024-01-26,-0.5,25.6103515625,2.270004272460937,0.3300018310547017,13.449999809265137,-0.04,0.0,22.64999999999999,-0.0182900000000003,0.0,0.0,0.0,-0.0057218081332171,-0.0069112750040404,-0.0039223551053741,0.0011446073048703,0.003981407791437287,0.006112622193761343
2024-01-29,93.5,-3.18994140625,0.6500015258789062,-0.0999984741210937,13.260000228881836,0.0100000000000006,0.0,-29.279999999999987,-0.0212500000000002,0.0,0.0,0.0,0.0028104880556076,-0.0057218081332171,-0.0069112750040404,-0.0039223551053741,0.004290045568568204,0.005879935627687088
2024-01-30,-40.400390625,36.9599609375,-1.2300033569335938,0.1399993896484375,13.600000381469728,-0.0700000000000002,0.0,127.29,0.0759199999999999,0.0,0.0,0.0,0.0048839823507946,0.0028104880556076,-0.0057218081332171,-0.0069112750040404,0.004282082463912415,0.0058957801609095355
2024-01-31,60.400390625,-2.9599609375,1.0400009155273438,-0.2099990844726562,13.3100004196167,-0.0200000000000004,0.0,-68.31,-0.0698299999999996,0.0,0.0,0.0,0.0021840184371173,0.0048839823507946,0.0028104880556076,-0.0057218081332171,0.005290048595762744,0.00576889365178373
2024-02-01,-43.0,-79.3203125,-1.970001220703125,-0.1300048828125,14.350000381469728,-0.0699999999999994,0.0,-62.510000000000005,0.0219500000000003,0.0,0.0,0.0,-0.0008667973662916,0.0021840184371173,0.0048839823507946,0.0028104880556076,0.005373763015742768,0.005673155078733568
2024-02-02,-16.0,60.5400390625,-2.029998779296875,-0.2199935913086079,13.880000114440918,-0.1200000000000001,0.0,16.22999999999999,0.0324199999999992,0.0,0.0,0.0,0.0051368700442622,-0.0008667973662916,0.0021840184371173,0.0048839823507946,0.00411848949104446,0.004984375210924041
2024-02-05,-43.0,52.419921875,-1.5400009155273438,0.8699951171875284,13.850000381469728,0.1600000000000001,0.0,-42.85,-0.0125899999999994,0.0,0.0,0.0,-0.0055647172547457,0.0051368700442622,-0.0008667973662916,0.0021840184371173,0.0024302508176948347,0.005174301169000557
2024-02-06,1.2001953125,-15.7998046875,0.5,0.529998779296875,13.670000076293944,0.1399999999999996,0.0,154.45999999999998,0.09342,0.0,-0.04,0.0,0.0067552367624671,-0.0055647172547457,0.0051368700442622,-0.0008667973662916,0.004473861346742898,0.004923489351849403
2024-02-07,-15.7001953125,11.419921875,0.529998779296875,-0.2699966430664204,13.0600004196167,-0.08,0.0,-100.25,0.0158899999999997,0.0,0.0,0.0,-0.0016925668573296,0.0067552367624671,-0.0055647172547457,0.0051368700442622,0.004919857609395195,0.004462803346760533
2024-02-12,21.5,40.830078125,0.5500030517578125,-0.1399993896484375,12.829999923706056,0.0,0.0,69.22,0.1705100000000001,0.0,0.0,0.0,0.0086036257294989,-0.0016925668573296,0.0067552367624671,-0.0055647172547457,0.0050932124675786665,0.00440842564861529
2024-02-13,-135.0,26.77978515625,3.05999755859375,0.1299972534179829,13.93000030517578,0.08,0.0,36.610000000000014,-0.1748400000000005,0.0,0.0,0.0999999999999996,-0.0121219170212791,0.0086036257294989,-0.0016925668573296,0.0067552367624671,0.006017112900260504,0.004793477470042644
2024-02-15,-18.5,-68.669921875,0.9500045776367188,0.7900009155273295,15.850000381469728,0.1399999999999996,0.0,-31.960000000000008,-0.0092599999999993,0.0,0.0,0.0,0.0128906090303855,-0.0121219170212791,0.0086036257294989,-0.0016925668573296,0.008619668030361812,0.005523737819826873
2024-02-16,-26.400390625,76.56005859375,0.1599960327148437,-0.659996032714858,14.010000228881836,-0.0699999999999994,0.0,-100.19,-0.01452,0.0,0.0,0.0,0.004408032870488,0.0128906090303855,-0.0121219170212791,0.0086036257294989,0.009924153386647707,0.00622077574566364
2024-02-19,118.900390625,-24.16015625,1.160003662109375,-0.0200042724609232,14.239999771118164,0.0599999999999996,0.0,-24.71,-0.05037,0.0,0.0,0.0,-0.0053092138878844,0.004408032870488,0.0128906090303855,-0.0121219170212791,0.009749406165073353,0.006265225984796944
2024-02-20,-43.400390625,0.0,0.0,0.0,14.239999771118164,0.0,0.0,30.45,0.0667999999999997,0.0,0.0,0.0,0.0076316526782709,-0.0053092138878844,0.004408032870488,0.0128906090303855,0.010251798909984686,0.006237580863197786
2024-02-21,5.400390625,-30.06005859375,-1.0100021362304688,-0.1999969482422017,15.420000076293944,-0.0300000000000002,0.0,61.17999999999999,0.0424100000000002,0.0,0.0,0.0,-0.0004870317273351,0.0076316526782709,-0.0053092138878844,0.004408032870488,0.010096061246738343,0.006259813833863325
2024-02-22,27.0,6.2900390625,-0.2699966430664062,-0.0699996948241903,15.34000015258789,0.0500000000000007,0.0,-38.42999999999999,0.0106799999999998,0.0,0.0,0.0,-0.0012778250261039,-0.0004870317273351,0.0076316526782709,-0.0053092138878844,0.007054134667400382,0.006188585269818842
2024-02-23,-19.0,105.22998046875,0.6999969482421875,-0.0500030517578267,14.539999961853027,0.0099999999999997,0.0,-41.22999999999999,-0.0225900000000001,0.0,0.0,0.0,-0.0060870475580254,-0.0012778250261039,-0.0004870317273351,0.0076316526782709,0.005069496989725572,0.006186920195703651
2024-02-26,-54.0,1.77001953125,-2.1200027465820312,-0.0199966430664204,13.75,-0.0700000000000002,0.0,46.81999999999999,-0.1602199999999998,0.0,0.0,0.0,-0.0015463389737128,-0.0060870475580254,-0.0012778250261039,-0.0004870317273351,0.005459786204462084,0.0063639677882302076
2024-02-27,-1.900390625,-19.27001953125,1.0900039672851562,-0.1100006103515625,13.739999771118164,0.0200000000000004,0.0,50.66000000000001,0.1636300000000004,0.0,0.0,0.0,0.0002050433086601,-0.0015463389737128,-0.0060870475580254,-0.0012778250261039,0.004973210809510606,0.006303534504102908
2024-02-28,52.400390625,8.650390625,1.2900009155273438,0.0,13.43000030517578,0.0299999999999993,0.0,-50.38000000000001,-0.0672300000000003,0.0,0.0,0.0,0.0059285071529011,0.0002050433086601,-0.0015463389737128,-0.0060870475580254,0.00247246873048146,0.006066336190261621
2024-02-29,14.5,-8.42041015625,-0.3300018310546875,0.1500015258789204,13.84000015258789,-0.04,0.0,25.8,-0.0468299999999999,0.0,0.0,0.0,-0.0017105646985917,0.0059285071529011,0.0002050433086601,-0.0015463389737128,0.0043221033241898354,0.00597163230444395
2024-03-01,59.2001953125,26.51025390625,-0.279998779296875,0.1800003051757812,13.399999618530272,-0.0199999999999995,0.0,-37.33,-0.0539100000000001,0.0,0.0,0.0,-0.0005747345098807,-0.0017105646985917,0.0059285071529011,0.0002050433086601,0.004344457646949684,0.005997922798434535
2024-03-04,-8.2001953125,40.81005859375,1.7099990844726562,-0.3000030517578125,13.109999656677246,-0.0599999999999996,0.0,-47.27,0.0497399999999998,0.0,0.0,0.0,-0.0048199464828592,-0.0005747345098807,-0.0017105646985917,0.0059285071529011,0.0031534503071467997,0.005940507337554938
2024-03-05,-12.099609375,-6.1298828125,-1.2300033569335938,-0.0299987792968892,13.489999771118164,0.0299999999999993,0.0,126.72,0.1132699999999999,0.0,0.0,0.0,-0.0040331424910511,-0.0048199464828592,-0.0005747345098807,-0.0017105646985917,0.003920734527453282,0.006061405192682652
2024-03-06,74.099609375,-52.30029296875,-0.589996337890625,-0.029998779296875,14.460000038146973,-0.0899999999999998,0.0,-87.06,-0.0315599999999998,0.0,0.1800000000000001,0.0,0.0112972797180588,-0.0040331424910511,-0.0048199464828592,-0.0005747345098807,0.00425655667145975,0.0061391493676239165
2024-03-07,-14.5,26.10986328125,0.9799957275390624,-0.4300003051757528,14.5,-0.0199999999999995,0.0,9.680000000000009,0.0113399999999996,0.0,0.0,0.0,0.0060070627889801,0.0112972797180588,-0.0040331424910511,-0.0048199464828592,0.006526445309655668,0.006535470733061997
2024-03-08,-83.5,52.60009765625,-0.1999969482421875,-0.5500030517578267,14.4399995803833,-0.0200000000000004,0.0,-51.220000000000006,-0.0266000000000001,0.0,0.0,0.0,0.0010766372370464,0.0060070627889801,0.0112972797180588,-0.0040331424910511,0.006912558574827629,0.00647058008581639
2024-03-13,-47.0,-33.669921875,-0.9199981689453124,-0.0800018310547017,14.739999771118164,0.0,0.0,-20.050000000000004,0.10705,0.0,0.0,0.0,0.0053096796165497,0.0010766372370464,0.0060070627889801,0.0112972797180588,0.006823020996305065,0.006337357296728476
2024-03-14,-75.0,41.6201171875,1.7099990844726562,0.0500030517578267,13.75,0.1000000000000005,0.0,122.5,-0.0361799999999998,0.0,0.0,0.0,0.0016301989198958,0.0053096796165497,0.0010766372370464,0.0060070627889801,0.005745603149516549,0.006378749172723113
2024-03-15,28.0,-14.830078125,1.5400009155273438,0.5699996948242188,14.399999618530272,0.0999999999999996,0.0,-89.47999999999999,0.00455,0.0,0.0,0.0,-0.0142618920185466,0.0016301989198958,0.0053096796165497,0.0010766372370464,0.004107723014496464,0.0061429887507017346
2024-03-18,56.0,-33.39013671875,-0.220001220703125,0.0699996948242187,14.40999984741211,0.0199999999999995,0.0,111.85,-0.16324,0.0,0.0,0.0,-0.0035002222246207,-0.0142618920185466,0.0016301989198958,0.0053096796165497,0.008238391871715491,0.006395569195593704
2024-03-19,9.2998046875,32.330078125,1.6800003051757812,0.150001525878892,14.329999923706056,0.0300000000000002,0.0,-41.28999999999999,0.0476,0.0,0.0,0.0,0.0046856315551841,-0.0035002222246207,-0.0142618920185466,0.0016301989198958,0.007560872561302234,0.005787886117988888
2024-03-20,103.7001953125,29.08984375,0.75,0.2299957275390909,13.81999969482422,-0.04,0.0,-48.280000000000015,0.0085600000000001,0.0,0.0,0.0,-0.0007660502576265,0.0046856315551841,-0.0035002222246207,-0.0142618920185466,0.008076616350422497,0.0057993492634018625
2024-03-21,-25.0,46.1103515625,-1.7900009155273438,-0.3999938964843892,13.039999961853027,-0.0300000000000002,0.0,110.05,-0.0037599999999997,0.0,0.0,0.0,0.0009850516540617,-0.0007660502576265,0.0046856315551841,-0.0035002222246207,0.007263339859972585,0.005667586802197859
2024-03-22,-31.0,16.90966796875,-0.6100006103515625,0.589996337890625,12.920000076293944,0.0,0.0,-124.42,-0.00706,0.0,0.0,0.0,0.0016065393662369,0.0009850516540617,-0.0007660502576265,0.0046856315551841,0.007178134461112216,0.0053995959332062155
2024-03-25,36.5,-7.349609375,-0.44000244140625,0.4300003051757812,13.0600004196167,-0.0499999999999998,0.0,-4.540000000000006,-0.0811200000000003,0.0,0.0,0.0,0.0037490641176274,0.0016065393662369,0.0009850516540617,-0.0007660502576265,0.003022071437504552,0.005411915685040215
2024-03-26,79.099609375,-15.990234375,1.3199996948242188,-0.1999969482421875,13.1899995803833,0.0300000000000002,0.0,6.6200000000000045,0.1046199999999997,0.0,0.0,0.0,-0.0016408272569241,0.0037490641176274,0.0016065393662369,0.0009850516540617,0.002184849135538996,0.005465536104207921
2024-03-27,-18.599609375,-14.60986328125,-0.3299942016601562,0.05999755859375,13.239999771118164,-0.0099999999999997,0.0,5.8700000000000045,-0.0768699999999995,0.0,0.0,0.0,-0.0075733790851364,-0.0016408272569241,0.0037490641176274,0.0016065393662369,0.002108969123811515,0.005281137523192386
2024-03-28,44.0,44.91015625,-0.2700042724609375,0.05999755859375,12.779999732971191,-0.04,0.0,12.36,0.0348399999999999,0.0,0.0,0.0,-0.0029151260283929,-0.0075733790851364,-0.0016408272569241,0.0037490641176274,0.004359005127440497,0.005567143841672074
2024-04-01,49.0,5.85986328125,1.8199996948242188,0.2000045776367045,13.010000228881836,0.0,0.0,-38.59,0.0606400000000002,0.0,0.0,0.0,-0.0115570047286387,-0.0029151260283929,-0.0075733790851364,-0.0016408272569241,0.004359074285419109,0.0056099587474421125
2024-04-02,-29.0,-10.580078125,0.5400009155273438,0.4699935913086079,13.649999618530272,0.1299999999999999,0.0,54.42999999999999,-0.0032700000000005,0.0,0.0,0.0,0.004420828729744,-0.0115570047286387,-0.0029151260283929,-0.0075733790851364,0.005845237674466935,0.005990914208617234
2024-04-03,97.7998046875,-37.9599609375,1.44000244140625,-0.1999969482421875,14.609999656677246,0.0300000000000002,0.0,-49.39999999999999,-0.0115499999999997,0.0,0.0,0.0,-0.0097391057744455,0.004420828729744,-0.0115570047286387,-0.0029151260283929,0.006070882699930944,0.00610045250712727
2024-04-04,9.2001953125,5.68017578125,0.279998779296875,-0.5699996948242188,14.329999923706056,0.0,0.0,22.679999999999996,-0.0157100000000003,0.0,0.0,0.0,0.0121426096596816,-0.0097391057744455,0.004420828729744,-0.0115570047286387,0.006404235516670547,0.006437757913921055
2024-04-05,-19.0,-64.2802734375,1.1599960327148438,-0.1299972534179545,16.350000381469727,-0.0500000000000007,0.0,-7.179999999999993,-0.0243299999999999,0.0,0.0,0.0,0.0044676895686287,0.0121426096596816,-0.0097391057744455,0.004420828729744,0.009902038073874471,0.007000997213558985
2024-04-16,-31.5,57.1298828125,0.32000732421875,0.1800003051757528,16.030000686645508,0.08,0.0,-13.939999999999998,0.3381000000000007,0.0,0.2999999999999998,0.0,-0.0168945804093867,0.0044676895686287,0.0121426096596816,-0.0097391057744455,0.010190037322313125,0.007011123041006456
2024-04-17,170.5,-152.9296875,-1.5500030517578125,1.959999084472685,18.39999961853028,0.2800000000000002,0.0,139.1,-0.2317900000000001,0.0,0.0,0.0,-0.0047519878261666,-0.0168945804093867,0.0044676895686287,0.0121426096596816,0.011842151861540843,0.007494957919893583
2024-04-18,237.2001953125,-29.2001953125,-2.6699981689453125,-0.3100051879882812,18.209999084472656,-0.08,0.0,-115.14,-0.0432000000000005,0.0,0.0,0.0,0.0050320449024024,-0.0047519878261666,-0.0168945804093867,0.0044676895686287,0.011473875720917731,0.0073396073205100765
2024-04-19,-66.2001953125,-11.08984375,0.0400009155273437,0.2000045776367045,18.0,0.0499999999999998,0.0,-16.86,-0.03343,0.0,0.0,0.0,-0.0111543657549353,0.0050320449024024,-0.0047519878261666,-0.0168945804093867,0.011188531262742633,0.007469826811054006
2024-04-22,-26.0,-43.89013671875,0.4099960327148437,0.0,18.709999084472656,-0.0199999999999995,0.0,-3.450000000000003,-0.1084899999999997,0.0,0.0,0.0,-0.0019062134159891,-0.0111543657549353,0.0050320449024024,-0.0047519878261666,0.009606256516932808,0.0075886213863445755
2024-04-23,-9.7001953125,43.3701171875,-0.2900009155273437,-0.0699996948242329,16.940000534057617,0.0,0.0,-6.029999999999994,0.1570499999999999,0.0,0.0,0.0,0.0052159613043079,-0.0019062134159891,-0.0111543657549353,0.0050320449024024,0.008444834140848435,0.007533180198104059
2024-04-24,35.7001953125,59.94970703125,0.5100021362304688,-0.3899993896484375,15.6899995803833,-0.0099999999999997,0.0,-12.840000000000003,0.0028700000000005,0.0,0.0,0.0,0.0089211191096721,0.0052159613043079,-0.0019062134159891,-0.0111543657549353,0.006923115727758786,0.00718044444331478
2024-04-25,-105.7998046875,1.080078125,-0.5500030517578125,0.1699981689453267,15.970000267028809,0.04,0.0,52.45,0.0196299999999993,0.25,0.0,0.0,-0.0026852060633146,0.0089211191096721,0.0052159613043079,-0.0019062134159891,0.007948344987743057,0.007527553882304526
2024-04-26,79.7998046875,-23.2099609375,0.7600021362304688,-0.2600021362304687,15.369999885559082,0.0499999999999998,0.0,125.64,0.0468900000000003,0.0,0.0,0.0,-0.016801980625211,-0.0026852060633146,0.0089211191096721,0.0052159613043079,0.0077707607227651965,0.007420207790297267
2024-04-29,-18.0,51.5400390625,0.279998779296875,0.340003967285142,15.029999732971191,-0.0300000000000002,0.0,-157.3,-0.0238300000000002,0.0,0.0,0.0,0.0168704917982912,-0.016801980625211,-0.0026852060633146,0.0089211191096721,0.009866766409600337,0.008191245888361648
2024-04-30,1.0,16.2099609375,-1.220001220703125,-0.3600006103515625,14.670000076293944,-0.04,0.0,8.879999999999995,0.0318500000000003,0.0,0.0,0.0,0.0108983290528196,0.0168704917982912,-0.016801980625211,-0.0026852060633146,0.012790417702546767,0.009208448843485961
2024-05-02,43.0,-80.47998046875,-0.6999969482421875,0.6399993896484517,15.649999618530272,0.0600000000000005,0.0,31.53,0.0655900000000002,0.0,0.0,0.0,-0.0162733596286615,0.0108983290528196,0.0168704917982912,-0.016801980625211,0.013353870003971648,0.009587272306819132
2024-05-03,-55.599609375,28.51025390625,-2.9800033569335938,-0.9199981689453268,14.68000030517578,-0.1100000000000003,0.0,-31.379999999999995,0.0308199999999994,0.0,0.0,0.0,0.0024276093369716,-0.0162733596286615,0.0108983290528196,0.0168704917982912,0.015370041091445505,0.01011846399760781
2024-05-06,-93.400390625,63.58984375,-0.839996337890625,-0.2700042724609233,13.489999771118164,-0.08,0.0,-24.78,-0.0513500000000002,0.0,0.0,0.0,0.0001634149177504,0.0024276093369716,-0.0162733596286615,0.0108983290528196,0.015449526842698359,0.010162552002774671
2024-05-07,-20.0,52.9501953125,0.3700027465820312,0.0200042724609232,13.489999771118164,-0.0099999999999997,0.0,20.840000000000003,0.1246600000000004,0.0,-0.0499999999999998,0.0,-0.0017221251327518,0.0001634149177504,0.0024276093369716,-0.0162733596286615,0.012594080754188417,0.01006974514153483
2024-05-08,-43.0,6.9599609375,-0.100006103515625,0.3600006103515767,13.229999542236328,-0.0200000000000004,0.0,-37.64,0.0317600000000002,0.0,0.0,0.0,-0.0048995169954589,-0.0017221251327518,0.0001634149177504,0.0024276093369716,0.00985419291612101,0.010062618547327236
2024-05-13,39.0,-0.0302734375,0.6100006103515625,0.1399993896484233,13.0,0.0100000000000006,0.0,-2.990000000000002,0.18839,0.0,0.0,0.0,0.0014753691950302,-0.0048995169954589,-0.0017221251327518,0.0001634149177504,0.007335920296938326,0.009806971724635297
2024-05-14,-35.0,33.75,0.1300048828125,-0.3300018310546733,13.600000381469728,0.0,0.0,1.009999999999998,-0.0926400000000002,0.0,0.0,0.0700000000000002,-0.0021854369831063,0.0014753691950302,-0.0048995169954589,-0.0017221251327518,0.0029052464779185543,0.009746158811729778
2024-05-15,83.0,25.26025390625,-1.100006103515625,-0.209999084472642,13.420000076293944,-0.0300000000000002,0.0,98.25,-0.0279300000000004,0.0,0.0,0.0,0.0134705631917662,-0.0021854369831063,0.0014753691950302,-0.0048995169954589,0.002432778485012253,0.009532081973495535
2024-05-16,-19.0,61.4697265625,0.6100006103515625,-0.6600036621093892,12.449999809265137,-0.0899999999999998,0.0,-38.78,-0.1234999999999999,0.0,0.0,0.0,0.0092697605683857,0.0134705631917662,-0.0021854369831063,0.0014753691950302,0.007208377064676431,0.009629517368289847
2024-05-17,-188.0,-11.0498046875,0.600006103515625,0.1100006103515625,12.420000076293944,0.0199999999999995,0.0,-41.24,-0.14412,0.0,0.0,0.0,0.0096872927073337,0.0092697605683857,0.0134705631917662,-0.0021854369831063,0.007740319857394985,0.00981835363305509
2024-05-20,16.7998046875,6.169921875,0.8299942016601562,-0.0100021362304545,11.989999771118164,0.04,0.0,-0.8800000000000026,0.0002400000000006,0.0,0.0,0.0,-0.0069318876146906,0.0096872927073337,0.0092697605683857,0.0134705631917662,0.006461045656833668,0.009232061849513931
2024-05-21,27.2001953125,4.85986328125,-0.2599945068359375,0.120002746582017,12.149999618530272,0.0200000000000004,0.0,38.24,0.1471399999999993,0.0,0.0,0.0,-0.0111611656573129,-0.0069318876146906,0.0096872927073337,0.0092697605683857,0.00873758308967561,0.009316678612023219
2024-05-22,73.0,13.2802734375,-0.5400009155273438,0.0900039672851562,11.859999656677246,-0.0300000000000002,0.0,-30.270000000000003,-0.1103299999999993,0.0,0.0,0.0,0.0050449398765843,-0.0111611656573129,-0.0069318876146906,0.0096872927073337,0.011099041828326373,0.009640671119040744
2024-05-27,-26.0,-14.400390625,-1.69000244140625,0.2799987792968608,12.289999961853027,0.0199999999999995,0.0,-7.109999999999999,0.0680699999999996,0.0,0.0,0.0,-0.0063841520902655,0.0050449398765843,-0.0111611656573129,-0.0069318876146906,0.00962890297466424,0.009317441732506777
2024-05-28,33.0,-2.28955078125,0.1500015258789062,-0.2200012207031108,11.93000030517578,0.0300000000000002,0.0,-2.68,0.0108199999999998,0.0,0.0,0.0,0.0107008379536661,-0.0063841520902655,0.0050449398765843,-0.0111611656573129,0.008855538409804258,0.009442497088789872
2024-05-29,33.0,1.31982421875,2.1100006103515625,-0.1100006103515625,12.920000076293944,0.08,0.0,4.480000000000004,-0.1177899999999994,0.0,0.0,0.0,-0.0157566293258069,0.0107008379536661,-0.0063841520902655,0.0050449398765843,0.009193637318329404,0.009657158587401009
2024-05-30,46.0,-39.08984375,-0.5999984741210938,0.4899978637695312,14.279999732971191,0.0700000000000002,0.0,66.07,7.00000000000145e-05,0.0,0.0,0.0,-0.0149691149328944,-0.0157566293258069,0.0107008379536661,-0.0063841520902655,0.011089588811389182,0.010154751063810566
2024-05-31,115.099609375,-31.47021484375,-1.3199996948242188,-0.3799972534179687,14.470000267028809,-0.0600000000000005,0.0,-30.239999999999995,0.0292999999999992,0.0,0.0,0.0,-0.0090549426494746,-0.0149691149328944,-0.0157566293258069,0.0107008379536661,0.011850921976257171,0.010668922572938996
2024-06-03,-4.099609375,42.02978515625,-0.9200057983398438,-0.0500030517577982,12.920000076293944,-0.04,0.0,-20.379999999999995,0.0706300000000004,0.0,0.0,0.0,0.009346169323121,-0.0090549426494746,-0.0149691149328944,-0.0157566293258069,0.010701215033488623,0.010189277912507393
2024-06-04,15.0,5.89013671875,-2.7699966430664062,-0.5299987792968892,13.109999656677246,-0.0999999999999996,0.0,119.54999999999998,0.00685,0.0,0.0,0.0,0.0089309186401316,0.009346169323121,-0.0090549426494746,-0.0149691149328944,0.013022220889104952,0.009639537374926767
2024-06-05,-40.0,7.93994140625,-0.970001220703125,-0.029998779296875,13.15999984741211,-0.08,0.0,-124.15,-0.0612099999999999,0.0,0.0,0.0,-0.0215915392703472,0.0089309186401316,0.009346169323121,-0.0090549426494746,0.012539627099984185,0.009522746312563665
2024-06-06,73.0,62.68994140625,0.8199996948242188,0.1599960327148437,12.630000114440918,-0.04,0.0,-32.48,-0.0354999999999998,0.0,-0.1600000000000001,0.0,0.0039112163290822,-0.0215915392703472,0.0089309186401316,0.009346169323121,0.014052529411423265,0.010033941986602062
2024-06-07,39.0,-1.06982421875,1.4800033569335938,-0.1699981689453125,12.579999923706056,-0.0099999999999997,0.0,44.830000000000005,-0.0476800000000006,0.0,0.0,0.0,-0.0110932623278668,0.0039112163290822,-0.0215915392703472,0.0089309186401316,0.013381780548927082,0.01006765401182001
2024-06-10,-73.2998046875,-5.9697265625,-0.0200042724609375,0.7900009155273438,12.220000267028809,0.1499999999999994,0.0,-24.56,0.0106900000000003,0.0,0.0,0.0,0.0034151282637195,-0.0110932623278668,0.0039112163290822,-0.0215915392703472,0.013689681770820366,0.010303270954339729
2024-06-11,28.2998046875,13.7998046875,2.209999084472656,0.2600021362304687,12.739999771118164,0.04,0.0,37.08,0.0723200000000003,0.0,0.0,0.0,-0.0095603242861475,0.0034151282637195,-0.0110932623278668,0.0039112163290822,0.012668901449775009,0.010366418678823834
2024-06-12,42.0,14.52978515625,0.160003662109375,0.0800018310546875,12.850000381469728,-0.08,0.0,-33.35,-0.04455,0.0,0.0,0.0,-0.0008162610242491,-0.0095603242861475,0.0034151282637195,-0.0110932623278668,0.01076744276101681,0.01049984155808444
2024-06-13,-6.599609375,45.7099609375,0.5999984741210938,-0.5800018310546875,12.039999961853027,-0.08,0.0,40.93,0.0169899999999998,0.0,0.0,0.0,-0.0027092053049573,-0.0008162610242491,-0.0095603242861475,0.0034151282637195,0.007107733994424962,0.010476166980147722
2024-06-14,-75.400390625,12.71044921875,0.1200027465820312,0.5499954223632955,11.9399995803833,-0.0699999999999994,0.0,-6.040000000000006,0.0166500000000002,0.0,0.0,0.0,-0.0142607621029397,-0.0027092053049573,-0.0008162610242491,-0.0095603242861475,0.0060807345858404195,0.010477871533491579
2024-06-19,56.0,-2.14013671875,-0.1700057983398437,0.3500061035155966,12.65999984741211,-0.04,0.0,-5.289999999999992,0.1128399999999993,0.0,0.0,0.0,-0.001175640057922,-0.0142607621029397,-0.0027092053049573,-0.0008162610242491,0.007069223745039446,0.010179601216148283
2024-06-20,93.0,55.4296875,3.1200027465820312,-0.2900009155273153,12.300000190734863,0.0199999999999995,0.0,-36.27,-0.0593300000000001,0.0,0.0,0.0,0.0136426477551276,-0.001175640057922,-0.0142607621029397,-0.0027092053049573,0.005946726936940386,0.009765748138325698
2024-06-21,1.900390625,-13.85986328125,0.5999984741210938,0.329994201660142,13.279999732971191,0.0300000000000002,0.0,37.29,0.0369900000000003,0.0,0.0,0.0,0.0088555806723541,0.0136426477551276,-0.001175640057922,-0.0142607621029397,0.00991489481375916,0.010086368919633696
2024-06-24,111.0,-8.5498046875,-1.4399948120117188,0.2100067138671733,13.199999809265137,0.0,0.0,-13.789999999999992,-0.0727599999999997,0.0,0.0,0.0,0.0013344349808453,0.0088555806723541,0.0136426477551276,-0.001175640057922,0.010872503663539503,0.010417922379325211
2024-06-25,-48.900390625,-16.75,0.899993896484375,-0.3300018310546733,13.329999923706056,0.0,0.0,23.33999999999999,-0.0096800000000003,0.0,0.0,0.0,-0.0009382804771129,0.0013344349808453,0.0088555806723541,0.0136426477551276,0.010688497184455564,0.010259434722213316
2024-06-26,-48.900390625,21.4296875,-0.7999954223632812,0.1399993896484375,12.84000015258789,-0.0199999999999995,0.0,-49.71,0.0760300000000002,0.0,0.0,0.0,0.0033271589098641,-0.0009382804771129,0.0013344349808453,0.0088555806723541,0.006600106153188951,0.010126203212941857
2024-06-27,6.900390625,8.60009765625,0.0699996948242187,0.4400024414062358,12.550000190734863,0.0899999999999998,0.0,17.11,-0.0038999999999997,0.0,0.0,0.0,0.0089824603913107,0.0033271589098641,-0.0009382804771129,0.0013344349808453,0.005932123753212256,0.010158324101153108
2024-06-28,33.0,4.97021484375,0.839996337890625,-0.1399993896484233,12.239999771118164,-0.0300000000000002,0.0,22.02,-0.0315400000000005,0.0,0.0,0.0,0.013630369390983,0.0089824603913107,0.0033271589098641,-0.0009382804771129,0.004468181277951282,0.010052648883118298
2024-07-01,-59.599609375,-22.39013671875,-0.1999969482421875,-0.0400009155273295,12.4399995803833,0.0700000000000002,0.0,-32.529999999999994,0.0618400000000001,0.0,0.0,0.0,0.0107087893084405,0.013630369390983,0.0089824603913107,0.0033271589098641,0.005947355507125597,0.010085092553235232
2024-07-02,-31.400390625,14.60986328125,1.839996337890625,0.0299987792968607,12.220000267028809,0.1200000000000001,0.0,187.7,0.0015499999999999,0.0,0.0,0.0,-0.00203072235437,0.0107087893084405,0.013630369390983,0.0089824603913107,0.005874780056711275,0.009781355978794665
2024-07-03,47.0,33.919921875,-0.5699996948242188,-0.1800003051757812,12.029999732971191,-0.0500000000000007,0.0,-202.63,0.0118800000000005,0.0,0.0,0.0,0.0100005453108402,-0.00203072235437,0.0107087893084405,0.013630369390983,0.006258226530248736,0.00953396455794179
2024-07-04,1.0,28.01025390625,1.0699996948242188,-0.3199996948242187,12.09000015258789,-0.0699999999999994,0.0,17.369999999999997,0.0180899999999999,0.0,0.0,0.0,0.003347883997398,0.0100005453108402,-0.00203072235437,0.0107087893084405,0.006005993577166488,0.009564842625232607
2024-07-05,-51.0,0.0,0.0,0.0,12.09000015258789,0.0,0.0,-25.07,-0.0257800000000001,0.0,0.0,0.0,0.0044883761832277,0.003347883997398,0.0100005453108402,-0.00203072235437,0.006354639871750751,0.009405272100347585
2024-07-08,-11.5,30.169921875,-0.7199935913085938,-0.5200042724609517,12.479999542236328,-0.08,0.0,745.2,-0.0255400000000003,0.0,-0.33,0.0,-0.0003302484700308,0.0044883761832277,0.003347883997398,0.0100005453108402,0.005233523290023234,0.00780142466844898
2024-07-09,-83.5,5.66015625,-0.8300018310546875,0.1300048828125284,12.369999885559082,0.0,0.0,-669.5,0.0290699999999999,0.0,0.0,0.0,0.0025926629042553,-0.0003302484700308,0.0044883761832277,0.003347883997398,0.004682343434125608,0.007808760478705789
2024-07-10,32.2001953125,4.1298828125,-0.9199981689453124,0.1100006103515625,12.510000228881836,0.0199999999999995,0.0,-23.72,-0.0214799999999995,0.0,0.0,0.0,0.0023688129724198,0.0025926629042553,-0.0003302484700308,0.0044883761832277,0.003788139094567843,0.007180849270347186
2024-07-11,-0.2001953125,56.93017578125,0.6899948120117188,-0.0699996948242471,12.850000381469728,-0.0199999999999995,0.0,97.17,0.0434399999999994,0.0,0.0,0.0,0.0018324297708794,0.0023688129724198,0.0025926629042553,-0.0003302484700308,0.0017824448490638585,0.00717860270686531
2024-07-12,-79.0,-49.3701171875,0.5200042724609375,-0.6100006103515625,12.920000076293944,-0.08,0.0,-153.33,0.0894200000000005,0.0,0.0,0.0,0.0037151909215222,0.0018324297708794,0.0023688129724198,0.0025926629042553,0.0017288834956217128,0.006593288072187001
2024-07-15,-94.0,30.81005859375,-0.410003662109375,-0.3500061035156108,12.460000038146973,-0.0200000000000004,0.0,79.91999999999999,0.0028299999999994,0.0,0.0,0.0,-0.0066706817310489,0.0037151909215222,0.0018324297708794,0.0023688129724198,0.0014900413257054464,0.00652761953738872
2024-07-16,4.0,15.8701171875,-0.2999954223632812,0.1000061035156107,13.119999885559082,0.0500000000000007,0.0,-9.809999999999988,-0.0639599999999998,0.0,0.0,0.0,-0.0075252700360878,-0.0066706817310489,0.0037151909215222,0.0018324297708794,0.004214407649515042,0.006777103358638808
2024-07-17,87.0,35.97998046875,-1.1500015258789062,0.0799942016601704,13.1899995803833,-0.0600000000000005,0.0,-2.8300000000000125,-0.05804,0.0,0.0,0.0,-1.0408728462432515e-05,-0.0075252700360878,-0.0066706817310489,0.0037151909215222,0.005385464968329107,0.005986512514409983
2024-07-18,-22.0,-78.93017578125,2.089996337890625,-0.5199966430664062,14.479999542236328,-0.0099999999999997,0.0,32.53,-0.0306099999999993,0.0,0.0,0.0,0.0133176400494651,-1.0408728462432515e-05,-0.0075252700360878,-0.0066706817310489,0.005081669992908081,0.005944052954514421
2024-07-19,-35.0,-43.68017578125,-0.029998779296875,0.4199981689453267,15.93000030517578,0.04,0.0,247.46,-0.0141800000000005,0.0,0.0,0.0,-0.0036366313876198,0.0133176400494651,-1.0408728462432515e-05,-0.0075252700360878,0.008524848755483126,0.005915430195011505
2024-07-22,47.0,-39.58984375,-2.69000244140625,0.2300033569335795,16.520000457763672,0.0499999999999998,0.0,-288.08,0.0260800000000003,0.0,0.0,0.0,0.0037602768893218,-0.0036366313876198,0.0133176400494651,-1.0408728462432515e-05,0.008479632284293133,0.005984829933308315
2024-07-23,21.0,59.41015625,-0.3499984741210937,-0.090003967285142,14.90999984741211,0.0099999999999997,0.0,-10.0,0.0647299999999999,0.0,0.0,0.0,-0.0011094881245953,0.0037602768893218,-0.0036366313876198,0.0133176400494651,0.007974629548997065,0.005975467643967867
2024-07-24,14.2001953125,-8.669921875,-2.8199996948242188,0.1399993896484375,14.720000267028809,-0.0099999999999997,0.0,62.95,-0.00333,0.0,0.0,0.0,-0.0070110037625418,-0.0011094881245953,0.0037602768893218,-0.0036366313876198,0.00662555761749857,0.005981596160917193
2024-07-25,1.7998046875,-128.6103515625,0.6299972534179688,-0.0599975585937642,18.040000915527344,0.0300000000000002,0.0,-62.540000000000006,0.0014199999999995,0.0,0.0,0.0,-0.0031003097768852,-0.0070110037625418,-0.0011094881245953,0.0037602768893218,0.007896949968735769,0.006388165294142088
2024-07-26,24.0,-27.90966796875,0.69000244140625,-0.029998779296875,18.459999084472656,-0.0100000000000006,0.0,-39.46,0.0439600000000002,0.0,0.0,0.0,0.0065926276308515,-0.0031003097768852,-0.0070110037625418,-0.0011094881245953,0.003960191078888998,0.006315872384162398
2024-07-29,91.7998046875,59.8798828125,-1.1199951171875,-0.0400009155273437,16.389999389648438,-0.0699999999999994,0.0,28.410000000000004,0.0087999999999999,0.0,0.0,0.0,0.0001001546636717,0.0065926276308515,-0.0031003097768852,-0.0070110037625418,0.005418690585432465,0.0058042423635053285
2024-07-30,-54.7998046875,4.43994140625,-1.350006103515625,0.2399978637695454,16.600000381469727,-0.0300000000000002,0.0,-1.8900000000000008,0.0182799999999998,0.0,0.0,0.0,-0.0064736276667728,0.0001001546636717,0.0065926276308515,-0.0031003097768852,0.0049842059679364595,0.00539495666843225
2024-07-31,18.7001953125,-27.10009765625,-1.0799942016601562,-0.0099945068359659,17.690000534057617,-0.0199999999999995,0.0,7.219999999999999,-0.0489299999999994,0.0,0.0,0.0,0.0019173403673466,-0.0064736276667728,0.0001001546636717,0.0065926276308515,0.005580675543515792,0.0056148104451118055
2024-08-01,26.7998046875,85.85986328125,3.180000305175781,-0.4500045776367045,16.360000610351562,-0.0600000000000005,0.0,-20.410000000000004,0.0195600000000002,0.0,0.0,0.0,0.0096316578230807,0.0019173403673466,-0.0064736276667728,0.0001001546636717,0.00496192886420988,0.005193764238056855
2024-08-02,-73.5,-75.61962890625,-1.600006103515625,0.3199996948242329,18.59000015258789,-0.0999999999999996,0.0,7.939999999999998,0.0073699999999998,0.0,0.0,0.0,-0.002441122531815,0.0096316578230807,0.0019173403673466,-0.0064736276667728,0.006207410240158539,0.005558225809255298
2024-08-05,26.0,-100.1201171875,-2.790000915527344,-1.2099990844726705,23.38999938964844,-0.1900000000000004,0.0,36.71,-0.0138100000000003,0.0,0.0,0.0,-0.034590599295675,-0.002441122531815,0.0096316578230807,0.0019173403673466,0.005975504168450388,0.00552701046596608
2024-08-06,-269.0,-160.22998046875,-0.5799942016601562,-0.5199966430664205,38.56999969482422,-0.02,0.0,52.44999999999999,0.0618499999999997,0.0,-0.3799999999999999,0.0,0.0098052319085555,-0.034590599295675,-0.002441122531815,0.0096316578230807,0.016856599915104704,0.009580365756898319
2024-08-07,196.0,53.69970703125,0.2599945068359375,0.2799987792968892,27.709999084472656,0.1200000000000001,0.0,57.71000000000001,-0.0430799999999997,0.0,0.0,0.0,0.0115633415771545,0.0098052319085555,-0.034590599295675,-0.002441122531815,0.018343251407230997,0.00986751989375053
2024-08-08,-55.7001953125,-40.52978515625,2.0300064086914062,0.2299957275390767,27.850000381469727,0.06,0.0,-154.51999999999998,-0.0142499999999996,0.0,0.0,0.0,-0.0023612793867565,0.0115633415771545,0.0098052319085555,-0.034590599295675,0.01947957351243394,0.010238776980717856
2024-08-09,-129.2998046875,119.81005859375,0.9599990844726562,0.0100021362304545,23.790000915527344,0.0300000000000002,0.0,-34.68,0.0163299999999999,0.0,0.0,0.0,0.0085628115606876,-0.0023612793867565,0.0115633415771545,0.0098052319085555,0.01852647916776057,0.010231076353546297
2024-08-12,-44.0,24.85009765625,0.649993896484375,-0.0699996948242187,20.3700008392334,-0.0500000000000002,0.0,104.05,-0.0104600000000001,0.0,0.0,-0.0600000000000005,0.0055829707307865,0.0085628115606876,-0.0023612793867565,0.0115633415771545,0.019335219916204113,0.010397899054082203
2024-08-13,-61.0,0.22998046875,3.220001220703125,0.0,20.709999084472656,-0.04,0.0,-46.260000000000005,0.0899900000000002,0.0,0.0,0.0,0.0080541071035529,0.0055829707307865,0.0085628115606876,-0.0023612793867565,0.005479395284326212,0.010375158804924301
2024-08-14,31.099609375,90.0400390625,-1.7099990844726562,-0.5800018310546733,18.1200008392334,-0.0499999999999998,0.0,11.920000000000002,-0.03207,0.0,0.0,0.0,0.0107352631488979,0.0080541071035529,0.0055829707307865,0.0085628115606876,0.005278019072951567,0.0103550825768646
2024-08-15,-200.099609375,20.77978515625,-1.3699951171875,0.0100021362304545,16.190000534057617,-0.02,0.0,32.120000000000005,-0.0862699999999998,0.0,0.0,0.0,-0.0035752305589092,0.0107352631488979,0.0080541071035529,0.0055829707307865,0.005080086527128451,0.010581244336343398
2024-08-16,-129.5,88.01025390625,1.1800003051757812,0.410003662109375,15.229999542236328,0.0899999999999998,0.0,100.65,-0.0187700000000008,0.0,0.0,0.0,0.0030439977632055,-0.0035752305589092,0.0107352631488979,0.0080541071035529,0.005589881257065482,0.010252767285184042
2024-08-19,135.5,11.02978515625,-1.5100021362304688,-0.5200042724609375,14.800000190734863,-0.0299999999999998,0.0,-26.169999999999987,-0.0501899999999997,0.0,0.0,0.0,0.0046635959933232,0.0030439977632055,-0.0035752305589092,0.0107352631488979,0.005469291231554323,0.010216224727570644
2024-08-20,-72.0,54.0,-2.279998779296875,-0.5699996948242188,14.649999618530272,-0.0300000000000002,0.0,-106.42,0.23489,0.0,0.0,0.0,0.0089534139433596,0.0046635959933232,0.0030439977632055,-0.0035752305589092,0.005450473987670051,0.01023136125320858
2024-08-21,-160.0,-11.1298828125,-0.3300018310546875,-0.4499969482422017,15.880000114440918,-0.04,0.0,-34.220000000000006,0.0071500000000002,0.0,0.0,0.0,0.0027315925286545,0.0089534139433596,0.0046635959933232,0.0030439977632055,0.0056062114555986454,0.010369718564774186
2024-08-22,-81.0,23.72998046875,-2.1100006103515625,-0.400001525878892,16.270000457763672,-0.0299999999999998,0.0,62.49,-0.0200500000000003,0.0,0.0,0.0,-0.0087637090078309,0.0027315925286545,0.0089534139433596,0.0046635959933232,0.004510673615195333,0.010176757990548095
2024-08-23,42.0,-50.2099609375,1.0800018310546875,0.4700012207031392,17.549999237060547,0.0699999999999998,0.0,-29.67,0.0270299999999998,0.0,0.0,0.0,0.0074000427986975,-0.0087637090078309,0.0027315925286545,0.0089534139433596,0.006573587278128267,0.010401569019581485
2024-08-26,244.5,63.9697265625,1.8199996948242188,-0.790000915527358,15.859999656677246,-0.0499999999999998,0.0,-17.540000000000006,-0.1013699999999993,0.0,0.0,0.0,0.0081709972554366,0.0074000427986975,-0.0087637090078309,0.0027315925286545,0.0070004984224103705,0.010423156925017062
2024-08-27,-351.2998046875,-17.77001953125,2.589996337890625,0.1299972534179687,16.149999618530273,0.0099999999999997,0.0,-5.869999999999997,0.1256399999999997,0.0,0.0,0.0,-0.001093649603625,0.0081709972554366,0.0074000427986975,-0.0087637090078309,0.007374963300761542,0.010512707580574963
2024-08-28,85.3994140625,8.9599609375,-1.8899993896484373,-0.2999954223632954,15.43000030517578,0.0100000000000002,0.0,-28.02,0.0085100000000002,0.0,0.0,0.0,0.0079957320077653,-0.001093649603625,0.0081709972554366,0.0074000427986975,0.006941209582140211,0.010348505826816606
2024-08-29,4.5,-33.61962890625,-1.0100021362304688,0.5399932861328267,17.110000610351562,0.0099999999999997,0.0,28.380000000000003,-0.0146800000000002,0.0,0.0,0.0,-0.0040913332241127,0.0079957320077653,-0.001093649603625,0.0081709972554366,0.007514429810526471,0.010422590359136237
2024-08-30,-27.099609375,-0.22021484375,1.3900070190429688,0.25,15.649999618530272,0.0300000000000002,0.0,28.19,-0.0948000000000002,0.0,0.0,0.0,0.0056383933434322,-0.0040913332241127,0.0079957320077653,-0.001093649603625,0.005826976098872366,0.010394154796711358
2024-09-02,4.7998046875,56.43994140625,-2.3600006103515625,0.3600006103515767,15.0,0.04,0.0,-31.39,0.0328299999999996,0.0,0.0,0.0,0.003097492636266,0.0056383933434322,-0.0040913332241127,0.0079957320077653,0.005594141438501594,0.010368731690074571
2024-09-03,80.2001953125,0.0,0.0,0.0,15.0,0.0,0.0,540.37,0.0993000000000003,0.0,0.0,0.0,-0.0101899556314824,0.003097492636266,0.0056383933434322,-0.0040913332241127,0.004913954384476417,0.005630085723424571
2024-09-04,-4.900390625,-119.4697265625,-3.2100067138671875,0.1300048828124715,20.71999931335449,-0.0700000000000002,0.0,-530.38,0.0006000000000003,0.0,0.0,0.0,0.0073744153241009,-0.0101899556314824,0.003097492636266,0.0056383933434322,0.007494849084844824,0.0063334858186512
2024-09-05,12.80078125,-8.8603515625,-1.1399993896484375,-0.4700012207031108,21.31999969482422,-0.0699999999999998,0.0,21.86,-0.0959000000000003,0.0,0.0,0.0,0.0010612225878315,0.0073744153241009,-0.0101899556314824,0.003097492636266,0.007342906228369126,0.0061114137364478086
2024-09-06,-88.5,-16.65966796875,-0.0499954223632812,-0.25,19.89999961853028,-0.04,0.0,-37.91,0.00434,0.0,-0.0099999999999997,0.0,0.005298138249051,0.0010612225878315,0.0073744153241009,-0.0101899556314824,0.006909791450861581,0.005997401257401202
2024-09-09,-27.400390625,-94.990234375,-1.4800033569335938,0.0699996948242187,22.3799991607666,-0.0099999999999997,0.0,48.18000000000001,-0.0465799999999996,0.0,0.0,0.0,-0.0024775294372038,0.005298138249051,0.0010612225878315,0.0073744153241009,0.006859058097681115,0.0058891451718532765
2024-09-10,-12.0,62.6298828125,1.0400009155273438,0.370002746582017,19.450000762939453,-0.02,0.0,-47.440000000000005,0.1369599999999993,0.0,0.0,0.0,0.0075852578609927,-0.0024775294372038,0.005298138249051,0.0010612225878315,0.006952057540836459,0.0059856153064726195
2024-09-11,51.7998046875,24.47021484375,-2.959999084472656,0.0799942016601562,19.07999992370605,-0.0500000000000002,0.0,62.4,0.0167999999999999,0.0,0.0,0.0,-5.580413492471587e-05,0.0075852578609927,-0.0024775294372038,0.005298138249051,0.004366127963816441,0.005964428669063581
2024-09-12,32.2001953125,58.60986328125,1.55999755859375,0.0500030517578267,17.690000534057617,0.0,0.0,-79.96000000000001,-0.0806199999999996,0.0,0.0,0.0,0.0047816107741031,-5.580413492471587e-05,0.0075852578609927,-0.0024775294372038,0.0040874924976751215,0.0056784153554462384
2024-09-13,-52.0,41.6298828125,1.660003662109375,-0.3099975585937358,17.06999969482422,0.0300000000000002,0.0,20.46,-0.0115299999999995,0.0,0.0,0.0,0.0017907494723712,0.0047816107741031,-5.580413492471587e-05,0.0075852578609927,0.004147829736385793,0.005541677189876612
2024-09-17,-18.2998046875,30.26025390625,-0.3199996948242187,-0.2600021362304829,16.559999465942383,-0.02,0.0,34.39,-0.0370100000000004,0.0,0.0,0.0,0.0025118988752445,0.0017907494723712,0.0047816107741031,-5.580413492471587e-05,0.003959898676341126,0.005542956469229847
2024-09-18,-33.7001953125,8.56005859375,2.540000915527344,-0.220001220703125,17.610000610351562,-0.0100000000000002,0.0,17.659999999999997,0.09891,0.0,0.0,0.0,-0.0003376613990417,0.0025118988752445,0.0017907494723712,0.0047816107741031,0.002946030432155906,0.005519451912231884
2024-09-19,-40.0,-16.3203125,-0.279998779296875,-0.2900009155273437,18.229999542236328,0.0500000000000002,0.0,41.56000000000002,-0.1901799999999998,-0.25,0.0,0.0,0.0096928211798041,-0.0003376613990417,0.0025118988752445,0.0017907494723712,0.0020851481909066752,0.005325177977988608
2024-09-20,-44.7998046875,95.38037109375,1.0399932861328125,0.0100021362304687,16.329999923706055,0.0299999999999998,-0.5,-26.01000000000002,-0.0879099999999999,0.0,0.0,0.0,-0.0207551087098266,0.0096928211798041,-0.0003376613990417,0.0025118988752445,0.0038223875058364153,0.005601262067257266
2024-09-23,-102.6005859375,-11.09033203125,-0.029998779296875,0.1100006103515625,16.149999618530273,0.0,0.0,-59.69999999999999,0.0258799999999999,0.0,0.0,0.0,0.004217753519974,-0.0207551087098266,0.0096928211798041,-0.0003376613990417,0.011448596199145428,0.007245030154039308
2024-09-24,-43.599609375,16.02001953125,-1.5499954223632812,0.1999969482422017,15.890000343322754,0.02,0.0,7.199999999999989,0.0488400000000002,0.0,0.0,0.0,0.0003549202146424,0.004217753519974,-0.0207551087098266,0.0096928211798041,0.011668076983512316,0.007146840905671819
2024-09-25,20.099609375,14.3603515625,1.1899948120117188,-0.5499954223632812,15.390000343322754,-0.0099999999999997,0.0,-1.1299999999999957,0.0086599999999998,0.0,0.0,0.0,-0.0048441880187398,0.0003549202146424,0.004217753519974,-0.0207551087098266,0.011548077881174127,0.006975114427695211
2024-09-26,-53.0,-10.67041015625,-1.8699951171875,0.5499954223632812,15.40999984741211,0.0499999999999998,0.0,31.44,-0.1097299999999998,0.0,0.0,0.0,0.0004667950048776,-0.0048441880187398,0.0003549202146424,0.004217753519974,0.011623423311817703,0.007087275227939549
2024-09-27,80.400390625,23.1103515625,-2.020004272460937,-0.3600006103515625,15.369999885559082,0.0,0.0,-21.8,0.0325699999999997,0.0,0.0,0.0,-0.0061652634333357,0.0004667950048776,-0.0048441880187398,0.0003549202146424,0.009846734235524065,0.00688955135206106
2024-09-30,-131.5,-7.2001953125,0.5100021362304688,-0.1399993896484375,16.959999084472656,-0.04,0.0,8.400000000000006,-0.0385600000000003,0.0,0.0,0.0,-0.0221997339331469,-0.0061652634333357,0.0004667950048776,-0.0048441880187398,0.00425681226788949,0.006978218112220849
2024-10-01,48.0,24.31005859375,-0.0100021362304687,0.3600006103515483,16.729999542236328,0.06,0.0,25.75999999999999,0.0445999999999999,0.0,0.0,0.0,0.0150567309125621,-0.0221997339331469,-0.0061652634333357,0.0004667950048776,0.00928519034072983,0.008499801628939894
2024-10-02,52.599609375,-53.72998046875,1.660003662109375,0.4100036621093608,19.26000022888184,-0.0699999999999998,0.0,-57.41,0.0416100000000003,0.0,0.0,0.0,-0.0103741221743857,0.0150567309125621,-0.0221997339331469,-0.0061652634333357,0.013404023189453699,0.009191298647455005
2024-10-03,90.0,0.7900390625,0.2699966430664062,0.4899978637695454,18.89999961853028,0.0499999999999998,0.0,74.74,-0.0262099999999998,0.0,0.0,0.0,-0.0025728439195746,-0.0103741221743857,0.0150567309125621,-0.0221997339331469,0.013762188749307533,0.009201770782776088
2024-10-04,63.400390625,-9.60009765625,3.6100006103515625,0.3099975585937358,20.489999771118164,0.06,0.0,-56.91999999999999,0.0320499999999999,0.0,0.0,0.0,-0.0063481013657525,-0.0025728439195746,-0.0103741221743857,0.0150567309125621,0.013545463218114364,0.009029452285108704
2024-10-07,133.0,51.1298828125,0.6699981689453125,0.5299987792968892,19.209999084472656,0.1299999999999999,0.0,-2.1200000000000045,-0.1048400000000002,0.0,0.0,0.0,0.0010725100149301,-0.0063481013657525,-0.0025728439195746,-0.0103741221743857,0.013548794651232099,0.009098718865876277
2024-10-08,193.0,-55.1298828125,2.7600021362304688,0.0200042724609375,22.63999938964844,0.0500000000000002,0.0,-26.200000000000003,0.09417,0.0,-0.28,0.0,0.0070389175615373,0.0010725100149301,-0.0063481013657525,-0.0025728439195746,0.009751810853021714,0.008987812847637878
2024-10-09,94.0,55.18994140625,-3.5699996948242188,0.0100021362304545,21.420000076293945,0.0099999999999997,0.0,78.71000000000001,-0.0061099999999996,0.0,0.0,0.0,-0.0074187282464889,0.0070389175615373,0.0010725100149301,-0.0063481013657525,0.006712343212993175,0.009179299556444956
2024-10-10,-61.599609375,40.91015625,-0.3300018310546875,0.3799972534179829,20.86000061035156,0.0199999999999995,0.0,-55.49000000000001,0.0067999999999992,0.0,0.0,0.0,-0.0028308624687176,-0.0074187282464889,0.0070389175615373,0.0010725100149301,0.0058972721967345786,0.009056968179350476
2024-10-11,-17.80078125,-11.990234375,2.6100006103515625,0.0599975585937357,20.93000030517578,0.0300000000000002,0.0,25.120000000000005,0.0243700000000002,0.0,0.0,0.0,0.0054026971406717,-0.0028308624687176,-0.0074187282464889,0.0070389175615373,0.005908532033934485,0.009051638703349883
2024-10-14,6.30078125,34.97998046875,-0.2900009155273437,-0.0999984741210795,20.459999084472656,-0.0099999999999997,0.0,150.39,-0.0269500000000002,0.0,0.0,0.0,0.0051793311082818,0.0054026971406717,-0.0028308624687176,-0.0074187282464889,0.005933077810592018,0.009076593933454332
2024-10-15,-108.900390625,44.8203125,-1.7299957275390625,0.4100036621093608,19.700000762939453,0.0,0.0,-178.81,0.0418200000000004,0.0,0.0,0.0,0.0088626553425802,0.0051793311082818,0.0054026971406717,-0.0028308624687176,0.006279826898192495,0.009178440561388652
2024-10-16,11.0,-44.59033203125,-3.25,-0.0400009155273153,20.63999938964844,-0.0499999999999998,0.0,72.16,-0.0825399999999998,0.0,0.0,0.0,0.002878887333653,0.0088626553425802,0.0051793311082818,0.0054026971406717,0.006721283942737303,0.009435977416802303
2024-10-17,5.599609375,27.21044921875,-0.19000244140625,0.329994201660142,19.57999992370605,-0.0100000000000006,0.0,-60.72999999999999,-0.0082000000000004,0.0,0.0,0.0,0.0111934656232871,0.002878887333653,0.0088626553425802,0.0051793311082818,0.004326369865351466,0.009480996852145254
2024-10-18,5.30078125,-1.0,0.279998779296875,0.2400054931640483,19.11000061035156,0.0700000000000002,0.0,35.11999999999999,0.0516000000000005,0.0,0.0,0.0,0.0032295395654417,0.0111934656232871,0.002878887333653,0.0088626553425802,0.003296383775656139,0.009576894505359559
2024-10-21,-90.900390625,23.19970703125,-1.4499969482421875,-0.3400039672851562,18.030000686645508,-0.0099999999999997,0.0,-44.67999999999999,-0.0788400000000004,0.0,0.0,0.0,0.0016141650639358,0.0032295395654417,0.0111934656232871,0.002878887333653,0.0036364808323790876,0.008416032098309191
2024-10-22,-26.0,-10.68994140625,1.339996337890625,0.5200042724609659,18.3700008392334,0.1100000000000003,0.0,213.68,0.1135400000000004,0.0,0.0,0.0,0.0021060490969348,0.0016141650639358,0.0032295395654417,0.0111934656232871,0.004208099360819129,0.008369155031563128
2024-10-23,89.0,-2.77978515625,1.529998779296875,0.0699996948241903,18.200000762939453,0.0099999999999997,0.0,-167.78000000000003,0.0024600000000001,0.0,0.0,0.0,-0.000182064571358,0.0021060490969348,0.0016141650639358,0.0032295395654417,0.00395811724549228,0.008382435035188398
2024-10-24,30.0,-53.7802734375,-1.3199996948242188,0.3499984741211079,19.239999771118164,0.04,0.0,-17.42,-0.0594800000000006,0.0,0.0,0.0,-0.0091610021700059,-0.000182064571358,0.0021060490969348,0.0016141650639358,0.004423717368666026,0.008303109556198724
2024-10-25,77.0,12.43994140625,-0.5799942016601562,-0.370002746582017,19.07999992370605,-0.0300000000000002,0.0,-31.25999999999999,-0.0412599999999994,0.0,0.0,0.0,-0.0028406190086333,-0.0091610021700059,-0.000182064571358,0.0021060490969348,0.005007055429253756,0.008567836445808394
2024-10-28,-41.5,-1.73974609375,1.589996337890625,0.2000045776367187,20.32999992370605,0.04,0.0,16.310000000000002,-0.0595800000000004,0.0,0.0,0.0,-0.007832013061191,-0.0028406190086333,-0.0091610021700059,-0.000182064571358,0.00460274716890755,0.008477392123383656
2024-10-29,66.599609375,15.39990234375,-4.400001525878906,0.0599975585937357,19.799999237060547,0.0300000000000002,0.0,-7.990000000000009,0.06346,0.0,0.0,0.0,-0.0036782847004857,-0.007832013061191,-0.0028406190086333,-0.0091610021700059,0.0048386719621999735,0.006973895681281464
2024-10-30,58.900390625,9.39990234375,-0.1699981689453125,-0.0400009155273437,19.34000015258789,0.0,0.0,13.320000000000007,-0.0305299999999997,0.0,0.0,0.0,-0.0048430392296017,-0.0036782847004857,-0.007832013061191,-0.0028406190086333,0.0036951136862552764,0.006154641210750328
2024-10-31,21.0,-19.25,1.4000015258789062,-0.2900009155273579,20.350000381469727,0.0099999999999997,0.0,-18.52000000000001,-0.0785100000000005,0.0,0.0,0.0,0.0005505786373484,-0.0048430392296017,-0.0036782847004857,-0.007832013061191,0.00271650430035832,0.005788342429176287
2024-11-01,-72.5,-108.2197265625,0.6500015258789062,-0.0099945068359232,23.15999984741211,-0.0099999999999997,0.0,37.18000000000001,-0.0605799999999998,0.0,0.0,0.0,-0.0091201572547424,0.0005505786373484,-0.0048430392296017,-0.0036782847004857,0.003048868035824138,0.005756082057580583
2024-11-04,17.5,23.349609375,0.2299957275390625,0.2999954223632812,21.8799991607666,0.0899999999999998,0.0,8.650000000000006,0.0290600000000003,0.0,0.0,0.0,-0.0034373499489455,-0.0091201572547424,0.0005505786373484,-0.0048430392296017,0.003793919365500812,0.005952084892962583
2024-11-05,129.0,-16.10986328125,1.9800033569335935,-0.3899993896484375,21.979999542236328,-0.0600000000000005,0.0,115.52,0.096,0.0,0.0,0.0,0.0016602585220596,-0.0034373499489455,-0.0091201572547424,0.0005505786373484,0.0034640567642768,0.00599700911637213
2024-11-06,-52.0,70.06982421875,0.5199966430664062,-0.4700012207031108,20.489999771118164,-0.0499999999999998,0.0,80.68,0.0155099999999999,0.0,-0.1300000000000001,0.0,-0.0145289522798936,0.0016602585220596,-0.0034373499489455,-0.0091201572547424,0.0043405591124063255,0.005773411988805655
2024-11-07,-125.0,146.2802734375,-0.2999954223632812,1.6699981689452983,16.270000457763672,0.1600000000000001,0.0,-169.92000000000002,-0.1282800000000001,0.0,0.0,0.0,-0.0191434481484738,-0.0145289522798936,0.0016602585220596,-0.0034373499489455,0.0068077781868823364,0.0064100107737862415
2024-11-08,153.2001953125,44.06005859375,0.6699981689453125,-0.579994201660142,15.199999809265137,-0.1100000000000003,0.0,180.95,0.0866699999999998,0.0,0.0,0.0,0.0059639435268961,-0.0191434481484738,-0.0145289522798936,0.0016602585220596,0.008336972447926161,0.007609182199628448
2024-11-11,-260.2001953125,22.43994140625,-1.9800033569335935,0.489997863769517,14.9399995803833,-0.0099999999999997,-0.25,-15.109999999999957,-0.0244900000000001,0.0,0.0,0.0,-0.0028489031687249,0.0059639435268961,-0.0191434481484738,-0.0145289522798936,0.010651560974143014,0.007637367133307864
2024-11-12,89.2001953125,5.81005859375,-2.339996337890625,0.5400009155273438,14.970000267028809,0.0,0.0,77.91999999999996,0.1194500000000005,0.0,0.0,-0.0999999999999996,0.0076123457971926,-0.0028489031687249,0.0059639435268961,-0.0191434481484738,0.010688719472005464,0.0074728098240937615
2024-11-13,117.7998046875,-17.35986328125,0.0800018310546875,0.4799957275390625,14.710000038146973,0.1299999999999999,0.0,-160.98,-0.0125799999999998,0.0,0.0,0.0,-0.0018201431856926,0.0076123457971926,-0.0028489031687249,0.0059639435268961,0.011978105083441572,0.00738202678983361
2024-11-14,23.900390625,1.3896484375,0.30999755859375,0.4600067138671875,14.020000457763672,0.0100000000000006,0.0,-54.94999999999999,-0.0633400000000001,0.0,0.0,0.0,-0.0129600878045136,-0.0018201431856926,0.0076123457971926,-0.0028489031687249,0.010612035963117916,0.007291443469396306
2024-11-15,58.2998046875,-36.2099609375,0.2699966430664062,0.1899948120117329,14.3100004196167,-0.0100000000000006,0.0,-34.670000000000016,-0.0406900000000005,0.0,0.0,0.0,-0.0074157121059033,-0.0129600878045136,-0.0018201431856926,0.0076123457971926,0.008210121300243933,0.006934756235438741
2024-11-18,86.099609375,-78.5498046875,-1.6800003051757812,0.020004272460909,16.139999389648438,0.0,0.0,132.69000000000003,0.0189300000000001,0.0,0.0,0.0,-0.0037747436097842,-0.0074157121059033,-0.0129600878045136,-0.0018201431856926,0.007608469400028936,0.0067996473325592985
2024-11-19,-42.0,23.0,2.1400070190429688,-0.4100036621093608,15.579999923706056,-0.0099999999999997,0.0,194.8,0.1092700000000004,0.0,0.0,0.0,0.008574794182266,-0.0037747436097842,-0.0074157121059033,-0.0129600878045136,0.007600334611489011,0.006670377127984392
2024-11-20,-85.2001953125,23.35986328125,0.2299957275390625,-0.0699996948242187,16.350000381469727,-0.0300000000000002,0.0,-249.17,0.01682,0.0,0.0,0.0,-0.0021396543402437,0.008574794182266,-0.0037747436097842,-0.0074157121059033,0.007961186350096867,0.00713706761653973
2024-11-21,11.0,0.1298828125,-0.5199966430664062,0.470001220703125,17.15999984741211,0.0200000000000004,0.0,-32.24000000000001,0.0016599999999993,0.0,0.0,0.0,-0.0055055193094413,-0.0021396543402437,0.008574794182266,-0.0037747436097842,0.007945808041441257,0.007095815623316485
2024-11-22,95.900390625,31.60009765625,1.2299957275390625,0.2900009155273437,16.8700008392334,0.0199999999999995,0.0,38.1,-0.0184899999999998,0.0,0.0,0.0,0.0076243412642414,-0.0055055193094413,-0.0021396543402437,0.008574794182266,0.006257005802635355,0.007003968996512747
2024-11-25,-96.099609375,20.6298828125,1.1399993896484375,0.519996643066392,15.239999771118164,-0.0199999999999995,0.0,-84.53999999999999,-0.0561899999999999,0.0,0.0,0.0,0.0163402176684301,0.0076243412642414,-0.0055055193094413,-0.0021396543402437,0.006637526696140956,0.007461385282749144
2024-11-26,123.099609375,18.0302734375,-2.299995422363281,-0.6699981689452983,14.600000381469728,-0.1400000000000005,0.0,-47.620000000000005,0.0569199999999998,0.0,0.0,0.0,-0.0093709126490308,0.0163402176684301,0.0076243412642414,-0.0055055193094413,0.008797801113719094,0.00857267318323319
2024-11-28,-38.7998046875,34.259765625,-0.1700057983398437,0.1900024414062642,14.100000381469728,0.0300000000000002,0.0,62.400000000000006,-0.0550599999999992,0.0,0.0,0.0,-0.0063312980811656,-0.0093709126490308,0.0163402176684301,0.0076243412642414,0.010466373610454145,0.008719525289037825
2024-11-29,-37.7001953125,-22.8896484375,-0.0499954223632812,-0.9300003051758096,14.100000381469728,-0.0499999999999998,0.0,12.569999999999991,-0.0372200000000004,0.0,0.0,0.0,-0.0120007829959263,-0.0063312980811656,-0.0093709126490308,0.0163402176684301,0.010975237516691431,0.008747515690183548
2024-12-02,14.5,33.6396484375,-0.720001220703125,-0.3400039672851562,13.510000228881836,-0.0700000000000002,0.0,12.090000000000003,0.0688399999999997,0.0,0.0,0.0,-0.0095020948552218,-0.0120007829959263,-0.0063312980811656,-0.0093709126490308,0.012188685798805002,0.008964418651309338
2024-12-03,-49.0,14.77001953125,0.0999984741210937,0.7099990844726847,13.34000015258789,0.0100000000000006,0.0,-96.13,0.0232900000000002,0.0,0.0,0.0,0.0209277060392636,-0.0095020948552218,-0.0120007829959263,-0.0063312980811656,0.011641972386911531,0.008978244809150701
2024-12-04,81.0,2.72998046875,1.840003967285156,-0.0799942016601562,13.300000190734863,0.04,0.0,13.509999999999993,-0.0342799999999998,0.0,0.0,0.0,0.0180062758882911,0.0209277060392636,-0.0095020948552218,-0.0120007829959263,0.013667353273429219,0.010466860727883193
2024-12-05,30.0,36.6103515625,-1.4000015258789062,-0.0300064086914204,13.449999809265137,-0.04,0.0,85.72,-0.0512100000000002,0.0,0.0,0.0,-0.0018375826197738,0.0180062758882911,0.0209277060392636,-0.0095020948552218,0.01590556229240422,0.011362025839448444
2024-12-06,-33.400390625,-11.38037109375,-0.2399978637695312,-0.6299972534179688,13.539999961853027,-0.0200000000000004,0.0,-80.52,-0.0856199999999995,0.0,-0.1599999999999999,0.0,0.0094545756007759,-0.0018375826197738,0.0180062758882911,0.0209277060392636,0.015421158988422626,0.010919181825834413
2024-12-09,-66.7998046875,15.16015625,-1.100006103515625,0.2600021362304687,12.770000457763672,-0.0199999999999995,0.0,293.3,-0.0434800000000006,0.0,0.0,0.0,0.0074148635722675,0.0094545756007759,-0.0018375826197738,0.0180062758882911,0.01294919365349362,0.010195006129700167
2024-12-10,-14.0,-37.419921875,1.1700057983398438,0.1800003051757812,14.1899995803833,0.0499999999999998,0.0,-156.89,0.0685200000000003,0.0,0.0,0.0,0.0020893343804084,0.0074148635722675,0.0094545756007759,-0.0018375826197738,0.009048182390873074,0.01023763668224061
2024-12-11,38.2001953125,-17.93994140625,0.2199935913085937,0.25,14.18000030517578,0.0199999999999995,0.0,-15.410000000000023,0.0582799999999998,0.0,0.0,0.0,0.001537044642277,0.0020893343804084,0.0074148635722675,0.0094545756007759,0.007575444144129834,0.0101988314567213
2024-12-12,44.0,49.27978515625,1.7000045776367188,0.30999755859375,13.579999923706056,0.04,0.0,1.3300000000000125,-0.1250999999999997,0.0,0.0,0.0,-0.0094911822003526,0.001537044642277,0.0020893343804084,0.0074148635722675,0.0046056428675746285,0.01008985693052917
2024-12-13,55.0,-32.93994140625,-0.2700042724609375,0.25,13.920000076293944,0.0600000000000005,0.0,-94.28,-0.1195000000000003,0.0,0.0,0.0,-0.0094366626979996,-0.0094911822003526,0.001537044642277,0.0020893343804084,0.007364766847188376,0.010343926960425364
2024-12-16,4.400390625,-0.16015625,1.2700042724609375,0.0400009155273437,13.8100004196167,0.08,0.0,16.24000000000001,0.0648499999999998,0.0,0.0,0.0,-0.0090731333711452,-0.0094366626979996,-0.0094911822003526,0.001537044642277,0.007556478502559231,0.010128917839171265
2024-12-17,58.3994140625,22.990234375,-0.5800018310546875,-0.1399993896484375,14.6899995803833,-0.0100000000000006,0.0,147.25,0.2355900000000002,0.0,0.0,0.0,-0.0139980624495301,-0.0090731333711452,-0.0094366626979996,-0.0094911822003526,0.006110615728052026,0.010205801537114081
2024-12-18,-70.7998046875,-23.47021484375,-0.6299972534179688,0.0999984741210937,15.869999885559082,0.0100000000000006,0.0,-201.99,-0.0268199999999998,0.0,0.0,0.0,-0.0069898374205115,-0.0139980624495301,-0.0090731333711452,-0.0094366626979996,0.005751706809221897,0.01068517851388861
2024-12-19,-28.7998046875,-178.44970703125,0.5,1.0699996948242188,27.6200008392334,0.0999999999999996,0.0,165.05,-0.0488600000000003,0.0,0.0,0.0,-0.0185502175335036,-0.0069898374205115,-0.0139980624495301,-0.0090731333711452,0.0025630272549615335,0.01060688537636146
2024-12-20,219.099609375,-5.080078125,-0.6699981689453125,0.3800048828125,24.09000015258789,0.0700000000000002,-0.25,-80.28,-0.0227399999999997,0.0,0.0,0.0,0.0009494152275927,-0.0185502175335036,-0.0069898374205115,-0.0139980624495301,0.004646892789441572,0.011340484998530324
2024-12-23,-164.0,63.77001953125,-0.4500045776367187,-0.7900009155273295,18.36000061035156,-0.0500000000000007,0.0,9.090000000000003,-0.0561699999999998,0.0,0.0,0.0,0.0159914076443069,0.0009494152275927,-0.0185502175335036,-0.0069898374205115,0.007379145867708674,0.011310344203609423
2024-12-24,178.0,43.2197265625,-0.220001220703125,0.4199981689452983,16.780000686645508,0.0700000000000002,0.0,-41.78,0.08772,0.0,0.0,0.0,-0.0043353148857154,0.0159914076443069,0.0009494152275927,-0.0185502175335036,0.0136328015621994,0.011794857619089263
2024-12-27,58.2998046875,65.97021484375,0.8600006103515625,0.2200012207031392,14.270000457763672,0.0,0.0,113.16,0.0573100000000001,0.0,0.0,0.0,-0.0041376654362574,-0.0043353148857154,0.0159914076443069,0.0009494152275927,0.01259890232849642,0.011109488925621655
2024-12-30,-28.599609375,-69.2001953125,0.5,-0.2600021362304829,15.949999809265137,0.0300000000000002,0.0,-147.87,0.0149099999999995,0.0,0.0,0.0,0.0061395098555389,-0.0041376654362574,-0.0043353148857154,0.0159914076443069,0.012412911137399438,0.010980868729541392
2025-01-02,-11.0,-63.89990234375,0.3899993896484375,0.1299972534179545,17.399999618530273,-0.0700000000000002,0.0,34.06,-0.0036499999999994,0.0,0.0,0.0,0.0116970582318737,0.0061395098555389,-0.0041376654362574,-0.0043353148857154,0.008478802547356749,0.01104392717032201
2025-01-03,52.5,-38.39013671875,2.139999389648437,1.260002136230483,17.93000030517578,0.0200000000000004,0.0,50.53,-0.1293100000000002,0.0,0.0,0.0,0.0001708755364679,0.0116970582318737,0.0061395098555389,-0.0041376654362574,0.009186674357017754,0.01105496810208109
2025-01-06,-29.400390625,73.92041015625,0.8300018310546875,-0.4400024414062358,16.1299991607666,0.0299999999999993,0.0,-21.49000000000001,-0.0447499999999996,0.0,0.0,0.0,-0.0117875212396126,0.0001708755364679,0.0116970582318737,0.0061395098555389,0.006933216845820678,0.010810482010090026
2025-01-07,-22.2998046875,32.90966796875,-0.4000015258789062,-0.6899948120117188,16.040000915527344,0.0200000000000004,0.0,54.900000000000006,0.0943299999999993,0.0,0.02,0.0,0.0003967956203353,-0.0117875212396126,0.0001708755364679,0.0116970582318737,0.009079409733461151,0.010057726642458489
2025-01-08,0.2998046875,-66.35009765625,0.69000244140625,0.2799987792968608,17.81999969482422,0.0499999999999998,0.0,38.63,-0.0167299999999999,0.0,0.0,0.0,-0.0004140361839891,0.0003967956203353,-0.0117875212396126,0.0001708755364679,0.008730562171235225,0.009043526551441578
2025-01-09,-21.3994140625,9.22021484375,-0.9300003051757812,0.5499954223632812,17.700000762939453,0.0,0.0,-48.93000000000001,-0.0175099999999996,0.0,0.0,0.0,-0.0022289478425764,-0.0004140361839891,0.0003967956203353,-0.0117875212396126,0.008308491157991035,0.009047903302556998
2025-01-10,29.8994140625,0.0,0.5999984741210938,0.0900039672851562,17.700000762939453,0.0099999999999997,0.0,18.700000000000017,0.0114599999999995,0.0,0.0,0.0,0.003430730611918,-0.0022289478425764,-0.0004140361839891,0.0003967956203353,0.005143838613461911,0.008664378739786137
2025-01-13,49.400390625,-91.2099609375,2.6500015258789062,0.470001220703125,19.540000915527344,0.0899999999999998,0.0,-82.95000000000002,0.0055700000000005,0.0,0.0,0.0,-0.0102068950009192,0.003430730611918,-0.0022289478425764,-0.0004140361839891,0.005777716197555808,0.00847535485546573
2025-01-14,31.0,9.18017578125,2.25,0.30999755859375,19.190000534057617,0.0200000000000004,0.0,31.840000000000003,0.0961599999999993,0.0,0.0,0.0,-0.0086183204666891,-0.0102068950009192,0.003430730611918,-0.0022289478425764,0.005122673357484156,0.00857777143693179
2025-01-15,27.2001953125,6.68994140625,-1.3199996948242188,-0.69000244140625,18.709999084472656,-0.0099999999999997,0.0,5.800000000000011,-0.1196799999999997,0.0,0.0,0.0,0.0175118445827129,-0.0086183204666891,-0.0102068950009192,0.003430730611918,0.005707355856016024,0.008594574185988031
2025-01-16,24.7998046875,107.0,2.540000915527344,-0.1800003051757812,16.1200008392334,-0.1200000000000001,0.0,-74.68,-0.0487899999999994,-0.25,0.0,0.0,0.0039412007770193,0.0175118445827129,-0.0086183204666891,-0.0102068950009192,0.011201076784738188,0.009662573316640234
2025-01-17,40.7998046875,-12.5703125,-1.3600006103515625,-0.1299972534179687,16.600000381469727,-0.0499999999999998,0.0,23.960000000000008,-0.2163200000000005,0.0,0.0,0.0,0.0066103976969945,0.0039412007770193,0.0175118445827129,-0.0086183204666891,0.011237021390648125,0.009596200448777743
2025-01-20,8.0,59.3203125,-0.8000030517578125,0.3899993896484375,15.970000267028809,0.0,0.0,38.94999999999999,-0.0153299999999996,0.0,0.0,0.0,0.0022447716116735,0.0066103976969945,0.0039412007770193,0.0175118445827129,0.011481314225677419,0.009586053487944333
2025-01-21,-1.7001953125,0.0,0.0,0.0,15.970000267028809,0.0,0.0,20.080000000000013,0.0705999999999997,0.0,0.0,0.0,0.0015443952311634,0.0022447716116735,0.0066103976969945,0.0039412007770193,0.00936908836447205,0.009076552369647727
2025-01-22,-122.099609375,52.580078125,-1.9899978637695312,-1.2900009155273295,15.0600004196167,-0.04,0.0,31.66,-0.05804,0.0,0.0,0.0,0.010431340236871,0.0015443952311634,0.0022447716116735,0.0066103976969945,0.0065268967875660305,0.008925506769666556
2025-01-23,85.7998046875,37.1298828125,-0.4499969482421875,0.1100006103515625,15.100000381469728,0.0299999999999993,0.0,-103.6,-0.03383,0.0,0.0,0.0,-0.0033796098769086,0.010431340236871,0.0015443952311634,0.0022447716116735,0.0036309776204295624,0.007968160614246102
2025-01-24,-98.0,32.33984375,-0.8199996948242188,-0.1199951171875284,15.020000457763672,0.0500000000000007,0.0,54.750000000000014,-0.0038099999999996,0.0,0.0,0.0,-0.0092490839255324,-0.0033796098769086,0.010431340236871,0.0015443952311634,0.005254678802091379,0.008055563443260765
2025-01-30,-1.8994140625,-17.4697265625,0.0400009155273437,-0.6100006103515625,14.850000381469728,-0.0200000000000004,0.0,12.639999999999986,0.1940900000000001,0.0,0.0,0.0,-0.0130031542140962,-0.0092490839255324,-0.0033796098769086,0.010431340236871,0.007292077170389838,0.007675192678587314
2025-01-31,7.099609375,-30.0703125,-1.9300003051757808,0.3600006103515625,15.84000015258789,-0.1100000000000003,0.0,104.35,-0.0627000000000004,0.0,0.0,0.0,0.0050368286519993,-0.0130031542140962,-0.0092490839255324,-0.0033796098769086,0.009218859333956895,0.008189385607659794
2025-02-03,36.5,-30.64013671875,-0.2000045776367187,0.5699996948242472,16.43000030517578,0.0600000000000005,0.0,202.27,-0.0271999999999996,0.0,0.0,0.0,-0.0111941580829432,0.0050368286519993,-0.0130031542140962,-0.0092490839255324,0.009741300775847882,0.00819914018313168
2025-02-04,66.7998046875,-45.9599609375,0.6300048828125,0.6199951171874716,18.6200008392334,-0.04,0.0,-168.61999999999995,-0.0358200000000001,0.0,0.0,0.0,0.006154637262493,-0.0111941580829432,0.0050368286519993,-0.0130031542140962,0.007324919682072337,0.008484299458975214
2025-02-05,-21.2998046875,43.31005859375,-0.4600067138671875,-1.0299987792968608,17.209999084472656,-0.0200000000000004,0.0,66.19,-0.0085699999999997,0.0,0.0,0.0,-0.006984288573747,0.006154637262493,-0.0111941580829432,0.0050368286519993,0.00927536476724777,0.00815407513557413
2025-02-06,-20.900390625,23.60009765625,-1.6699981689453125,-0.3799972534179829,15.770000457763672,-0.0899999999999998,0.0,-167.16000000000005,-0.0321100000000003,0.0,-0.81,0.0,-0.0213956963687795,-0.006984288573747,0.006154637262493,-0.0111941580829432,0.009034649760383092,0.008273165209110436
2025-02-07,-1.0,22.08984375,-0.4199981689453125,0.1100006103515625,15.5,0.0200000000000004,0.0,146.26,0.0270400000000003,0.0,0.0,0.0,-0.0195275502239839,-0.0213956963687795,-0.006984288573747,0.006154637262493,0.011554211525214167,0.009164248603493698
2025-02-10,28.900390625,-57.57958984375,0.3899993896484375,0.3499984741211079,16.540000915527344,0.04,0.0,-39.56,-0.09274,0.0,0.0,0.0,-0.0141046425960793,-0.0195275502239839,-0.0213956963687795,-0.006984288573747,0.011072397157098728,0.009996009991303552
2025-02-11,-12.2998046875,40.44970703125,1.3199996948242188,0.279998779296875,15.8100004196167,0.0199999999999995,0.0,-42.55000000000001,0.08122,0.0,0.0,0.0699999999999994,-0.0176257505831348,-0.0141046425960793,-0.0195275502239839,-0.0213956963687795,0.011188038972364676,0.010311958625330046
2025-02-12,15.3994140625,2.06005859375,1.0,-0.3600006103515625,16.020000457763672,0.0300000000000002,0.0,-59.45999999999998,-0.1386500000000001,0.0,0.0,0.0,0.0172700604855082,-0.0176257505831348,-0.0141046425960793,-0.0195275502239839,0.00567999621212134,0.010802681224341724
2025-02-13,13.2001953125,-16.52978515625,-1.9499969482421875,-0.0199966430664204,15.890000343322754,0.08,0.0,54.39999999999998,0.0347599999999994,0.0,0.0,0.0,-0.0048584636101118,0.0172700604855082,-0.0176257505831348,-0.0141046425960793,0.016074015409148813,0.011703904114664874
2025-02-14,31.7001953125,63.099609375,-0.0800018310546875,-0.6300048828124716,15.100000381469728,-0.1000000000000005,0.0,-48.589999999999975,-0.0169399999999999,0.0,0.0,0.0,0.0037565789481754,-0.0048584636101118,0.0172700604855082,-0.0176257505831348,0.015091265472488615,0.01159664306469861
2025-02-17,-156.0,-0.43994140625,-0.5500030517578125,-0.7399978637695455,14.770000457763672,-0.0499999999999998,0.0,61.22000000000003,-0.0094899999999995,0.0,0.0,0.0,0.0285739215045203,0.0037565789481754,-0.0048584636101118,0.0172700604855082,0.014116860909874114,0.011608965511104692
2025-02-18,-46.0,0.0,0.0,0.0,14.770000457763672,0.0,0.0,74.78999999999996,0.0707699999999995,0.0,0.0,0.0,0.0062275457498312,0.0285739215045203,0.0037565789481754,-0.0048584636101118,0.01813869044904138,0.012806397167433233
2025-02-19,47.0,14.9501953125,1.1100006103515625,0.4800033569335795,15.350000381469728,0.08,0.0,-92.33999999999996,-0.0125299999999999,0.0,0.0,0.0,-0.0115136776304791,0.0062275457498312,0.0285739215045203,0.0037565789481754,0.012958027978171645,0.012870275478006652
2025-02-20,97.0,14.56982421875,0.4000015258789062,0.1199951171875284,15.270000457763672,-0.0199999999999995,0.0,61.13,-0.0332599999999994,0.0,0.0,0.0,-0.0010051119194861,-0.0115136776304791,0.0062275457498312,0.0285739215045203,0.01522407441390089,0.012894336527265949
2025-02-21,29.400390625,-26.6298828125,0.3199996948242187,-0.8300018310547017,15.65999984741211,-0.0300000000000002,0.0,26.430000000000007,0.1489099999999998,0.0,0.0,0.0,0.0022013013202874,-0.0010051119194861,-0.0115136776304791,0.0062275457498312,0.014725230446009112,0.01285074120441584
2025-02-24,-101.30078125,-104.39013671875,-2.1699981689453125,0.2700042724609375,18.209999084472656,-0.08,0.0,7.699999999999989,-0.0146399999999999,0.0,0.0,0.0,-0.0078804318894984,0.0022013013202874,-0.0010051119194861,-0.0115136776304791,0.014779876695092746,0.012863107781906004
2025-02-25,32.900390625,-29.8798828125,0.2999954223632812,-0.0100021362304687,18.979999542236328,-0.0199999999999995,0.0,-19.720000000000027,0.0317499999999997,0.0,0.0,0.0,-0.024372198663631,-0.0078804318894984,0.0022013013202874,-0.0010051119194861,0.0072568297205941835,0.012525813302152388
2025-02-26,1.2998046875,-28.0,-1.7699966430664062,-0.2900009155273295,19.43000030517578,-0.1000000000000005,0.0,-123.76,-0.0188399999999999,0.0,0.0,0.0,0.0028941011525742,-0.024372198663631,-0.0078804318894984,0.0022013013202874,0.010393303395456657,0.013356201024747482
2025-02-27,34.7001953125,0.81005859375,-0.30999755859375,0.1100006103515625,19.100000381469727,-0.0499999999999998,0.0,43.03000000000003,-0.1753999999999997,0.0,0.0,0.0,-0.0184443702875489,0.0028941011525742,-0.024372198663631,-0.0078804318894984,0.011310543693462476,0.013413194834216251
2025-02-28,53.400390625,-94.490234375,1.7299957275390625,0.8199996948241903,21.1299991607666,0.04,0.0,13.370000000000005,-0.0013000000000005,0.0,0.0,0.0,-0.0336893430137437,-0.0184443702875489,0.0028941011525742,-0.024372198663631,0.012182163847330592,0.013656943824217248
2025-03-03,186.298828125,92.93017578125,-0.589996337890625,0.3700027465820454,19.6299991607666,-0.0499999999999998,0.0,56.68000000000001,0.09471,0.0,0.0,0.0,0.0389503595209803,-0.0336893430137437,-0.0184443702875489,0.0028941011525742,0.014242985991641425,0.014942410179704302
2025-03-04,-31.69921875,-104.77978515625,-1.3899993896484375,-0.8600006103515625,22.780000686645508,-0.08,0.0,84.52999999999997,0.1552300000000004,0.0,0.0,0.0,-0.0215910226637374,0.0389503595209803,-0.0336893430137437,-0.0184443702875489,0.02895856428965167,0.01797327863275486
2025-03-05,-70.80078125,-71.5703125,-0.1100006103515625,-1.010002136230483,23.51000022888184,0.0599999999999996,0.0,17.779999999999973,-0.0686100000000005,0.0,0.0,0.0,0.0233902218715045,-0.0215910226637374,0.0389503595209803,-0.0336893430137437,0.02856385314269951,0.018235896284332514
2025-03-06,-72.19921875,64.47998046875,-1.9500045776367188,0.0,21.93000030517578,0.0600000000000005,0.0,-56.22999999999996,-0.1437999999999997,0.0,-0.85,0.0,0.0131489649077409,0.0233902218715045,-0.0215910226637374,0.0389503595209803,0.03154224182985979,0.019308874344961563
2025-03-07,-110.099609375,-104.10986328125,0.0500030517578125,-1.6800003051757528,24.8700008392334,0.0099999999999997,0.0,334.96,0.0419999999999998,0.0,0.0,0.0,0.0027392564818422,0.0131489649077409,0.0233902218715045,-0.0215910226637374,0.03064551419144403,0.019181357427218656
2025-03-10,53.19921875,31.68017578125,0.6800003051757812,-0.2200012207031392,23.3700008392334,0.0300000000000002,0.0,-169.55999999999997,-0.0412999999999996,0.0,0.0,0.0,-0.0057106821135857,0.0027392564818422,0.0131489649077409,0.0233902218715045,0.022744430211315995,0.018746242938374978
2025-03-11,-29.5,-155.64013671875,-1.0100021362304688,0.07000732421875,27.86000061035156,-0.1000000000000005,0.0,-152.92000000000007,0.0942499999999997,0.0,0.0,0.0,-0.0079674142364708,-0.0057106821135857,0.0027392564818422,0.0131489649077409,0.017303157084353676,0.018525278216225564
2025-03-12,31.400390625,-42.490234375,0.220001220703125,-0.4700012207031392,26.920000076293945,0.0600000000000005,0.0,300.25,-0.0379699999999996,0.0,0.0,0.0,0.0180454175960585,-0.0079674142364708,-0.0057106821135857,0.0027392564818422,0.013157861821373566,0.018174537319532166
2025-03-13,109.900390625,27.22998046875,1.4300003051757812,0.1699981689453267,24.229999542236328,0.04,0.0,-270.53,-0.1100600000000007,0.0,0.0,0.0,-0.0026483365893339,0.0180454175960585,-0.0079674142364708,-0.0057106821135857,0.01140252251433863,0.018213861165457233
2025-03-14,-128.30078125,-77.77978515625,-1.1299972534179688,0.2200012207031108,24.65999984741211,-0.0500000000000007,0.0,29.860000000000014,-0.0335999999999998,0.0,0.0,0.0,-0.0200243192655653,-0.0026483365893339,0.0180454175960585,-0.0079674142364708,0.01039556042245896,0.018188595322218587
2025-03-17,-46.2998046875,117.419921875,0.6299972534179688,-0.1100006103515482,21.770000457763672,0.04,0.0,-20.900000000000038,0.0927700000000006,0.0,0.0,0.0,-0.0067270815223021,-0.0200243192655653,-0.0026483365893339,0.0180454175960585,0.013808499825696477,0.01871728761230151
2025-03-18,61.7001953125,36.18017578125,0.4000015258789062,-0.3499984741210795,20.51000022888184,0.0,0.0,207.07,0.1137999999999994,0.0,0.0,0.0,-0.0391624737037583,-0.0067270815223021,-0.0200243192655653,-0.0026483365893339,0.013853623887719468,0.017406818596276907
2025-03-19,49.0,-60.4599609375,-0.6800003051757812,-0.1300048828125284,21.700000762939453,-0.0199999999999995,0.0,-35.289999999999964,-0.0069600000000002,0.0,0.0,0.0,0.0140842587025706,-0.0391624737037583,-0.0067270815223021,-0.0200243192655653,0.02122609144756672,0.019062021721427336
2025-03-20,144.5,60.6298828125,0.2600021362304687,0.1900024414062642,19.89999961853028,-0.04,0.0,-48.78999999999997,-0.0251699999999992,0.0,0.0,0.0,0.011031677257186,0.0140842587025706,-0.0391624737037583,-0.0067270815223021,0.019948288806796707,0.019454738604886487
2025-03-21,-184.2001953125,-12.39990234375,1.0999984741210938,0.4199981689453125,19.799999237060547,-0.0099999999999997,0.0,-106.79000000000002,0.0546199999999998,0.0,0.0,0.0,-0.0195411383943707,0.011031677257186,0.0140842587025706,-0.0391624737037583,0.022175979251614592,0.019726401948524257
2025-03-24,98.2001953125,4.669921875,0.0199966430664062,0.2399978637695312,19.280000686645508,0.0099999999999997,0.0,-68.31,-0.0128000000000003,0.0,0.0,0.0,-0.0156148315582877,-0.0195411383943707,0.011031677257186,0.0140842587025706,0.02211231201962537,0.020016625644543977
2025-03-25,90.5,100.009765625,0.8300018310546875,0.1700057983398579,17.479999542236328,0.0899999999999998,0.0,108.48999999999997,0.1953399999999998,0.0,0.0,0.0,0.0120034265236338,-0.0156148315582877,-0.0195411383943707,0.011031677257186,0.022334196283495835,0.020166163551927293
2025-03-26,56.80078125,9.080078125,-0.1100006103515625,-0.0800018310547017,17.149999618530273,-0.0300000000000002,0.0,-25.85999999999996,-0.00312,0.0,0.0,0.0,0.0372623027610922,0.0120034265236338,-0.0156148315582877,-0.0195411383943707,0.01650041338051584,0.019924206442917765
2025-03-27,45.19921875,-64.44970703125,0.6500015258789062,0.370002746582017,18.32999992370605,0.04,0.0,-156.49,0.0945400000000002,0.0,0.0,0.0,0.0058945299952297,0.0372623027610922,0.0120034265236338,-0.0156148315582877,0.0232030172933481,0.021827075241605823
2025-04-08,8.0,-18.89013671875,0.2699966430664062,-0.4800033569335795,18.690000534057617,0.0300000000000002,0.0,-3.3799999999999955,0.5831099999999996,0.0,0.0,0.0,-0.0823184303818051,0.0058945299952297,0.0372623027610922,0.0120034265236338,0.02298342704687357,0.021480400508325562
2025-04-09,226.69921875,-710.5400390625,-10.339996337890623,-1.1100006103515625,52.33000183105469,-0.1200000000000001,0.0,252.88,-0.68689,0.0,1.12,0.0,-0.0047064599132045,-0.0823184303818051,0.0058945299952297,0.0372623027610922,0.04533637593874594,0.02744247098097128
2025-04-10,196.201171875,474.1298828125,2.769996643066399,-0.05999755859375,33.619998931884766,0.08,0.0,24.090000000000032,-0.2406599999999992,0.0,0.0,0.0,0.0468152672196141,-0.0047064599132045,-0.0823184303818051,0.0058945299952297,0.04517386064619069,0.025673078210748573
2025-04-11,-246.400390625,-188.85009765625,-2.279998779296868,-2.029998779296861,40.720001220703125,0.0600000000000005,0.0,33.44999999999993,-0.0854400000000001,0.0,0.0,0.0,0.001310640105722,0.0468152672196141,-0.0047064599132045,-0.0823184303818051,0.05101870116003018,0.027738774420169008
2025-04-14,28.30078125,95.31005859375,1.4300003051757812,-1.0900039672851705,37.560001373291016,0.08,0.0,210.28,-0.0944099999999998,0.0,0.0,0.0,0.0168309217293731,0.001310640105722,0.0468152672196141,-0.0047064599132045,0.04692746655319649,0.027150090001236356
2025-04-15,-45.80078125,42.6103515625,0.0299987792968821,-0.1399993896484375,30.88999938964844,-0.1000000000000005,0.0,-338.16,-0.1359700000000003,0.0,0.0,0.0,0.0114232112107026,0.0168309217293731,0.001310640105722,0.0468152672196141,0.047900265731644034,0.027271175099095733
2025-04-16,-8.0,-9.34033203125,-0.1999969482421946,0.5800018310546875,30.1200008392334,-0.0300000000000002,0.0,-123.70999999999998,0.1406099999999996,0.0,0.0,0.0,-0.0064833987929994,0.0114232112107026,0.0168309217293731,0.001310640105722,0.02001179054813027,0.027418000146003173
2025-04-17,33.5,-120.9296875,1.1399993896484375,-0.8400039672851705,32.63999938964844,-0.0599999999999996,0.0,133.85000000000002,0.1035300000000001,0.0,0.0,0.0,0.0059532628824599,-0.0064833987929994,0.0114232112107026,0.0168309217293731,0.020445556149440398,0.027424810268316367
2025-04-21,-18.900390625,7.0,2.209999084472656,0.0,29.64999961853028,0.0499999999999998,0.0,2.2199999999999704,-0.0533700000000001,0.0,0.0,0.0,0.0011949105741074,0.0059532628824599,-0.0064833987929994,0.0114232112107026,0.00900501563370172,0.027429338676301634
2025-04-22,0.0,-124.5,-1.5999984741210938,-1.0999984741210795,33.81999969482422,0.08,0.0,-100.06,0.1462200000000004,0.0,0.0,0.0,0.0142173776108579,0.0011949105741074,0.0059532628824599,-0.0064833987929994,0.009019598762747766,0.027075599435409634
2025-04-23,20.30078125,129.5595703125,1.2299957275390625,0.6399993896484517,30.56999969482422,-0.0099999999999997,0.0,31.090000000000032,-0.0565600000000001,0.0,0.0,0.0,0.0145927502790424,0.0142173776108579,0.0011949105741074,0.0059532628824599,0.008263364342293546,0.027305233571764807
2025-04-24,43.19921875,88.10009765625,-2.039997100830078,0.9199981689452984,28.450000762939453,-0.0099999999999997,0.0,-101.22000000000004,0.0004800000000004,0.0,0.0,0.0,-0.003155068220253,0.0145927502790424,0.0142173776108579,0.0011949105741074,0.008947511118542691,0.027120890154463867
2025-04-25,-12.099609375,108.91015625,0.5200004577636719,-0.5499954223632812,26.46999931335449,-0.08,0.0,82.07999999999998,-0.0055400000000007,0.0,0.0,0.0,0.0098458629711783,-0.003155068220253,0.0145927502790424,0.0142173776108579,0.007853269571202451,0.02707972879851651
2025-04-28,-67.5,40.43994140625,0.2299995422363281,0.1800003051757812,24.84000015258789,-0.0300000000000002,0.0,96.01,0.0589500000000002,0.0,0.0,0.0,0.006573844425505,0.0098458629711783,-0.003155068220253,0.0145927502790424,0.007970078985969386,0.025412445046654814
2025-04-29,44.5,3.5400390625,-0.970001220703125,-0.459999084472642,25.14999961853028,-0.0599999999999996,0.0,271.88,0.0336600000000002,0.0,0.0,0.0,0.0038760879155241,0.006573844425505,0.0098458629711783,-0.003155068220253,0.0072652578369840565,0.025303565428950594
2025-04-30,-28.0,32.080078125,-1.6300010681152344,0.229995727539034,24.170000076293945,-0.04,0.0,-212.53,0.0236099999999996,0.0,0.0,0.0,0.0026220637755633,0.0038760879155241,0.006573844425505,0.0098458629711783,0.006646062832171088,0.02523685461150522
2025-05-02,-83.099609375,8.22998046875,-2.209999084472656,0.2300033569336079,24.700000762939453,-0.0200000000000004,0.0,-142.15999999999997,0.0718100000000001,0.0,0.0,0.0,0.007205622029059,0.0026220637755633,0.0038760879155241,0.006573844425505,0.004845012875363649,0.024684832183038248
2025-05-05,-105.900390625,117.60986328125,0.0800018310546875,0.529998779296875,22.68000030517578,0.1600000000000001,0.0,159.25,-0.0916199999999998,0.0,0.0,0.0,0.0023772792266748,0.007205622029059,0.0026220637755633,0.0038760879155241,0.0028500828960057083,0.02425871753063618
2025-05-06,-146.0,-36.2900390625,-1.1599998474121094,-0.1699981689453267,23.63999938964844,0.0300000000000002,0.0,-245.71000000000004,0.0250799999999999,0.0,0.92,0.0,0.0096495884045848,0.0023772792266748,0.007205622029059,0.0026220637755633,0.0022382066962106785,0.024208896338356795
2025-05-07,-38.5,-43.4697265625,1.959999084472656,-0.5900039672851562,24.76000022888184,-0.0600000000000005,0.0,207.1800000000001,-0.0099499999999999,0.0,0.0,0.0,0.0040549050036211,0.0096495884045848,0.0023772792266748,0.007205622029059,0.003169112526646584,0.02300348813738013
2025-05-08,10.5,24.36962890625,-1.020000457763672,0.3700027465820454,23.549999237060547,-0.04,0.0,-125.65000000000003,0.0199699999999998,0.0,0.0,0.0,-0.0143197555163247,0.0040549050036211,0.0096495884045848,0.0023772792266748,0.00315216066496391,0.022995764470665054
2025-05-09,60.599609375,32.66015625,1.8400001525878904,1.029998779296875,22.479999542236328,0.1100000000000003,0.0,139.65000000000003,0.0391500000000002,0.0,0.0,0.0,0.0007398269754342,-0.0143197555163247,0.0040549050036211,0.0096495884045848,0.00943531854237673,0.012191587906062201
2025-05-14,45.701171875,-4.02978515625,1.1100006103515625,-0.3000030517578125,21.89999961853028,0.0,0.0,-32.110000000000014,0.1036199999999993,0.0,0.0,0.0,0.0212966905653588,0.0007398269754342,-0.0143197555163247,0.0040549050036211,0.008938108926314237,0.011987359993570831
2025-05-15,61.099609375,232.669921875,2.1300010681152344,0.7000045776367188,18.6200008392334,0.1600000000000001,0.0,241.05999999999997,-0.0199699999999998,0.0,0.0,-0.1499999999999994,0.0085993502315231,0.0212966905653588,0.0007398269754342,-0.0143197555163247,0.013008982907412939,0.008287243645705947
2025-05-16,-41.201171875,24.35009765625,-1.5300025939941406,-0.1600036621093892,17.829999923706055,-0.08,0.0,-307.77,-0.1096500000000002,0.0,0.0,0.0,0.0093824416812146,0.0085993502315231,0.0212966905653588,0.0007398269754342,0.012908787522382142,0.00825396126643451
2025-05-19,-46.3984375,41.44970703125,0.8700027465820312,0.2099990844726704,17.239999771118164,-0.0200000000000004,0.0,47.559999999999945,0.00882,0.0,0.0,0.0,0.0048520408637381,0.0093824416812146,0.0085993502315231,0.0212966905653588,0.01312485878448437,0.007892782090471
2025-05-20,-24.80078125,5.22021484375,0.1999969482421804,-0.6599960327148438,18.13999938964844,0.0300000000000002,0.0,-125.97999999999996,0.0133900000000002,0.0,0.0,0.0,-0.0065313202824034,0.0048520408637381,0.0093824416812146,0.0085993502315231,0.007696558359431039,0.00776825022863245
2025-05-21,-59.0,-23.14013671875,-0.1299972534179616,-0.3099975585937358,18.09000015258789,0.0200000000000004,0.0,18.120000000000005,-0.09966,0.0,0.0,0.0,0.0067231657302211,-0.0065313202824034,0.0048520408637381,0.0093824416812146,0.00998734820130301,0.00777203504001652
2025-05-22,-25.0,-95.85009765625,-0.9900016784667968,-0.5600051879882812,20.8700008392334,0.0999999999999996,0.0,-89.21999999999997,0.0609600000000005,-0.25,0.0,0.0,0.0034271138890202,0.0067231657302211,-0.0065313202824034,0.0048520408637381,0.006468076750062305,0.007778120084335364
2025-05-23,-55.400390625,-2.60009765625,-0.3699989318847656,0.400001525878892,20.280000686645508,-0.04,0.0,-35.79000000000002,-0.0922300000000007,0.0,0.0,0.0,0.006561689119267,0.0034271138890202,0.0067231657302211,-0.0065313202824034,0.006070989349256652,0.007733666324672554
2025-05-26,9.30078125,-39.18994140625,0.329998016357429,-0.8499984741210938,22.290000915527344,-0.0300000000000002,0.0,45.05000000000001,-0.0159899999999995,0.0,0.0,0.0,-0.0035841079461448,0.006561689119267,0.0034271138890202,0.0067231657302211,0.00550013469561372,0.007453529453409523
2025-05-27,-145.900390625,0.0,0.0,-0.1800003051757812,22.290000915527344,0.0,0.0,-35.06,0.0967199999999994,0.0,0.0,0.0,0.0014754341442823,-0.0035841079461448,0.006561689119267,0.0034271138890202,0.006058113076760879,0.007318821575597586
2025-05-28,32.5,118.72021484375,-0.6399993896484446,0.589996337890625,18.959999084472656,-0.08,0.0,115.89999999999998,-0.1185599999999995,0.0,0.0,0.0,-0.0032206350480144,0.0014754341442823,-0.0035841079461448,0.006561689119267,0.0042536255778053795,0.0071515652328206485
2025-06-02,35.5,-32.990234375,0.9500007629394532,0.3600006103515483,19.309999465942383,0.04,0.0,-127.28999999999996,0.17239,0.0,0.0,0.0,-0.0155541192625964,-0.0032206350480144,0.0014754341442823,-0.0035841079461448,0.004354707864484164,0.007209233416573013
2025-06-03,43.0,47.39013671875,0.6800003051757812,-1.1800003051757528,18.36000061035156,-0.0099999999999997,0.0,162.73999999999995,-0.1135999999999999,0.0,0.0,0.0,-0.0028699137006131,-0.0155541192625964,-0.0032206350480144,0.0014754341442823,0.008206082719106982,0.008336710000731435
2025-06-04,-33.5,34.43017578125,0.8899993896484375,0.5500030517577983,17.690000534057617,0.0,0.0,30.720000000000027,-0.0211500000000004,0.0,0.0,0.0,0.0034314294887471,-0.0028699137006131,-0.0155541192625964,-0.0032206350480144,0.006378048428445928,0.008413440165681421
2025-06-05,43.900390625,0.43994140625,-0.5600013732910227,-0.4599990844726562,17.610000610351562,-0.0899999999999998,0.0,-55.329999999999984,-0.0545900000000001,0.0,0.0,0.0,0.0062595394951851,0.0034314294887471,-0.0028699137006131,-0.0155541192625964,0.0073902015528392985,0.008417804168599403
2025-06-10,-40.900390625,-31.51025390625,0.520000457763679,-0.0500030517578267,18.479999542236328,0.0300000000000002,0.0,-79.62,0.0157300000000004,0.0,-0.3499999999999998,0.0,0.0163582736823408,0.0062595394951851,0.0034314294887471,-0.0028699137006131,0.00841008144635871,0.008390719423839727
2025-06-11,-12.7001953125,99.51025390625,1.610004425048828,0.3100051879882812,16.950000762939453,0.0699999999999994,0.0,-67.17000000000002,-0.0171900000000002,0.0,0.0,0.0,-0.0011470211076736,0.0163582736823408,0.0062595394951851,0.0034314294887471,0.011801355080829587,0.008973874001276846
2025-06-12,-31.0,-16.56982421875,3.1699981689453125,-0.4200057983398437,17.260000228881836,-0.0599999999999996,0.0,8.28000000000003,-0.22804,0.0,0.0,0.0,-0.0025072662218462,-0.0011470211076736,0.0163582736823408,0.0062595394951851,0.007599625073893241,0.008866559212623932
2025-06-13,-469.7998046875,23.01953125,-0.1100006103515625,-0.7099990844726278,18.020000457763672,-0.0499999999999998,0.0,202.73999999999995,-0.0569600000000001,0.0,0.0,0.0,-0.0053311213400533,-0.0025072662218462,-0.0011470211076736,0.0163582736823408,0.007514068427223936,0.00891933426182719
2025-06-16,386.5,-68.28955078125,4.94000244140625,0.2600021362304545,20.81999969482422,0.0499999999999998,0.0,-214.6,-0.1155399999999993,0.0,0.0,0.0,-0.0067873810453847,-0.0053311213400533,-0.0025072662218462,-0.0011470211076736,0.00874112919043482,0.008257280069189164
2025-06-17,118.099609375,56.1396484375,-1.2100067138671875,-0.1800003051757812,19.11000061035156,0.0499999999999998,0.0,70.56,0.12148,0.0,0.0,0.0,0.0053611903529414,-0.0067873810453847,-0.0053311213400533,-0.0025072662218462,0.009349010604034924,0.00850560732512381
2025-06-18,-481.599609375,-50.3896484375,3.0699996948242188,0.8199996948242188,21.600000381469727,-0.0700000000000002,0.0,105.11,-0.0692700000000003,0.0,0.0,0.0,-0.0067392568009982,0.0053611903529414,-0.0067873810453847,-0.0053311213400533,0.0047210570657354525,0.007262483120617942
2025-06-19,474.0,-1.85009765625,0.3000030517578125,0.0900039672851562,20.13999938964844,-0.0099999999999997,0.0,31.559999999999945,-0.1388800000000003,0.0,0.0,0.0,-0.019771270518,-0.0067392568009982,0.0053611903529414,-0.0067873810453847,0.0050919342356169055,0.007254856592536815
2025-06-20,-676.5,0.0,0.0,0.0,20.13999938964844,0.0,0.0,-161.57,-0.01018,0.0,0.0,0.0,-0.0088645670465997,-0.019771270518,-0.0067392568009982,0.0053611903529414,0.008919117827740228,0.0082343100554603
2025-06-23,791.5,-13.0302734375,-0.2099990844726562,-0.2000045776367187,20.6200008392334,0.0,0.0,10.620000000000005,-0.0120199999999996,0.0,0.0,0.0,-0.0175257308950297,-0.0088645670465997,-0.019771270518,-0.0067392568009982,0.00892811928852426,0.008294032971346663
2025-06-24,41.0,57.330078125,-6.4199981689453125,-0.2900009155273295,19.82999992370605,-0.04,0.0,-96.63,-0.0218600000000002,0.0,0.0,0.0,0.0120137492667464,-0.0175257308950297,-0.0088645670465997,-0.019771270518,0.009984882285531073,0.008970288326861559
2025-06-25,-61.0,67.01025390625,-4.1399993896484375,-0.5599975585937642,17.479999542236328,-0.04,0.0,96.49,-0.0134699999999998,0.0,0.0,0.0,-0.0054050176897107,0.0120137492667464,-0.0175257308950297,-0.0088645670465997,0.012570124176323423,0.009318981127721924
2025-06-26,-80.0,-0.02001953125,0.5499954223632812,-0.1800003051757812,16.760000228881836,-0.0099999999999997,0.0,16.470000000000027,0.0170900000000004,0.0,0.0,0.0,0.0095061179390178,-0.0054050176897107,0.0120137492667464,-0.0175257308950297,0.012622340678363878,0.009259805335454495
2025-06-30,0.0,48.85986328125,0.3199996948242187,-0.529998779296875,16.59000015258789,-0.0300000000000002,0.0,-102.8,0.0105399999999997,0.0,0.0,0.0,0.0043803503861065,0.0095061179390178,-0.0054050176897107,0.0120137492667464,0.012535205325404294,0.009431472725761102
2025-07-01,-61.0,63.93017578125,-0.1299972534179687,-0.2700042724609517,16.729999542236328,-0.0199999999999995,0.0,271.58,0.1080800000000001,0.0,0.0,0.0,-0.0017798604965404,0.0043803503861065,0.0095061179390178,-0.0054050176897107,0.012129363437687604,0.009539482053223877
2025-07-02,1.0,-6.9404296875,0.339996337890625,-0.0599975585937357,16.829999923706055,0.0199999999999995,0.0,-66.57999999999998,-0.1586699999999998,0.0,0.0,0.0,-0.0049453928224308,-0.0017798604965404,0.0043803503861065,0.0095061179390178,0.007352095840975411,0.009507530636405036
2025-07-03,6.400390625,29.41015625,2.0,-0.0400009155273437,16.639999389648438,0.04,0.0,-68.65000000000003,-0.0592800000000002,0.0,0.0,0.0,-0.0004643167816823,-0.0049453928224308,-0.0017798604965404,0.0043803503861065,0.006437700128036871,0.009526895676318177
2025-07-04,-1.400390625,51.93017578125,-0.4499969482421875,0.4000015258789062,16.3799991607666,0.0499999999999998,0.0,374.1,-0.02245,0.0,0.0,0.0,-0.0018713037053218,-0.0004643167816823,-0.0049453928224308,-0.0017798604965404,0.005666225865574939,0.00898719928971535
2025-07-07,-31.2998046875,0.0,-0.5,0.0,16.3799991607666,0.0,0.0,-118.39,0.0201999999999999,0.0,0.0,0.0,0.0051925022056608,-0.0018713037053218,-0.0004643167816823,-0.0049453928224308,0.003396622984483005,0.008981032058135087
2025-07-08,-25.7001953125,-49.3701171875,1.4300003051757812,0.3000030517578125,17.790000915527344,0.0500000000000007,0.0,-225.29999999999995,0.15015,0.0,0.27,0.0,0.0005012502357958,0.0051925022056608,-0.0018713037053218,-0.0004643167816823,0.00371858173820228,0.009038225114118125
2025-07-09,140.900390625,-4.4599609375,0.4000015258789062,0.0299987792968892,16.809999465942383,0.0199999999999995,0.0,-180.43,-0.0384599999999997,0.0,0.0,0.0,0.0057089827138573,0.0005012502357958,0.0051925022056608,-0.0018713037053218,0.003704177686799297,0.008878280261657712
2025-07-10,-57.900390625,37.73974609375,0.0499954223632812,-0.0400009155273579,15.9399995803833,-0.08,0.0,44.25999999999999,-0.0273400000000005,0.0,0.0,0.0,0.0088104273642783,0.0057089827138573,0.0005012502357958,0.0051925022056608,0.0034307677177071406,0.008030270661998636
2025-07-11,-26.0,17.2001953125,-1.80999755859375,0.1800003051757812,15.779999732971191,0.0099999999999997,0.0,269.1,-0.0318100000000001,0.0,0.0,0.0,0.0059869909197002,0.0088104273642783,0.0057089827138573,0.0005012502357958,0.0042908759457728415,0.008388191134363052
2025-07-14,-25.900390625,-20.7099609375,1.8799972534179688,0.1999969482421875,16.399999618530273,0.08,0.0,-217.11,0.0332800000000004,0.0,0.0,0.0,0.0070292739912508,0.0059869909197002,0.0088104273642783,0.0057089827138573,0.00299932897274966,0.00854937984032611
2025-07-15,12.900390625,8.81005859375,-1.4699935913085938,0.2300033569335795,17.200000762939453,0.0,0.0,56.97000000000003,-0.0064299999999999,0.0,0.0,0.0,0.0060857588114655,0.0070292739912508,0.0059869909197002,0.0088104273642783,0.0031027521521525235,0.008673368187328558
2025-07-16,34.2001953125,-24.80029296875,-0.4600067138671875,0.5400009155273722,17.3799991607666,0.0700000000000002,0.0,194.33,0.0007399999999995,0.0,0.0,0.0,0.0071926315189732,0.0060857588114655,0.0070292739912508,0.0059869909197002,0.0012675927219873363,0.008658554284887276
2025-07-17,-4.1005859375,19.9404296875,-0.1399993896484375,-0.2300033569336079,17.15999984741211,-0.04,0.0,-105.55,-0.0605699999999993,-0.25,0.0,0.0,0.0131230108119359,0.0071926315189732,0.0060857588114655,0.0070292739912508,0.001137478240096593,0.008725874080620546
2025-07-18,19.1005859375,33.65966796875,1.160003662109375,0.3400039672851562,16.520000457763672,0.0099999999999997,0.0,-23.279999999999973,-0.1407899999999999,0.0,0.0,0.0,0.0034103947077946,0.0131230108119359,0.0071926315189732,0.0060857588114655,0.002978594255164294,0.009013830997684111
2025-07-21,58.5,-0.56982421875,-0.2000045776367187,-0.25,16.40999984741211,-0.0299999999999993,0.0,-16.630000000000052,-0.1046599999999999,0.0,0.0,0.0,0.0117304170776206,0.0034103947077946,0.0131230108119359,0.0071926315189732,0.003555714441015825,0.0075388863830472596
2025-07-22,-8.7001953125,8.81005859375,-0.1399993896484375,-0.6300048828125,16.649999618530273,-0.0600000000000005,0.0,-138.89,0.0181299999999993,0.0,0.0,0.0,-0.0072517874216773,0.0117304170776206,0.0034103947077946,0.0131230108119359,0.004033181347880481,0.007322080227780369
2025-07-23,8.5,4.02001953125,-0.9899978637695312,-0.4599990844726562,16.5,-0.0300000000000002,0.0,-68.51999999999998,-0.0051399999999999,0.0,0.0,0.0,0.0168080678781755,-0.0072517874216773,0.0117304170776206,0.0034103947077946,0.008164995620846506,0.006018577005585282
2025-07-24,-84.2001953125,49.2900390625,-0.9599990844726562,-0.1800003051757812,15.369999885559082,0.0500000000000007,0.0,12.829999999999984,-0.0620399999999996,0.0,0.0,0.0,0.0082228907284616,0.0168080678781755,-0.0072517874216773,0.0117304170776206,0.009623856000245802,0.00643763876734656
2025-07-25,20.7998046875,4.43994140625,0.779998779296875,0.1699981689452983,15.390000343322754,0.0299999999999993,0.0,68.07999999999998,0.0175,0.0,0.0,0.0,0.0016718507076641,0.0082228907284616,0.0168080678781755,-0.0072517874216773,0.009154287515458288,0.006080186548323605
2025-07-28,40.900390625,25.2900390625,-0.8699951171875,0.2700042724609517,14.93000030517578,-0.0299999999999993,0.0,-74.35999999999999,0.0135399999999998,0.0,0.0,0.0,0.0094028747482227,0.0016718507076641,0.0082228907284616,0.0168080678781755,0.009336177495252071,0.006017745682403689
2025-07-29,46.0,1.1298828125,1.5499954223632812,1.0100021362304688,15.029999732971191,0.0199999999999995,0.0,55.06000000000003,0.0195799999999994,0.0,0.0,0.0,0.0004121613755055,0.0094028747482227,0.0016718507076641,0.0082228907284616,0.009047308530526092,0.0061174665291470805
2025-07-30,45.80078125,-18.91015625,2.5,0.25,15.979999542236328,-0.08,0.0,-83.13000000000002,-0.0798899999999998,0.0,0.0,0.0,-0.0089689367628555,0.0004121613755055,0.0094028747482227,0.0016718507076641,0.006610512195763522,0.006013482582292556
2025-07-31,-30.900390625,-7.9599609375,0.7900009155273438,1.0299987792968608,15.479999542236328,0.04,0.0,74.78999999999999,0.0044300000000001,0.0,0.0,0.0,-0.0087203277194471,-0.0089689367628555,0.0004121613755055,0.0094028747482227,0.007354652298069005,0.006412091501990571
2025-08-01,58.900390625,-23.509765625,-0.7399978637695312,0.0899963378906392,16.719999313354492,-0.0099999999999997,0.0,104.01,0.0094799999999999,0.0,0.0,0.0,0.0071137004747962,-0.0087203277194471,-0.0089689367628555,0.0004121613755055,0.007748726666438417,0.006996858142806743
2025-08-04,56.19921875,-101.38037109375,-1.9300003051757808,-1.3399963378906392,20.3799991607666,-0.1399999999999996,0.0,185.12,-0.0119999999999995,0.0,0.0,0.0,-0.009748248567581,0.0071137004747962,-0.0087203277194471,-0.0089689367628555,0.008595913660478384,0.006872248381933926
2025-08-05,0.0,91.93017578125,-1.0400009155273438,0.0899963378906392,17.520000457763672,-0.0100000000000006,0.0,-303.32,0.0765799999999998,0.0,0.0,0.0,0.0067477709114537,-0.009748248567581,0.0071137004747962,-0.0087203277194471,0.007466494041245446,0.007587637360464954
2025-08-06,-121.0,-30.75,-1.1299972534179688,0.0,17.850000381469727,0.0,0.0,-8.389999999999986,-0.06881,0.0,0.5,0.0,-0.0015227525465353,0.0067477709114537,-0.009748248567581,0.0071137004747962,0.008814613684019791,0.0075677787827962235
2025-08-07,15.5,45.8701171875,-0.8100051879882812,-0.5999984741210938,16.770000457763672,0.0,0.0,-22.22999999999999,-0.0060799999999998,0.0,0.0,0.0,-0.0018096516955583,-0.0015227525465353,0.0067477709114537,-0.009748248567581,0.008093413328775154,0.007665944974105013
2025-08-08,-42.7998046875,-5.06005859375,-0.4699974060058594,0.220001220703125,16.56999969482422,0.0100000000000006,0.0,51.27000000000001,-0.0188700000000006,0.0,0.0,0.0,0.0057512009938211,-0.0018096516955583,-0.0015227525465353,0.0067477709114537,0.00701136890880149,0.007674028188149416
2025-08-11,-34.7001953125,49.4501953125,0.0,-0.220001220703125,15.149999618530272,0.0399999999999991,0.0,-40.68000000000004,-0.0454599999999993,0.0,0.0,0.0,0.0095830782599392,0.0057512009938211,-0.0018096516955583,-0.0015227525465353,0.006692589545953836,0.007669937043455858
2025-08-12,-51.0,-16.0,0.0799980163574218,0.339996337890625,16.25,0.0,0.0,69.96000000000001,0.0933599999999996,0.0,0.0,0.25,0.0241311278289813,0.0095830782599392,0.0057512009938211,-0.0018096516955583,0.005141203268925673,0.007755475171424707
2025-08-13,49.0,72.3095703125,-0.7900009155273438,-0.4199981689453125,14.729999542236328,0.0200000000000004,0.0,-33.99000000000001,-0.0316,0.0,0.0,0.0,0.0129063807043895,0.0241311278289813,0.0095830782599392,0.0057512009938211,0.010626592443333433,0.009022947687163692
2025-08-14,-49.7998046875,20.8203125,-0.5199966430664062,-0.2600021362304687,14.489999771118164,-0.0499999999999998,0.0,-34.619999999999976,-0.0038599999999995,0.0,0.0,0.0,0.0048457439335121,0.0129063807043895,0.0241311278289813,0.0095830782599392,0.00956251291533,0.009205825331418368
2025-08-15,-139.2001953125,1.9599609375,1.30999755859375,0.410003662109375,14.829999923706056,0.0499999999999998,0.0,-41.78,0.0620099999999999,0.0,0.0,0.0,-0.0041537334969219,0.0048457439335121,0.0129063807043895,0.0241311278289813,0.007786362148354778,0.00898833254490132
2025-08-19,60.0,-18.740234375,-1.1599998474121094,-0.4000015258789062,15.09000015258789,0.04,0.0,123.57,-0.0435100000000003,0.0,0.0,0.0,-0.0044952873774015,-0.0041537334969219,0.0048457439335121,0.0129063807043895,0.010413449800933651,0.00918194584316506
2025-08-20,36.400390625,-38.4296875,-0.4500007629394602,0.4199981689453125,15.56999969482422,-0.0300000000000002,0.0,-106.93,0.0152700000000001,0.0,0.0,0.0,0.0102331671478236,-0.0044952873774015,-0.0041537334969219,0.0048457439335121,0.012133893729072939,0.009166529459719078
2025-08-21,69.7998046875,-15.59033203125,0.8600006103515696,-0.0499954223632812,15.6899995803833,-0.0099999999999997,0.0,-38.38999999999999,-0.1014999999999997,-0.25,0.0,0.0,-0.0067081898930207,0.0102331671478236,-0.0044952873774015,-0.0041537334969219,0.008022724647028499,0.008964239018495072
2025-08-22,-11.6005859375,-25.60986328125,0.3100013732910156,0.4000015258789204,16.600000381469727,0.04,0.0,-19.47,-0.2356600000000002,0.0,0.0,0.0,-0.0040463099963086,-0.0067081898930207,0.0102331671478236,-0.0044952873774015,0.007256796404253047,0.00872390997691733
2025-08-25,76.1005859375,96.740234375,0.1399993896484375,-0.9000015258789205,14.220000267028809,-0.0700000000000002,0.0,-2.730000000000018,-0.09748,0.0,0.0,0.0,0.0086225283194742,-0.0040463099963086,-0.0067081898930207,0.0102331671478236,0.006832499169106315,0.008749758146995272
2025-08-26,-112.7001953125,-27.59033203125,1.1400032043457031,0.7099990844726562,14.789999961853027,0.0200000000000004,0.0,312.02,0.0566500000000003,0.0,0.0,0.0,-0.0026717428125593,0.0086225283194742,-0.0040463099963086,-0.0067081898930207,0.008031893216074963,0.008867791231746833
2025-08-27,40.0,26.6201171875,-1.5500030517578125,-0.1999969482421875,14.619999885559082,-0.0200000000000004,0.0,-26.03000000000003,-0.0020100000000002,0.0,0.0,0.0,0.0038403120922713,-0.0026717428125593,0.0086225283194742,-0.0040463099963086,0.007773039285128155,0.008782196476647536
2025-08-28,32.2001953125,15.4599609375,0.9000015258789062,0.0,14.850000381469728,-0.0199999999999995,0.0,-172.14999999999998,0.0165899999999998,0.0,0.0,0.0,0.0020030023448238,0.0038403120922713,-0.0026717428125593,0.0086225283194742,0.006273376456804636,0.008785594945650618
2025-08-29,14.7998046875,20.4599609375,0.4499969482421875,-0.4200057983398295,14.43000030517578,-0.0200000000000004,0.0,10.120000000000005,0.0752100000000002,0.0,0.0,0.0,-0.0154090300018455,0.0020030023448238,0.0038403120922713,-0.0026717428125593,0.005114029585549377,0.008395456013308305
2025-09-01,30.2998046875,-41.60009765625,-0.589996337890625,-0.0400009155273579,15.359999656677246,0.0100000000000006,0.0,-29.349999999999994,0.1817999999999999,0.0,0.0,0.0,-0.0121322128836307,-0.0154090300018455,0.0020030023448238,0.0038403120922713,0.009152470723378159,0.008982622559618455
2025-09-02,64.7001953125,0.0,0.0,0.0,15.359999656677246,0.0,0.0,-27.039999999999992,-0.1179399999999999,0.0,0.0,0.0,0.0084336341216847,-0.0121322128836307,-0.0154090300018455,0.0020030023448238,0.008540357788086591,0.009453890664338167
2025-09-03,-3.80078125,-44.7197265625,1.5799942016601562,0.6300048828125,17.170000076293945,0.0499999999999998,0.0,265.37,-0.0683199999999999,0.0,0.0,0.0,0.0107447233187072,0.0084336341216847,-0.0121322128836307,-0.0154090300018455,0.010480060759751372,0.009206692483373349
2025-09-04,38.701171875,32.7197265625,-1.6199951171875,-0.2600021362304687,16.350000381469727,-0.0600000000000005,0.0,-303.26,-0.0050100000000004,0.0,0.0,0.0,-0.0023505883385701,0.0107447233187072,0.0084336341216847,-0.0121322128836307,0.011907208473537127,0.009352658696372742
2025-09-08,19.099609375,53.8203125,-0.4900016784667969,0.2099990844726562,15.300000190734863,-0.0499999999999998,0.0,203.47,0.0445099999999998,0.0,0.0,0.0,-0.0128564845395947,-0.0023505883385701,0.0107447233187072,0.0084336341216847,0.01176619756102556,0.009372777465621767
2025-09-09,-71.0,-6.93017578125,-1.220001220703125,-0.900001525878892,15.109999656677246,-0.1200000000000001,0.0,-69.45999999999998,0.0094500000000001,0.0,-0.06,0.0,-0.0179595685239812,-0.0128564845395947,-0.0023505883385701,0.0107447233187072,0.011082194764447504,0.009940122028365606
2025-09-10,54.099609375,17.4599609375,0.3700027465820312,0.340003967285142,15.039999961853027,0.0300000000000002,0.0,-75.82000000000002,0.0415099999999997,0.0,0.0,0.0,0.0091863431049694,-0.0179595685239812,-0.0128564845395947,-0.0023505883385701,0.012657027769947773,0.01082073142334968
2025-09-11,3.80078125,19.43017578125,1.039997100830078,-0.0100021362304687,15.350000381469728,-0.04,0.0,37.58000000000001,0.0059400000000007,0.0,0.0,0.0,0.0063311183166844,0.0091863431049694,-0.0179595685239812,-0.0128564845395947,0.012827338496912435,0.010803801241715406
2025-09-12,-10.900390625,55.43017578125,-1.2999992370605469,-0.2399978637695312,14.710000038146973,-0.0300000000000002,0.0,30.829999999999984,-0.0170099999999999,0.0,0.0,0.0,0.0136081464947498,0.0063311183166844,0.0091863431049694,-0.0179595685239812,0.011784882369026316,0.009406888904619553
2025-09-15,-25.400390625,-3.18017578125,0.3199996948242116,0.0100021362304545,14.760000228881836,0.0499999999999998,0.0,-43.38999999999999,0.0102799999999998,0.0,0.0,0.0,0.0105196547403963,0.0136081464947498,0.0063311183166844,0.0091863431049694,0.014114862602324016,0.009459830619474757
2025-09-16,-12.599609375,30.98974609375,0.6100006103515696,-0.25,15.6899995803833,-0.0099999999999997,0.0,5.3700000000000045,-0.02557,0.0,0.0,0.0,0.002589227940695,0.0105196547403963,0.0136081464947498,0.0063311183166844,0.01273586452920385,0.009702553925438503
2025-09-17,-36.400390625,-8.52001953125,1.2199974060058594,-0.6700057983398438,16.360000610351562,-0.0099999999999997,0.0,-29.89000000000001,0.0345899999999996,0.0,0.0,0.0,0.0084445132000359,0.002589227940695,0.0105196547403963,0.0136081464947498,0.004191372322542079,0.009666355362283247
2025-09-18,33.5,-6.40966796875,-0.4699935913085937,0.2400054931640909,15.720000267028809,0.0199999999999995,0.0,156.14,-0.1597999999999997,-0.25,0.0,0.0,-0.002088874237561,0.0084445132000359,0.002589227940695,0.0105196547403963,0.004171737415766358,0.009755911119527118
2025-09-19,20.5,31.60986328125,-0.4800033569335937,0.4799957275390483,15.699999809265137,0.0500000000000007,-0.25,-115.68,-0.2850000000000001,0.0,0.0,0.0,0.0053158595025221,-0.002088874237561,0.0084445132000359,0.002589227940695,0.006313909474665414,0.009529998779321086
2025-09-22,150.5,32.39990234375,-0.8899993896484375,0.2900009155273437,15.449999809265137,0.0299999999999993,0.0,-80.14000000000001,-0.0161999999999995,0.0,0.0,0.0,-0.0013770424534708,0.0053158595025221,-0.002088874237561,0.0084445132000359,0.004961989022897389,0.009436453940746676
2025-09-23,67.900390625,29.39013671875,-0.0400009155273437,-0.3099975585937642,16.100000381469727,0.0100000000000006,0.0099999999999997,343.98,0.0381999999999997,0.0,0.0,0.0,0.0105365458256986,-0.0013770424534708,0.0053158595025221,-0.002088874237561,0.0044534830702460445,0.009379940149905177
2025-09-24,-55.0,-36.830078125,0.7700004577636719,-0.0699996948241903,16.639999389648438,-0.0300000000000002,0.0,-299.91,-0.0459000000000004,0.0,0.0,0.0,0.0001669891331451,0.0105365458256986,-0.0013770424534708,0.0053158595025221,0.005702203025228391,0.009469638957414674
2025-09-25,51.0,-18.94970703125,1.579998016357422,0.6100006103515625,16.18000030517578,0.04,0.0,107.74,-0.0892299999999997,0.0,0.0,0.0,-0.0106256805864403,0.0001669891331451,0.0105365458256986,-0.0013770424534708,0.005339633092056557,0.00942918237772259
2025-09-26,62.099609375,-33.25,-0.0099945068359375,0.6800003051757528,16.739999771118164,0.0199999999999995,0.0,-165.26000000000002,-0.0328599999999998,0.0,0.0,0.0,0.0072699175019984,-0.0106256805864403,0.0001669891331451,0.0105365458256986,0.007919590417760218,0.009778662007498147
2025-09-29,64.0,38.97998046875,0.7399978637695312,-0.400001525878892,15.289999961853027,0.0200000000000004,0.0,218.71,-0.0282200000000001,0.0,0.0,0.0,0.0029480057372594,0.0072699175019984,-0.0106256805864403,0.0001669891331451,0.008239687428440747,0.009887221349230684
2025-09-30,-36.099609375,17.509765625,-2.270000457763672,-0.2399978637695312,16.1200008392334,-0.0499999999999998,0.0,-126.88,0.00516,0.0,0.0,0.0,-0.0076844082315709,0.0029480057372594,0.0072699175019984,-0.0106256805864403,0.008128554641197118,0.009113637159080253
2025-10-01,-95.0,27.25,-1.0800018310546875,-0.1400070190429687,16.280000686645508,0.0099999999999997,0.0,124.02999999999996,0.01364,0.0,0.0,0.0,-0.0021409953882781,-0.0076844082315709,0.0029480057372594,0.0072699175019984,0.007432426540825156,0.0088038697587677
2025-10-02,55.0,22.740234375,-0.5900001525878835,-0.05999755859375,16.290000915527344,-0.04,0.0,-99.51999999999998,0.0284399999999998,0.0,0.0,0.0,0.0033831173079362,-0.0021409953882781,-0.0076844082315709,0.0029480057372594,0.007367801583316048,0.008717911442225446
2025-10-03,-38.900390625,4.14990234375,-1.299999237060554,0.1399993896484375,16.6299991607666,-0.0200000000000004,0.0,131.79000000000002,-0.01302,0.0,0.0,0.0,0.0058334358833693,0.0033831173079362,-0.0021409953882781,-0.0076844082315709,0.005782966913978287,0.008459918622112648
2025-10-06,-42.599609375,0.43994140625,0.4000015258789062,-0.1299972534179687,16.649999618530273,0.0300000000000002,0.0,-132.12,0.0552700000000001,0.0,0.0,0.0,0.0026562942133327,0.0058334358833693,0.0033831173079362,-0.0021409953882781,0.005401501096036999,0.008479042804446587
2025-10-07,-43.5,24.48974609375,0.8099975585937429,0.3899993896484375,16.3700008392334,0.0499999999999998,0.0,19.639999999999983,-0.0156400000000003,0.0,0.3399999999999998,0.0,0.0036037078399103,0.0026562942133327,0.0058334358833693,0.0033831173079362,0.005369495827917888,0.00776975821789983
2025-10-08,38.5,-25.68994140625,0.0400009155273508,0.4700012207031108,17.239999771118164,-0.04,0.0,-100.63,-0.0293299999999998,0.0,0.0,0.0,-0.0003981501732748,0.0036037078399103,0.0026562942133327,0.0058334358833693,0.00293826036901289,0.0061260730188854124
2025-10-09,-9.5,39.13037109375,0.8199996948242188,0.2699966430664204,16.299999237060547,-0.0099999999999997,0.0099999999999997,128.39999999999998,-0.0169799999999997,0.0,0.0,0.0,0.0103442278498,-0.0003981501732748,0.0036037078399103,0.0026562942133327,0.002247439083137147,0.006025619852569962
2025-10-10,-31.0,-18.6103515625,-1.0400009155273438,0.69000244140625,16.43000030517578,0.0099999999999997,0.0,37.73000000000002,0.0134799999999999,0.0,0.0,0.0,0.000838449765413,0.0103442278498,-0.0003981501732748,0.0036037078399103,0.004002658710947824,0.006208376255760176
2025-10-13,21.69921875,-182.60009765625,-2.609996795654297,-0.55999755859375,21.65999984741211,-0.0899999999999998,0.0,-77.15000000000003,0.0163000000000002,0.0,0.0,0.0,-0.0037193991495147,0.000838449765413,0.0103442278498,-0.0003981501732748,0.004177438909755966,0.005712543893142692
2025-10-14,20.30078125,102.21044921875,0.5900001525878906,0.2899932861328125,19.030000686645508,0.0,0.0,86.40000000000003,-0.0086200000000005,0.0,0.0,0.0,-0.0197235921681197,-0.0037193991495147,0.000838449765413,0.0103442278498,0.005289621884485235,0.005546219497561275
2025-10-15,-50.0,-10.41015625,-0.7900009155273438,-0.2199935913086079,20.809999465942383,-0.0199999999999995,0.0,43.5,0.0040400000000007,0.0,0.0,0.0,-0.0019043878066512,-0.0197235921681197,-0.0037193991495147,0.000838449765413,0.01093927840270371,0.007334011882090642
2025-10-16,37.900390625,26.75,-0.4300003051757812,-0.2600021362304545,20.63999938964844,0.0199999999999995,0.0,-284.53,-0.0454800000000004,0.0,0.0,0.0,0.0090977806303514,-0.0019043878066512,-0.0197235921681197,-0.0037193991495147,0.010886448054982383,0.007119231213827426
2025-10-17,-10.900390625,-41.990234375,-0.8100013732910156,-0.4000015258789062,25.309999465942383,-0.0599999999999996,0.0100000000000006,203.23,0.0176799999999999,0.0,0.0,0.0,-0.0260732594808541,0.0090977806303514,-0.0019043878066512,-0.0197235921681197,0.010517278882230453,0.007368199722767582
2025-10-20,-13.099609375,34.93994140625,0.0800018310546875,0.0400009155273437,20.780000686645508,0.0299999999999993,0.0,187.92,0.0385599999999999,0.0,0.0,0.0,0.0216598572671442,-0.0260732594808541,0.0090977806303514,-0.0019043878066512,0.014237453440564516,0.009400657488728202
2025-10-21,4.099609375,71.1201171875,-0.0200004577636718,0.1599960327148437,18.229999542236328,-0.0199999999999995,0.0,-212.37999999999997,-0.02374,0.0,0.0,0.0,0.0182653930452691,0.0216598572671442,-0.0260732594808541,0.0090977806303514,0.019792445170868287,0.01065952287461172
2025-10-22,-24.0,0.22021484375,0.2999992370605469,0.3400039672851562,17.8700008392334,-0.02,0.0,-59.28000000000003,-0.0191499999999997,0.0,0.0,0.0,-0.0104366336701716,0.0182653930452691,0.0216598572671442,-0.0260732594808541,0.019238006202332136,0.011177543145595655
2025-10-23,56.900390625,-35.9501953125,0.6800003051757812,-0.029998779296875,18.600000381469727,-0.0099999999999997,0.0,210.58000000000004,-0.0914199999999998,0.0,0.0,0.0,0.0148294001208253,-0.0104366336701716,0.0182653930452691,0.0216598572671442,0.020266758936566046,0.011451765390682945
2025-10-24,-2.30078125,39.0400390625,3.290000915527344,0.0400009155273295,17.299999237060547,0.0399999999999995,0.0,-263.75,0.1049299999999999,0.0,0.0,0.0,-0.0003178860381133,0.0148294001208253,-0.0104366336701716,0.0182653930452691,0.020885695203528017,0.011603525110543467
2025-10-27,-2.798828125,53.25,-0.2900009155273437,0.0099945068359659,16.3700008392334,0.0099999999999997,0.0,100.75000000000004,-0.0035800000000003,0.0,0.0,0.0,-0.018863455507571,-0.0003178860381133,0.0148294001208253,-0.0104366336701716,0.013642829444535516,0.01152640637573581
2025-10-28,4.0,83.47021484375,-0.1899986267089843,-0.1699981689453267,15.789999961853027,-0.0099999999999997,0.0099999999999997,58.97999999999996,0.0077000000000007,0.0,0.0,0.0,-0.0030255798274512,-0.018863455507571,-0.0003178860381133,0.0148294001208253,0.015937160710228274,0.012340758495323033
2025-10-29,-439.6005859375,15.72998046875,-1.1599998474121094,-0.0899963378906392,16.420000076293945,-0.0199999999999995,0.0,-117.06,-0.0134200000000004,0.0,0.0,0.0,0.0090530023680394,-0.0030255798274512,-0.018863455507571,-0.0003178860381133,0.012554389129902675,0.01223231376457875
2025-10-30,403.5791015625,-0.30029296875,0.3299980163574219,0.5299987792968892,16.920000076293945,0.0899999999999998,0.0,-8.789999999999964,0.00319,0.0,0.0,0.0,0.0021822062994503,0.0090530023680394,-0.0030255798274512,-0.018863455507571,0.01290728138432959,0.012375045420851055
2025-10-31,0.220703125,-68.25,0.0900001525878906,0.30999755859375,16.90999984741211,0.0300000000000002,-0.25,19.67999999999995,0.0028099999999997,0.0,0.0,0.0,-0.0024699107515218,0.0021822062994503,0.0090530023680394,-0.0030255798274512,0.010340796859788648,0.012364531874376014
2025-11-03,-412.0,17.8603515625,0.4099998474121094,0.2700042724609233,17.440000534057617,0.0,-0.0100000000000002,159.74,-0.0014299999999995,0.0,0.0,0.0,0.0135301366724254,-0.0024699107515218,0.0021822062994503,0.0090530023680394,0.010287819564163041,0.01232224849490277
2025-11-04,480.0,11.77001953125,0.0699996948242187,0.0699996948242471,17.170000076293945,0.0199999999999995,0.0100000000000002,-434.38,0.0181599999999995,0.0,0.0,0.0,-0.0040168197581159,0.0135301366724254,-0.0024699107515218,0.0021822062994503,0.007259004864559602,0.012667670788412352
2025-11-05,10.900390625,-80.42041015625,-0.4899978637695312,0.3499984741210795,19.0,-0.0300000000000002,0.0,280.31,-0.0234799999999997,0.0,0.0,0.0,0.0092528691945186,-0.0040168197581159,0.0135301366724254,-0.0024699107515218,0.00750328632418062,0.012694227349478067
2025-11-06,66.099609375,24.740234375,-0.960002899169929,-0.0200042724609232,18.010000228881836,0.0700000000000002,0.0,15.110000000000014,0.0017200000000001,0.0,0.2099999999999999,0.0,0.0022252306090348,0.0092528691945186,-0.0040168197581159,0.0135301366724254,0.007539672643102573,0.012843147311337462
2025-11-07,-38.0,-75.97021484375,-0.1699981689453054,-0.4699935913086079,19.5,-0.0599999999999996,0.0,15.930000000000009,-0.0327300000000003,0.0,0.0,0.0,0.0068770817030355,0.0022252306090348,0.0092528691945186,-0.0040168197581159,0.007537537751252036,0.012656716570734583
2025-11-10,25.099609375,8.47998046875,0.3199996948242187,-0.1300048828125,19.07999992370605,0.0,0.0,21.079999999999984,0.0490400000000001,0.0,0.0,0.0,-0.0003990996458167,0.0068770817030355,0.0022252306090348,0.0092528691945186,0.006740368885325556,0.012736509600898243
2025-11-11,-41.099609375,103.63037109375,0.3800010681152344,0.0200042724609517,17.600000381469727,0.0199999999999995,0.0,135.79000000000002,-0.0235599999999998,0.0,0.0,-0.08,-0.0029509446883656,-0.0003990996458167,0.0068770817030355,0.0022252306090348,0.005368775657625609,0.012695785424728462
2025-11-12,37.0,14.1796875,0.9099998474121094,-0.1600036621093892,17.280000686645508,0.0,0.0,-140.74,0.0044999999999997,0.0,0.0,0.0,0.0026322487456891,-0.0029509446883656,-0.0003990996458167,0.0068770817030355,0.005042271787424255,0.011776392900556112
2025-11-13,4.900390625,4.31005859375,-2.549999237060547,0.0200042724609375,17.510000228881836,-0.0499999999999998,0.0,-108.4,-0.0155400000000001,0.0,0.0,0.0,-0.0019769486033028,0.0026322487456891,-0.0029509446883656,-0.0003990996458167,0.003673621116020533,0.011744411061765122
2025-11-14,34.099609375,-113.4296875,0.1999969482421804,-0.3000030517578125,20.0,0.0300000000000002,0.0099999999999997,251.52,-0.0232699999999996,0.0,0.0,0.0,-0.0001867681262816,-0.0019769486033028,0.0026322487456891,-0.0029509446883656,0.003984353073555603,0.01165549885851326
2025-11-17,-10.0,-3.38037109375,1.4000015258789134,0.089996337890625,19.82999992370605,0.0299999999999993,0.0,-173.62,0.0462000000000002,0.0,0.0,0.0,0.0055335115811267,-0.0001867681262816,-0.0019769486033028,0.0026322487456891,0.002125951199199703,0.009706962434726768
2025-11-18,-39.5,-61.69970703125,-0.1800003051757812,0.3199996948242187,22.3799991607666,-0.0099999999999997,0.0,273.41,-0.0165600000000001,0.0,0.0,0.0,-0.006550674214878,0.0055335115811267,-0.0001867681262816,-0.0019769486033028,0.003476274069826669,0.008671890079762889
2025-11-19,59.400390625,-55.09033203125,0.8300018310546875,-0.0399932861328267,24.690000534057617,-0.0099999999999997,0.0,41.63,0.0152999999999998,0.0,0.0,0.0,0.0053256361536479,-0.006550674214878,0.0055335115811267,-0.0001867681262816,0.004591917506589269,0.007966834059071124
2025-11-20,-11.201171875,24.84033203125,-1.3000030517578196,0.6800003051757955,23.65999984741211,0.0099999999999997,0.0,-390.81,-0.0048500000000002,0.0,0.0,0.0,0.0015855764645053,0.0053256361536479,-0.006550674214878,0.0055335115811267,0.005121442553230231,0.007572235448993837
2025-11-21,-41.0,-103.400390625,-0.2999992370605397,-0.0699996948242187,26.420000076293945,-0.0300000000000002,0.0,86.04999999999998,0.0317899999999999,0.0,0.0,0.0,-0.0006612024599918,0.0015855764645053,0.0053256361536479,-0.006550674214878,0.0049479239420476655,0.006897389219241424
2025-11-24,44.30078125,64.23046875,-1.079998016357422,0.0199966430664062,23.43000030517578,-0.04,0.0,-47.21999999999997,0.1382900000000004,0.0,0.0,0.0,0.0183585921689165,-0.0006612024599918,0.0015855764645053,0.0053256361536479,0.004984179629189726,0.0069009326231597706
2025-11-25,-92.0,102.1298828125,0.779998779296875,-0.0400009155273437,20.520000457763672,-0.0199999999999995,0.0,-66.33000000000001,-0.0578600000000006,0.0,0.0,0.0,-0.0056598265054421,0.0183585921689165,-0.0006612024599918,0.0015855764645053,0.009301144115267853,0.006295918855982172
2025-11-26,6.0,60.759765625,-0.8899993896484375,-0.4799957275390625,18.559999465942383,-0.0300000000000002,0.0,124.64,-0.02651,0.0,0.0,0.0,0.0093723003896538,-0.0056598265054421,0.0183585921689165,-0.0006612024599918,0.009063304630866144,0.00644807017066594
2025-11-27,-11.5,46.72998046875,0.7000007629394531,-0.0600051879882812,17.190000534057617,-0.0099999999999997,0.0,-92.15,0.0699100000000001,0.0,0.0,0.0,-0.0065622657301662,0.0093723003896538,-0.0056598265054421,0.0183585921689165,0.009408835552542957,0.006465301629854199
2025-11-28,-18.80078125,0.0,0.0,0.0,17.190000534057617,0.0,0.0,103.08,-0.0507200000000001,0.0,0.0,0.0,-0.0043576866120296,-0.0065622657301662,0.0093723003896538,-0.0056598265054421,0.010680845528755306,0.006782929208773699
2025-12-01,-10.798828125,36.47998046875,-0.1000022888183593,-0.1399993896484375,16.350000381469727,0.0199999999999995,0.0100000000000002,-11.410000000000023,0.0587200000000001,0.0,0.0,0.0,0.00469964752065,-0.0043576866120296,-0.0065622657301662,0.0093723003896538,0.011114122252941956,0.006863448229255581
2025-12-02,31.099609375,-36.4599609375,0.7700004577636719,-0.0499954223632812,17.239999771118164,0.0700000000000002,0.0,-65.38,-0.0059899999999997,0.0,0.0,0.0,0.0079524541872272,0.00469964752065,-0.0043576866120296,-0.0065622657301662,0.007119607756117725,0.006352319476899971
2025-12-03,-26.0,16.740234375,-0.6800003051757812,-0.0500030517578125,16.59000015258789,0.0,0.0,34.389999999999986,0.03376,0.0,0.0,0.0,-0.0006101237883487,0.0079524541872272,0.00469964752065,-0.0043576866120296,0.007255329631733254,0.006356439904178777
2025-12-04,0.900390625,20.35009765625,0.3100013732910156,-0.5100021362304688,16.079999923706055,-0.0300000000000002,0.0,65.25,-0.08033,0.0,0.0,0.0,0.0032934422333184,-0.0006101237883487,0.0079524541872272,0.00469964752065,0.006072508569325893,0.0061621718898409745
2025-12-05,-15.900390625,7.39990234375,0.7199974060058594,0.1399993896484233,15.779999732971191,0.0500000000000007,0.0,162.59000000000003,-0.0239000000000002,0.0,0.0,0.0,-0.0008609466602429,0.0032934422333184,-0.0006101237883487,0.0079524541872272,0.004781070305633402,0.00617129150232136
2025-12-08,60.400390625,13.27978515625,0.410003662109375,0.0,15.40999984741211,0.0299999999999993,0.0,-284.0,0.0737399999999999,0.0,-0.1399999999999996,0.0,0.0089872623583671,-0.0008609466602429,0.0032934422333184,-0.0006101237883487,0.0037211013078716757,0.006077141770114926
2025-12-09,28.599609375,-23.89013671875,-1.2000007629394531,0.0999984741211079,16.65999984741211,0.0300000000000002,0.0,247.13,-0.06773,0.0,0.0,0.0,-0.0061627313587036,0.0089872623583671,-0.0008609466602429,0.0032934422333184,0.004625188172610185,0.00628970609398023
2025-12-10,3.0,-6.0,-0.6300010681152344,0.1300048828125,16.93000030517578,0.0099999999999997,0.0,100.74,0.0067099999999999,0.0,0.0,0.0,0.0050403216250738,-0.0061627313587036,0.0089872623583671,-0.0008609466602429,0.005621201902913051,0.006457974860480916
2025-12-11,-24.0,46.17041015625,0.2099990844726562,-0.4300003051757812,15.770000457763672,-0.0499999999999998,0.0,-247.38,-0.0051199999999997,0.0,0.0,0.0,-0.0092882719235374,0.0050403216250738,-0.0061627313587036,0.0089872623583671,0.00579948056933649,0.0064984434775938104
2025-12-12,-23.0,14.31982421875,-0.8600006103515696,-0.44000244140625,14.850000381469728,0.0099999999999997,-0.25,187.85,-0.0170199999999995,0.0,0.0,0.0,0.0046314096273196,-0.0092882719235374,0.0050403216250738,-0.0061627313587036,0.007584928204871926,0.006915985929776311
2025-12-15,10.0,-73.58984375,-0.1599998474121093,0.0500030517578125,15.739999771118164,0.0500000000000007,0.0,-169.19000000000003,0.0152599999999996,0.0,0.0,0.0,-0.0012520871868408,0.0046314096273196,-0.0092882719235374,0.0050403216250738,0.007902826941257855,0.006939393162258249
2025-12-16,-25.900390625,-10.900390625,-0.6199989318847585,-0.25,16.5,-0.0100000000000006,0.0,-100.28,0.0087299999999999,0.0,0.0,0.0,0.0042462411281102,-0.0012520871868408,0.0046314096273196,-0.0092882719235374,0.006379376344556845,0.006908081595645216
2025-12-17,22.701171875,-16.25,-1.5499992370605469,0.0,16.479999542236328,-0.0299999999999993,0.0,3.960000000000008,0.0257100000000001,0.0,0.0,0.0,-0.0010509240138476,0.0042462411281102,-0.0012520871868408,0.0046314096273196,0.006132769038264607,0.0066749568108982705
2025-12-18,-1.201171875,-78.82958984375,0.6699981689453054,0.2200012207031392,17.6200008392334,0.0099999999999997,0.0,-28.069999999999997,0.0368500000000002,0.0,0.0,0.0,-0.006839872537298,-0.0010509240138476,0.0042462411281102,-0.0012520871868408,0.005633647079365926,0.006655173832356197
2025-12-19,12.400390625,53.32958984375,0.2100028991699289,0.0599975585937357,16.8700008392334,-0.04,0.0,119.54000000000002,0.0276899999999997,0.0,0.0,0.0,-0.0010035592501157,-0.006839872537298,-0.0010509240138476,0.0042462411281102,0.004714935553109168,0.006916667507848675
2025-12-22,28.19921875,59.740234375,0.5099983215332031,0.1699981689453125,14.90999984741211,0.04,0.0,-36.81,-0.0156299999999998,0.0,0.0,0.0,0.0042065711336811,-0.0010035592501157,-0.006839872537298,-0.0010509240138476,0.003922092503423151,0.006921843538433896
2025-12-23,-6.69921875,43.990234375,1.3499984741210938,-0.30999755859375,14.079999923706056,0.0099999999999997,0.0,-75.02000000000001,0.02008,0.0,0.0,0.0,-0.0070875868507023,0.0042065711336811,-0.0010035592501157,-0.006839872537298,0.00459843019570759,0.005682036107638531
2025-12-24,77.900390625,31.2998046875,0.3700027465820312,-0.3499984741211079,14.0,0.0099999999999997,0.0,25.77000000000001,-0.0442800000000005,0.0,0.0,0.0,-0.0054747474404783,-0.0070875868507023,0.0042065711336811,-0.0010035592501157,0.004719445994184823,0.005770967471334576
2025-12-29,-21.400390625,22.259765625,-0.0300025939941477,0.0400009155273579,13.470000267028809,-0.0299999999999993,0.0,-60.32000000000002,0.1004100000000001,0.0,0.0,0.0,0.0123786580064468,-0.0054747474404783,-0.0070875868507023,0.0042065711336811,0.004827271271854999,0.005500269207026293
2025-12-30,6.099609375,-26.3095703125,-0.2699966430663991,0.05999755859375,14.199999809265137,-0.0300000000000002,0.0,241.69000000000003,-0.1014299999999996,0.0,0.0,0.0,0.0003102870925981,0.0123786580064468,-0.0054747474404783,-0.0070875868507023,0.007910705014778682,0.005987836230632797
2026-01-02,28.900390625,-9.5,-0.1300010681152343,0.1999969482421733,14.329999923706056,0.0199999999999995,0.0,-139.92000000000002,-0.0251000000000001,0.0,0.0,0.0,0.0116348481606916,0.0003102870925981,0.0123786580064468,-0.0054747474404783,0.00786565551271294,0.005875476103134615
2026-01-05,-102.0,-37.77001953125,-0.6300010681152344,0.1800003051758096,14.510000228881836,0.0500000000000007,0.0,-8.879999999999995,-0.1166400000000003,0.0,0.0,0.0,0.0126153239393827,0.0116348481606916,0.0003102870925981,0.0123786580064468,0.009236307532399212,0.006306241436916153
2026-01-06,15.0,43.57958984375,1.0,-0.1500015258789204,14.899999618530272,-0.0200000000000004,0.0,242.91000000000005,-0.0941299999999998,0.0,0.1999999999999997,0.0,0.0083650015085701,0.0126153239393827,0.0116348481606916,0.0003102870925981,0.008363837166839772,0.006647811185533694
2026-01-07,44.19921875,42.77001953125,-1.1899986267089844,0.310005187988267,14.75,0.0099999999999997,0.0,-288.48,-0.0603499999999996,0.0,0.0,0.0,0.0012533659285562,0.0083650015085701,0.0126153239393827,0.0116348481606916,0.005179868671129903,0.006807018849713288
2026-01-08,14.80078125,-23.8896484375,-1.1399993896484375,0.0999984741211079,15.380000114440918,-0.0299999999999993,0.0,2.3400000000000034,-0.0340899999999999,0.0,0.0,0.0,-0.0021647983654793,0.0012533659285562,0.0083650015085701,0.0126153239393827,0.005755825447514493,0.006799285713473313
2026-01-09,11.0,0.52978515625,1.7699966430664062,0.25,15.449999809265137,0.04,0.0,221.04,-0.0042300000000001,0.0,0.0,0.0,0.0012633593936352,-0.0021647983654793,0.0012533659285562,0.0083650015085701,0.006513854030327181,0.006831633919672273
2026-01-12,52.69921875,44.81982421875,1.3600006103515625,0.1999969482421733,14.489999771118164,-0.0100000000000006,0.0,-243.36,-0.0223599999999999,0.0,0.0,0.0,-0.0058391792235202,0.0012633593936352,-0.0021647983654793,0.0012533659285562,0.006040695425077505,0.006610799013374085
2026-01-13,21.0,10.990234375,0.3800010681152344,-0.269996643066392,15.119999885559082,0.0100000000000006,0.0,50.370000000000005,-0.0141499999999998,0.0,0.0,0.0,0.00713062939471,-0.0058391792235202,0.0012633593936352,-0.0021647983654793,0.005250388823092315,0.006591993403011687
2026-01-14,32.701171875,-13.52978515625,1.6500015258789062,0.269996643066392,15.979999542236328,-0.0100000000000006,0.0,75.83999999999997,-0.0047700000000001,0.0,0.0,0.0,0.0093746063316977,0.00713062939471,-0.0058391792235202,0.0012633593936352,0.0048024761051910295,0.00667056597357179
2026-01-15,-18.599609375,-37.14013671875,0.8699989318847656,0.0,16.75,-0.0299999999999993,0.0,11.560000000000002,-0.0100899999999999,0.0,0.0,0.0,0.0047296629717075,0.0093746063316977,0.00713062939471,-0.0058391792235202,0.006325306539183584,0.006396166181076439
2026-01-19,4.298828125,17.8701171875,-2.8300018310546946,0.1900024414062642,15.84000015258789,0.0199999999999995,0.0,40.83000000000004,-0.0203999999999999,0.0,0.0,0.0,0.0064216707143743,0.0047296629717075,0.0093746063316977,0.00713062939471,0.005943188127580239,0.0063980603536595996
2026-01-20,31.5,-4.46044921875,0.25,0.0699996948242187,15.859999656677246,0.0700000000000002,0.0,-54.82000000000005,-0.02698,0.0,0.0,0.0,9.05542460377013e-05,0.0064216707143743,0.0047296629717075,0.0093746063316977,0.005942074492583485,0.006401415097764324
2026-01-21,62.400390625,-143.14990234375,0.9000015258789134,-0.75,20.09000015258789,0.0599999999999996,0.0,5.150000000000034,-0.0257200000000001,0.0,0.0,0.0,-0.0137086643583076,9.05542460377013e-05,0.0064216707143743,0.0047296629717075,0.0034772227364650316,0.006416812548129761
2026-01-22,21.099609375,78.76025390625,0.279998779296875,0.1200027465820454,16.899999618530273,-0.04,0.0,181.08,-0.0160899999999997,0.0,0.0,0.0,-0.0020161037952423,-0.0137086643583076,9.05542460377013e-05,0.0064216707143743,0.009081338918678478,0.0073442863277503444
2026-01-23,-63.099609375,37.72998046875,-1.2599983215332031,-0.4000015258789204,15.640000343322754,0.0,0.0,-66.89999999999998,-0.0150200000000002,0.0,0.0,0.0,-0.0045892528984451,-0.0020161037952423,-0.0137086643583076,9.05542460377013e-05,0.007930773553810081,0.007118490473815936
2026-01-26,-77.0,2.259765625,1.7099990844726562,-0.7600021362304688,16.09000015258789,-0.0199999999999995,0.0,-165.91000000000005,0.0287600000000001,0.0,0.0,0.0,0.002713797528107,-0.0045892528984451,-0.0020161037952423,-0.0137086643583076,0.007351896607889873,0.0072454285679656475
2026-01-27,-50.0,34.6201171875,-0.4399986267089844,-0.55999755859375,16.149999618530273,-0.0200000000000004,0.0,-19.079999999999984,0.0112899999999998,0.0,0.0,0.0,0.0005454002305701,0.002713797528107,-0.0045892528984451,-0.0020161037952423,0.006306912648414155,0.007228570979113478
2026-01-28,-36.0,28.3701171875,1.7599983215332031,-0.8199996948242188,16.350000381469727,0.0200000000000004,0.0,113.06,0.0055,0.0,0.0,0.0,-0.0762965075072996,0.0005454002305701,0.002713797528107,-0.0045892528984451,0.006374601048097352,0.0069259029968468805
2026-01-29,-59.30078125,-0.5703125,0.8199996948242188,0.2299957275390767,16.350000381469727,0.0199999999999995,0.0,-58.610000000000014,0.0305300000000001,0.0,0.0,0.0,-0.0106753658730534,-0.0762965075072996,0.0005454002305701,0.002713797528107,0.033857621997555286,0.018877352501351287
2026-01-30,48.1015625,-9.02001953125,2.209999084472656,-0.1699981689453267,16.8799991607666,-0.0199999999999995,0.0,-95.0,0.0447599999999996,0.0,0.0,0.0,0.0117625363260496,-0.0106753658730534,-0.0762965075072996,0.0005454002305701,0.0331828185167468,0.018701874345334463
2026-02-02,55.5,-29.97998046875,-0.2099990844726562,0.709999084472642,17.440000534057617,0.0199999999999995,0.0,-37.47999999999999,0.07789,0.0,0.0,0.0,-0.0500802454046519,0.0117625363260496,-0.0106753658730534,-0.0762965075072996,0.03551681082480405,0.01896406519636751
2026-02-03,-19.900390625,37.41015625,-3.0699996948242188,0.6200027465820455,16.34000015258789,0.0300000000000002,0.0,-15.070000000000022,-0.0011799999999997,0.0,0.0,0.0,0.0249139871077329,-0.0500802454046519,0.0117625363260496,-0.0106753658730534,0.036978317959287174,0.021502210389252863
2026-02-04,0.0,-58.6298828125,1.0699996948242188,-0.1699981689453267,18.0,-0.0099999999999997,0.0,125.21000000000004,-0.05553,0.0,0.0,0.0,0.0029650477738677,0.0249139871077329,-0.0500802454046519,0.0117625363260496,0.04238856998097655,0.022195825127796425
2026-02-05,0.599609375,-35.08984375,1.9300003051757808,0.1800003051758096,18.63999938964844,0.0099999999999997,0.0,-18.24000000000001,0.0546899999999999,0.0,0.0,0.0,-0.0052721747108543,0.0029650477738677,0.0249139871077329,-0.0500802454046519,0.02872581331061388,0.02206560087667215
2026-02-06,41.0,-84.3203125,-1.8499984741210935,0.1999969482421733,21.770000457763672,-0.08,0.0,-12.009999999999993,0.0531200000000002,0.0,0.6299999999999999,0.0,-0.0210267342367997,-0.0052721747108543,0.0029650477738677,0.0249139871077329,0.02852330702258272,0.022022537249874
2026-02-09,79.900390625,133.89990234375,0.2599983215332031,-0.1900024414062642,20.3700008392334,0.0099999999999997,0.0,-115.18000000000004,-0.0261300000000002,0.0,0.0,0.0,0.0121017883621328,-0.0210267342367997,-0.0052721747108543,0.0029650477738677,0.028004447427185535,0.022299720916661322
2026-02-10,-36.400390625,32.52001953125,0.8100013732910156,-0.8099975585937358,17.360000610351562,0.0,0.0,45.73000000000002,-0.0001299999999999,0.0,0.0,0.3499999999999996,0.0123567728975696,0.0121017883621328,-0.0210267342367997,-0.0052721747108543,0.017381254029508162,0.02261195473926827
2026-02-11,-47.5,-23.009765625,-0.4000015258789062,-0.0199966430664204,17.790000915527344,-0.0599999999999996,0.0,-16.03,-0.01783,0.0,0.0,0.0,0.0193918152297974,0.0123567728975696,0.0121017883621328,-0.0210267342367997,0.01394274914691687,0.02295418629044465
2026-02-12,-18.0,-0.33984375,0.6699981689453125,0.029998779296875,17.649999618530273,0.0199999999999995,0.0,45.78999999999999,0.0132400000000001,0.0,0.0,0.0,-0.003094199954774,0.0193918152297974,0.0123567728975696,0.0121017883621328,0.016458236480428635,0.02343778081852428
2026-02-13,15.900390625,-108.71044921875,-1.789997100830078,0.0999984741211079,20.81999969482422,-0.0899999999999998,0.0,186.63,0.0072499999999999,0.0,0.0,0.0,-0.0064427085848544,-0.003094199954774,0.0193918152297974,0.0123567728975696,0.016194389948823742,0.023233421181160466
2026-02-18,15.099609375,3.41015625,0.0499992370605468,-0.0500030517578267,20.600000381469727,-0.0499999999999998,0.0,-100.95000000000005,0.0669299999999997,0.0,0.0,0.0,0.0118573142533225,-0.0064427085848544,-0.003094199954774,0.0193918152297974,0.011076838071294018,0.02313549347654127
2026-02-19,31.0,45.14013671875,2.3000030517578125,0.8199996948242472,19.6200008392334,0.0499999999999998,0.0,-98.92999999999998,-0.0312799999999997,0.0,0.0,0.0,-0.0043590080309742,0.0118573142533225,-0.0064427085848544,-0.003094199954774,0.011048433538875373,0.023307976834895505
2026-02-20,75.30078125,-19.419921875,1.2399978637695312,0.2300033569335795,20.229999542236328,-0.0099999999999997,0.0,255.39,0.0442499999999999,0.0,0.0,0.0,-0.0002797624138913,-0.0043590080309742,0.0118573142533225,-0.0064427085848544,0.011472740712388563,0.023280810989351274
2026-02-23,-28.1015625,47.61962890625,-0.0400009155273437,-0.1299972534179829,19.09000015258789,0.0,0.0,-20.360000000000014,0.0213200000000002,0.0,0.0,0.0,0.0149170702985827,-0.0002797624138913,-0.0043590080309742,0.0118573142533225,0.007240212766012123,0.023208373504554826
2026-02-24,-43.798828125,-71.759765625,-0.0800018310546875,-0.1000061035155965,21.01000022888184,-0.0499999999999998,0.0,222.01000000000005,0.1057599999999996,0.0,0.0,0.0,-0.0138216040430538,0.0149170702985827,-0.0002797624138913,-0.0043590080309742,0.009675344215852677,0.02360071331817593
2026-02-25,-39.099609375,52.31982421875,-0.6800003051757812,0.1800003051757528,19.549999237060547,0.0099999999999997,0.0,-22.950000000000045,0.0164699999999999,0.0,0.0,0.0,0.0049865012581736,-0.0138216040430538,0.0149170702985827,-0.0002797624138913,0.011825885709655905,0.023714606093305356
2026-02-26,12.5,56.06005859375,-0.2099990844726562,-0.1800003051757528,17.93000030517578,0.0099999999999997,0.0,-303.23,0.0581200000000006,0.0,0.0,0.0,-0.0105049250097269,0.0049865012581736,-0.0138216040430538,0.0149170702985827,0.010689756473839906,0.023753334782082462
2026-02-27,-67.0,-37.27001953125,-0.2099990844726562,0.090003967285142,18.6299991607666,-0.0300000000000002,0.0,-50.18000000000001,0.0022899999999994,0.0,0.0,0.0,2.715515107593395e-05,-0.0105049250097269,0.0049865012581736,-0.0138216040430538,0.011666506771218768,0.023775996922453704
2026-03-02,-0.80078125,-29.97998046875,1.80999755859375,-0.1800003051757812,19.86000061035156,-0.0499999999999993,0.0,1.0600000000000025,0.0721499999999997,0.0,0.0,0.0,-0.0269088424609645,2.715515107593395e-05,-0.0105049250097269,0.0049865012581736,0.01167165895047304,0.016684703296611467
2026-03-03,46.0,2.740234375,4.210006713867188,0.769996643066392,21.440000534057617,0.0799999999999996,0.0,120.14000000000004,-0.0284599999999999,0.0,0.0,0.0,-0.0096595160277016,-0.0269088424609645,2.715515107593395e-05,-0.0105049250097269,0.012480510137126971,0.01757610596146676
2026-03-04,68.0,-64.990234375,3.329994201660156,0.6700057983398438,23.56999969482422,0.0099999999999997,0.0,104.32999999999998,0.0177500000000003,0.0,0.0,0.0,-0.0467581561674791,-0.0096595160277016,-0.0269088424609645,2.715515107593395e-05,0.012235286959884201,0.017388265800462196
2026-03-05,35.099609375,52.8701171875,0.100006103515625,-0.280006408691392,21.14999961853028,0.0300000000000002,0.0,-314.31,-0.0289700000000001,0.0,0.0,0.0,0.0174620642518901,-0.0467581561674791,-0.0096595160277016,-0.0269088424609645,0.018399882125005877,0.01691830193248401
2026-03-06,-33.099609375,-38.7900390625,6.349998474121094,0.5500030517578125,23.75,0.04,0.0,157.61,-0.0117799999999999,0.0,1.21,0.0,-0.0163246653962408,0.0174620642518901,-0.0467581561674791,-0.0096595160277016,0.024706941113527708,0.016361937667448728
2026-03-09,48.099609375,-90.68994140625,9.889999389648438,-0.3300018310547017,29.489999771118164,0.0200000000000004,0.0,78.76999999999998,-0.1616499999999998,0.0,0.0,0.0,-0.0332828330760491,-0.0163246653962408,0.0174620642518901,-0.0467581561674791,0.02358031730958941,0.01658347198575771
2026-03-10,10.599609375,55.97021484375,3.8699951171875,0.1900024414062642,25.5,-0.0300000000000002,0.0,13.050000000000011,0.1866099999999999,0.0,0.0,0.0,0.014013217251115,-0.0332828330760491,-0.0163246653962408,0.0174620642518901,0.024444385962224577,0.01786805365791686
2026-03-11,-37.69921875,-14.51025390625,-11.31999969482422,-0.3499984741211079,24.93000030517578,0.0300000000000002,0.0,-191.3,-0.0807400000000004,0.0,0.0,0.0,-0.0069471724265699,0.014013217251115,-0.0332828330760491,-0.0163246653962408,0.028371238457935388,0.01792836903637786
2026-03-12,-34.0,-5.68017578125,3.800003051757813,0.4000015258789204,24.229999542236328,0.0599999999999996,0.0,132.32,-0.0953099999999995,0.0,0.0,0.0,-0.0036988427733378,-0.0069471724265699,0.014013217251115,-0.0332828330760491,0.021201436706990904,0.017574264927725663
2026-03-13,32.0,-103.1796875,8.480003356933594,0.5099945068359233,27.290000915527344,0.0599999999999996,0.0,-57.870000000000005,-0.0077699999999998,0.0,0.0,0.0,-0.0310253408547299,-0.0036988427733378,-0.0069471724265699,0.014013217251115,0.01735600454856161,0.017141033224464433
2026-03-16,24.0,-40.43017578125,2.9799957275390625,0.6200027465820455,27.190000534057617,0.0100000000000006,0.0,87.47000000000003,-0.0128900000000005,0.0,0.0,0.0,-0.0162331087654222,-0.0310253408547299,-0.0036988427733378,-0.0069471724265699,0.019911512011323265,0.017076664626616223
2026-03-17,44.099609375,67.18994140625,-5.209999084472656,-0.6500015258789062,23.51000022888184,-0.0499999999999998,0.0,-207.31,0.1461000000000005,0.0,0.0,0.0,0.0119684380793411,-0.0162331087654222,-0.0310253408547299,-0.0036988427733378,0.01657643035324426,0.017151133492260807
2026-03-25,1.0,16.7099609375,2.709999084472656,-0.1299972534179829,22.3700008392334,-0.0300000000000002,0.0,82.15999999999997,0.56623,0.0,0.0,0.0,0.0271073255589153,0.0119684380793411,-0.0162331087654222,-0.0310253408547299,0.015884347936276622,0.017731808193210238
2026-03-26,-155.798828125,-124.18994140625,-5.8899993896484375,0.0199966430664204,25.32999992370605,0.1299999999999999,0.0,-51.45999999999998,-0.7079500000000003,0.0,0.0,0.0,-0.0190837053004112,0.0271073255589153,0.0119684380793411,-0.0162331087654222,0.022855981148858104,0.01888605578456018
2026-03-27,-47.701171875,-114.73974609375,4.160003662109375,0.3000030517578125,27.440000534057617,0.0899999999999998,0.0,236.02,0.0036300000000002,0.0,0.0,0.0,-0.0094009522004312,-0.0190837053004112,0.0271073255589153,0.0119684380793411,0.024081283155384457,0.01908554460163445
2026-03-30,175.400390625,-108.31005859375,5.159996032714844,0.25,31.049999237060547,0.0200000000000004,0.0,-208.19,-0.1054500000000002,0.0,0.0,0.0,-0.0007593644265394,-0.0094009522004312,-0.0190837053004112,0.0271073255589153,0.019923376350049926,0.019020286041199593
2026-03-31,33.0,-25.1298828125,3.239997863769517,0.3600006103515767,30.61000061035156,-0.0900000000000007,0.0,80.28000000000003,-0.0010499999999997,0.0,0.0,0.0,-0.0061454345434528,-0.0007593644265394,-0.0094009522004312,-0.0190837053004112,0.01810980621515731,0.01835227192493861
2026-04-01,17.400390625,184.7998046875,-1.5,-0.5500030517578267,25.25,-0.0499999999999998,0.0,1.5199999999999818,-0.0656700000000003,0.0,0.0,0.0,0.0191418860632735,-0.0061454345434528,-0.0007593644265394,-0.0094009522004312,0.01740687415072332,0.018314077167472423
2026-04-02,-39.0,46.7998046875,-1.259994506835909,-0.30999755859375,24.540000915527344,0.0300000000000002,0.0,-23.659999999999968,0.1494300000000001,0.0,0.0,0.0,-0.0221884155545464,0.0191418860632735,-0.0061454345434528,-0.0007593644265394,0.014182064408589315,0.01910135103798338
2026-04-06,-12.30078125,7.3701171875,11.419998168945298,0.3799972534179687,23.8700008392334,-0.0200000000000004,0.0,-91.25,0.1092400000000002,0.0,0.0,0.0,-0.0053304765091113,-0.0221884155545464,0.0191418860632735,-0.0061454345434528,0.015087713013025828,0.019379527343956073
2026-04-07,63.900390625,29.14013671875,0.8700027465820312,-0.0499954223632812,24.170000076293945,0.0300000000000002,0.0,-12.620000000000031,0.0115199999999999,0.0,-1.2799999999999998,0.0,-0.0026358653136368,-0.0053304765091113,-0.0221884155545464,0.0191418860632735,0.01482217809672721,0.01930054531593652
2026-04-08,27.30078125,5.02001953125,0.5399932861328267,-0.3400039672851562,25.780000686645508,-0.0099999999999997,0.0,-12.98999999999998,-0.0292700000000003,0.0,0.0,0.0,0.0432596613601091,-0.0026358653136368,-0.0053304765091113,-0.0221884155545464,0.014773153238176167,0.0188195317043409
2026-04-09,12.099609375,165.9599609375,-18.539993286132827,-0.510002136230483,21.040000915527344,-0.04,0.0,2.6499999999999773,0.0325500000000005,0.0,0.0,0.0,0.003891178709714,0.0432596613601091,-0.0026358653136368,-0.0053304765091113,0.025285996915202,0.021893401916867096
2026-04-10,-21.900390625,41.85009765625,3.4599990844726705,-0.3099975585937358,19.489999771118164,0.0,0.0,48.04000000000002,0.0234999999999994,0.0,0.0,0.0,0.0204404188580241,0.003891178709714,0.0432596613601091,-0.0026358653136368,0.02427165918283632,0.019530808576333127
2026-04-13,53.5,-7.77001953125,-1.3000030517578267,-0.1699981689453125,19.229999542236328,0.0199999999999995,0.0,-26.970000000000027,-0.0287999999999994,0.0,0.0,0.0,0.0055741572468311,0.0204404188580241,0.003891178709714,0.0432596613601091,0.02017849048889403,0.0196961471428583
2026-04-14,24.0,69.35009765625,2.5100021362304545,-0.2799987792968608,19.1200008392334,-0.0099999999999997,0.0,116.52000000000004,0.0648999999999997,0.0,0.0,0.0,0.0231642618561217,0.0055741572468311,0.0204404188580241,0.003891178709714,0.018354058147080847,0.019445204116710604
2026-04-15,-3.80078125,81.1396484375,-7.800003051757798,-0.25,18.36000061035156,-0.04,0.0,29.0,0.0409399999999999,0.0,0.0,0.0,-0.0068453625076769,0.0231642618561217,0.0055741572468311,0.0204404188580241,0.015938343532826506,0.018521267570167
2026-04-16,49.80078125,55.5703125,0.0100021362304687,-0.0600051879882812,18.170000076293945,0.0300000000000002,0.0,-135.79000000000002,-0.2440000000000002,0.0,0.0,0.0,-0.0002891579189426,-0.0068453625076769,0.0231642618561217,0.0055741572468311,0.012451119513493874,0.018411297096199583
2026-04-17,17.099609375,18.32958984375,3.400001525878892,0.1600036621093608,17.940000534057617,0.0300000000000002,0.0,-13.490000000000007,0.0794999999999999,0.0,0.0,0.0,0.0016547694572947,-0.0002891579189426,-0.0068453625076769,0.0231642618561217,0.013027496423147296,0.01831593702197964
2026-04-20,-23.099609375,84.7802734375,-10.840003967285142,-0.1200027465820312,17.479999542236328,-0.0600000000000005,0.0,3.730000000000018,-0.1466099999999994,0.0,0.0,0.0,-0.0052394085980331,0.0016547694572947,-0.0002891579189426,-0.0068453625076769,0.011282087459793476,0.01827433127126154
2026-04-21,10.0,-16.919921875,5.760002136230469,-0.0499954223632954,18.8700008392334,0.0,0.0,63.349999999999966,0.1533099999999998,0.0,0.0,0.0,-0.0045838966718766,-0.0052394085980331,0.0016547694572947,-0.0002891579189426,0.01206999562676961,0.016675216304539928
2026-04-22,-9.19921875,-45.13037109375,2.519996643066392,0.3600006103515767,19.5,0.04,0.0,-132.23999999999998,0.0234399999999999,0.0,0.0,0.0,-0.002353232815391,-0.0045838966718766,-0.0052394085980331,0.0016547694572947,0.0035814685264476762,0.016159765945099984
2026-04-23,9.298828125,73.89013671875,0.8300018310547017,0.17999267578125,18.920000076293945,0.0,0.0,10.97,0.0005600000000001,0.0,0.0,0.0,-0.0218512018704093,-0.002353232815391,-0.0045838966718766,-0.0052394085980331,0.0028917063966279826,0.0160905532131889
2026-04-24,66.400390625,-29.5,2.889999389648437,0.2100067138671733,19.309999465942383,0.04,0.0,246.77,0.0409800000000002,0.0,0.0,0.0,-0.0343449900681473,-0.0218512018704093,-0.002353232815391,-0.0045838966718766,0.00900850510904749,0.015948504372852165
2026-04-27,129.5,56.68017578125,-1.4499969482421875,-0.2900009155273153,18.709999084472656,-0.0300000000000002,0.0,-204.23,0.10257,0.0,0.0,0.0,-0.0032270607239286,-0.0343449900681473,-0.0218512018704093,-0.002353232815391,0.01392918285128814,0.017248017858766937
2026-04-28,-83.0,8.830078125,1.9700012207031392,-0.0299987792968892,18.020000457763672,0.04,0.0,86.1,0.1039599999999998,0.0,0.0,0.0,-0.004813908899376,-0.0032270607239286,-0.0343449900681473,-0.0218512018704093,0.014259006245598494,0.017130317071517107
2026-04-29,-30.0,-35.1103515625,3.559997558593736,0.1399993896484517,17.829999923706055,0.0100000000000006,0.0,50.400000000000034,0.0877999999999996,0.0,0.0,0.0,0.0040686892814904,-0.004813908899376,-0.0032270607239286,-0.0343449900681473,0.014224297748832517,0.017164563969098434
2026-04-30,28.0,-2.849609375,6.949996948242173,0.2999954223632812,18.809999465942383,0.0599999999999996,0.0,-105.72000000000004,0.2105500000000004,0.0,0.0,0.0,-0.0205472535302866,0.0040686892814904,-0.004813908899376,-0.0032270607239286,0.015677581341907425,0.017128269467124296
2026-05-04,90.19921875,73.0595703125,-1.809997558593736,-0.8399963378906534,16.889999389648438,-0.0199999999999995,0.0,104.32999999999998,0.2195,0.0,0.0,0.0,0.0021752021952469,-0.0205472535302866,0.0040686892814904,-0.004813908899376,0.015483082759526066,0.017138639635913788
2026-05-05,-45.69921875,-8.259765625,1.349998474121108,0.3899993896484517,18.290000915527344,0.0499999999999998,0.0,-19.69999999999999,-0.1435500000000003,0.0,0.0,0.0,0.0121396420508255,0.0021752021952469,-0.0205472535302866,0.0040686892814904,0.00971093678395344,0.016451038359011422
2026-05-06,57.69921875,58.47021484375,-4.1500015258789205,0.0100021362304687,17.3799991607666,-0.0200000000000004,0.0,162.58999999999995,-0.2483199999999996,0.0,-1.06,0.0,0.0049981598841081,0.0121396420508255,0.0021752021952469,-0.0205472535302866,0.012291079404307577,0.016637747905764173
2026-05-07,43.6015625,105.89990234375,-7.189994812011733,-0.4600067138671875,17.389999389648438,-0.0699999999999994,0.0,-258.42,-0.3611600000000008,0.0,0.0,0.0,0.0114748890046946,0.0049981598841081,0.0121396420508255,0.0021752021952469,0.012391741868664376,0.016650022466428948
2026-05-08,-92.900390625,-28.01025390625,-0.2700042724609091,0.2300033569335937,17.079999923706055,0.0499999999999998,-0.0100000000000002,47.31,0.01471,0.0,0.0,0.0,-0.0289795318978046,0.0114748890046946,0.0049981598841081,0.0121396420508255,0.013322655341046017,0.01363412384299359
2026-05-11,-2.0,61.8203125,0.6100006103515625,-0.410003662109375,17.190000534057617,-0.0300000000000002,0.0,-51.910000000000025,0.0445300000000008,0.0,0.0,0.0,-0.0091929735476487,-0.0289795318978046,0.0114748890046946,0.0049981598841081,0.01694045696367628,0.014964583184998244
2026-05-12,63.099609375,13.90966796875,2.650001525878892,0.1000061035156107,18.3799991607666,0.04,0.0,55.27000000000004,0.0664999999999995,0.0,0.0,0.2200000000000006,-0.006788667398115,-0.0091929735476487,-0.0289795318978046,0.0114748890046946,0.01739304178404273,0.014024812798681256
2026-05-13,55.0,-11.8798828125,4.1100006103515625,0.3499984741211079,17.989999771118164,0.04,0.0,-25.420000000000016,-0.0404900000000001,0.0,0.0,0.0,-0.0199648684016192,-0.006788667398115,-0.0091929735476487,-0.0289795318978046,0.015530213096659553,0.0138590055293821
2026-05-18,136.0,43.2900390625,-1.160003662109375,0.19000244140625,17.8700008392334,0.0,0.0,-58.59,0.8928900000000004,0.0,0.0,0.0,-0.0186275276055183,-0.0199648684016192,-0.006788667398115,-0.0091929735476487,0.015241997486407722,0.012634295181339168
2026-05-19,37.0,-41.2001953125,7.640007019042969,0.4899978637695312,17.81999969482422,0.1500000000000003,0.0,86.44000000000003,-0.5379100000000001,0.0,0.0,0.0,-0.0352484378210491,-0.0186275276055183,-0.0199648684016192,-0.006788667398115,0.008940791605840416,0.012916619331690384
2026-05-20,115.0,-49.43994140625,-0.8900070190429688,0.3300018310546733,18.059999465942383,0.0599999999999996,-0.0099999999999997,79.02999999999997,0.0613399999999995,0.0,0.0,0.0,-0.0082242503645887,-0.0352484378210491,-0.0186275276055183,-0.0199648684016192,0.011236263798515228,0.014228895081765943
2026-05-21,76.0,79.3603515625,-9.509994506835923,-0.1900024414062358,17.440000534057617,-0.0999999999999996,0.0,21.19999999999999,0.54453,0.5,0.0,0.0,-0.0360227688547513,-0.0082242503645887,-0.0352484378210491,-0.0186275276055183,0.011431968209359484,0.014010719413797825
2026-05-22,-118.599609375,12.75,-1.9100036621093888,0.0800018310546732,16.760000228881836,0.0,0.0,-197.16,0.1545700000000005,0.0,0.0,0.0,0.0109496209313011,-0.0360227688547513,-0.0082242503645887,-0.0352484378210491,0.011878163645531611,0.015166280112066234
2026-05-25,33.599609375,27.75,0.25,0.1299972534179829,16.700000762939453,-0.0100000000000006,0.0,79.87000000000003,-0.09783,0.0,0.0,0.0,0.0071641295638721,0.0109496209313011,-0.0360227688547513,-0.0082242503645887,0.019715288825023394,0.01589227942009678
2026-05-26,0.0,0.0,0.0,0.0,16.59000015258789,0.0,0.0,11.0,0.1025400000000003,0.0,0.0,0.0,-0.0123470848414302,0.0071641295638721,0.0109496209313011,-0.0360227688547513,0.02250225938718808,0.01627801341914983
2026-05-29,70.0,45.64990234375,-2.709999084472656,-0.150001525878892,17.010000228881836,-0.0599999999999996,0.0,-129.8,0.0058699999999998,0.0,0.0,0.0,-0.0004583423789399,-0.0123470848414302,0.0071641295638721,0.0109496209313011,0.018660118588477787,0.0160429685267506
2026-06-02,78.0,60.93994140625,-6.529998779296875,-0.2599945068359517,15.31999969482422,-0.0499999999999998,0.0,162.8,0.2721499999999999,0.0,0.0,0.0,0.0110440075314684,-0.0004583423789399,-0.0123470848414302,0.0071641295638721,0.01892646279202127,0.015011392019290661
2026-06-03,24.0,29.7197265625,6.4000015258789205,0.30999755859375,15.770000457763672,0.0099999999999997,0.0,-129.05,0.0224700000000002,0.0,0.0,0.0,-0.0419228354228497,0.0110440075314684,-0.0004583423789399,-0.0123470848414302,0.00990416440898127,0.015558101872863607
2026-06-04,-6.0,-56.099609375,2.2599945068359237,0.30999755859375,16.059999465942383,0.0300000000000002,0.0,236.64,-0.2398600000000001,0.0,0.0,0.0,-0.0171945568951959,-0.0419228354228497,0.0110440075314684,-0.0004583423789399,0.021311591050797062,0.017404466652650066
2026-06-05,146.19921875,30.6298828125,-2.9799957275390625,-0.1199951171875,15.399999618530272,-0.0200000000000004,0.0,-94.89,-0.1174900000000001,0.0,0.0,0.0,-0.0428626443186878,-0.0171945568951959,-0.0419228354228497,0.0110440075314684,0.019915833215126626,0.017231009270981677
2026-06-08,-48.69921875,-200.56982421875,-2.5,0.6599960327148438,21.51000022888184,0.08,0.0,-133.75,0.08786,0.0,0.6600000000000001,0.0,-0.0462055645925437,-0.0428626443186878,-0.0171945568951959,-0.0419228354228497,0.02419698920835351,0.018630667918842596
2026-06-09,73.5,21.98974609375,0.7600021362304545,-0.0199966430664204,18.920000076293945,0.0099999999999997,0.0,148.51999999999998,0.0294699999999998,0.0,0.0,0.0,0.0729909205267863,-0.0462055645925437,-0.0428626443186878,-0.0171945568951959,0.024422040004776942,0.019939327459737154
2026-06-10,161.30078125,-19.080078125,-3.100006103515611,-0.1399993896484233,19.8700008392334,-0.0299999999999993,0.0,-101.26,0.3420199999999997,0.25,0.0,0.0,0.026738258272935,0.0729909205267863,-0.0462055645925437,-0.0428626443186878,0.05055235867933677,0.02730857111222358
2026-06-11,-159.30078125,-119.65966796875,1.8300018310546875,0.0399932861328267,22.21999931335449,0.0199999999999995,0.0,-90.67,0.2724299999999999,0.0,0.0,0.0,-0.0027728528212202,0.026738258272935,0.0729909205267863,-0.0462055645925437,0.05074910010805898,0.028360745471927375
2026-06-12,-155.099609375,127.3095703125,-2.3199996948242188,-0.0899963378906392,19.440000534057617,-0.0999999999999996,0.0,70.86999999999998,0.04319,0.0,0.0,0.0,0.0204524912516353,-0.0027728528212202,0.026738258272935,0.0729909205267863,0.050025027852862405,0.027991043229653213
2026-06-15,45.099609375,37.16015625,-2.8300018310546875,-0.1100006103515625,17.68000030517578,0.0300000000000002,0.0,-35.869999999999976,0.0079700000000002,0.0,0.0,0.0,0.0403410633564696,0.0204524912516353,-0.0027728528212202,0.026738258272935,0.043559085183418784,0.02839678866119461
2026-06-17,-149.0,122.830078125,-4.129997253417969,-0.1200027465820454,16.200000762939453,-0.0100000000000006,0.0099999999999997,156.98,0.1564500000000004,0.0,0.0,0.0,-0.0054867711133765,0.0403410633564696,0.0204524912516353,-0.0027728528212202,0.027923997178489604,0.030328842078457444
2026-06-18,-42.0,-134.18994140625,-3.959999084472656,0.4599990844726704,18.440000534057617,0.0200000000000004,0.0,-44.70999999999998,0.1500199999999996,0.0,0.0,0.0,-0.0078109132510665,-0.0054867711133765,0.0403410633564696,0.0204524912516353,0.019631719413653655,0.0303260805196878
2026-06-19,161.0,80.47998046875,-0.19000244140625,0.7600021362304688,16.399999618530273,-0.0300000000000002,0.0,91.13,0.2776899999999997,0.25,0.0,0.0,0.0007772500599166,-0.0078109132510665,-0.0054867711133765,0.0403410633564696,0.020883485517806444,0.03012908510017515
2026-06-22,-96.599609375,0.0,0.0,0.0,16.399999618530273,0.0,0.0,133.56999999999994,-0.4519500000000001,0.0,0.0,0.0,-0.0098341542611541,0.0007772500599166,-0.0078109132510665,-0.0054867711133765,0.020441172318889086,0.02995451323413791
2026-06-23,-6.400390625,-27.7900390625,-1.779998779296875,0.1699981689453125,17.280000686645508,0.0499999999999998,0.0,-186.29999999999995,-0.2500399999999994,0.0,0.0,0.0,-0.0025138177828999,-0.0098341542611541,0.0007772500599166,-0.0078109132510665,0.020923243465132507,0.029053611893458103
2026-06-24,74.0,-107.330078125,-1.6100006103515625,0.3900070190429687,19.489999771118164,-0.0099999999999997,0.0,27.899999999999977,-0.2913200000000007,0.0,0.0,0.0,-0.0362907188794179,-0.0025138177828999,-0.0098341542611541,0.0007772500599166,0.004214898686092158,0.029017615652013076
2026-06-25,54.0,-7.23974609375,-2.8700027465820312,0.1999969482421875,18.6299991607666,-0.0899999999999998,0.0,64.07000000000005,0.0247100000000006,0.0,0.0,0.0,0.019382583067723,-0.0362907188794179,-0.0025138177828999,-0.0098341542611541,0.0146780314381842,0.02903432996320765
2026-06-26,74.0,-0.72998046875,1.5800018310546875,-0.1800003051757812,18.88999938964844,-0.0099999999999997,0.0,-190.23,0.08094,0.0,0.0,0.0,-0.0173022912392312,0.019382583067723,-0.0362907188794179,-0.0025138177828999,0.02021216046359538,0.02928876960692869
2026-06-29,5.0,-3.47021484375,-2.6899948120117188,-0.0699996948242187,18.40999984741211,-0.0200000000000004,0.0,-21.06,0.5041899999999995,0.0,0.0,0.0,-0.012860848051802,-0.0173022912392312,0.019382583067723,-0.0362907188794179,0.020381137418637903,0.02942548961153529
